1+1/2しょうこうぐん	1＋1/2症候群	win	名詞
10.04	LucidLynx	win	名詞
1004	LucidLynx	win	名詞
1204	12.04 PrecisePangolin	win	名詞
12ゆうどうしんでんず	12誘導心電図	win	名詞
13とりそみー	13トリソミー	win	名詞
13べーたでぃーぐるかん	（1→3）-β-D-グルカン	win	名詞
14.04	TrustyTahr	win	名詞
1404	14.04LTSTrustyTahr	win	名詞
1404	TrustyTahr	win	名詞
17-OHCS	17-OHCS	win	名詞
18じょうせんしょくたいいじょう	18常染色体異常	win	名詞
18とりそみー	18トリソミー	win	名詞
1p36けっしつしょうこうぐん	1p36欠失症候群	win	名詞
1がたとうにょうびょう	1型糖尿病	win	名詞
1がたとうにょうびょうおうはんしょう	1型糖尿病黄斑症	win	名詞
1がたとうにょうびょうがっぺいにんしん	1型糖尿病合併妊娠	win	名詞
1がたとうにょうびょうせいあしどーしす	1型糖尿病性アシドーシス	win	名詞
1がたとうにょうびょうせいあせとんけっしょう	1型糖尿病性アセトン血症	win	名詞
1がたとうにょうびょうせいいちょうしょう	1型糖尿病性胃腸症	win	名詞
1がたとうにょうびょうせいえそ	1型糖尿病性壊疽	win	名詞
1がたとうにょうびょうせいおうはんふしゅ	1型糖尿病性黄斑浮腫	win	名詞
1がたとうにょうびょうせいかいよう	1型糖尿病性潰瘍	win	名詞
1がたとうにょうびょうせいかんしょうがい	1型糖尿病性肝障害	win	名詞
1がたとうにょうびょうせいかんせつしょう	1型糖尿病性関節症	win	名詞
1がたとうにょうびょうせいがんきんまひ	1型糖尿病性眼筋麻痺	win	名詞
1がたとうにょうびょうせいきんいしゅくしょう	1型糖尿病性筋萎縮症	win	名詞
1がたとうにょうびょうせいけっかんしょうがい	1型糖尿病性血管障害	win	名詞
1がたとうにょうびょうせいけとあしどーしす	1型糖尿病性ケトアシドーシス	win	名詞
1がたとうにょうびょうせいこうこれすてろーるけっしょう	1型糖尿病性高コレステロール血症	win	名詞
1がたとうにょうびょうせいこうさいえん	1型糖尿病性虹彩炎	win	名詞
1がたとうにょうびょうせいこつしょう	1型糖尿病性骨症	win	名詞
1がたとうにょうびょうせいこんすい	1型糖尿病性昏睡	win	名詞
1がたとうにょうびょうせいしんけいいんせいぼうこう	1型糖尿病性神経因性膀胱	win	名詞
1がたとうにょうびょうせいしんけいつう	1型糖尿病性神経痛	win	名詞
1がたとうにょうびょうせいじりつしんけいにゅーろぱちー	1型糖尿病性自律神経ニューロパチー	win	名詞
1がたとうにょうびょうせいじんこうかしょう	1型糖尿病性腎硬化症	win	名詞
1がたとうにょうびょうせいじんしょう	1型糖尿病性腎症	win	名詞
1がたとうにょうびょうせいじんふぜん	1型糖尿病性腎不全	win	名詞
1がたとうにょうびょうせいすいほう	1型糖尿病性水疱	win	名詞
1がたとうにょうびょうせいせいしんしょうがい	1型糖尿病性精神障害	win	名詞
1がたとうにょうびょうせいそうようしょう	1型糖尿病性そう痒症	win	名詞
1がたとうにょうびょうせいたはつにゅーろぱちー	1型糖尿病性多発ニューロパチー	win	名詞
1がたとうにょうびょうせいたんにゅーろぱちー	1型糖尿病性単ニューロパチー	win	名詞
1がたとうにょうびょうせいちゅうしんせいもうまくしょ	1型糖尿病性中心性網膜症	win	名詞
1がたとうにょうびょうせいていけっとうせいこんすい	1型糖尿病性低血糖性昏睡	win	名詞
1がたとうにょうびょうせいどうみゃくこうかしょう	1型糖尿病性動脈硬化症	win	名詞
1がたとうにょうびょうせいどうみゃくへいそくしょう	1型糖尿病性動脈閉塞症	win	名詞
1がたとうにょうびょうせいにゅーろぱちー	1型糖尿病性ニューロパチー	win	名詞
1がたとうにょうびょうせいはくないしょう	1型糖尿病性白内障	win	名詞
1がたとうにょうびょうせいひふしょうがい	1型糖尿病性皮膚障害	win	名詞
1がたとうにょうびょうせいふしゅせいこうかしょう	1型糖尿病性浮腫性硬化症	win	名詞
1がたとうにょうびょうせいまっしょうけっかんしょう	1型糖尿病性末梢血管症	win	名詞
1がたとうにょうびょうせいまっしょうけっかんしょうがい	1型糖尿病性末梢血管障害	win	名詞
1がたとうにょうびょうせいまっしょうしんけいしょうがい	1型糖尿病性末梢神経障害	win	名詞
1がたとうにょうびょうせいもうまくしょう	1型糖尿病性網膜症	win	名詞
1がたにょうさいかんせいあしどーしす	1型尿細管性アシドーシス	win	名詞
1ぐんはんせんびょう	I群ハンセン病	win	名詞
1どねっしょう	1度熱傷	win	名詞
1びょうりつていか	1秒率低下	win	名詞
1びょうりょうていか	1秒量低下	win	名詞
22p11.2けっしつしょうこうぐん	22q11.2欠失症候群	win	名詞
2がたそうきょくせいしょうがい	2型双極性障害	win	名詞
2がたとうにょうびょう	2型糖尿病	win	名詞
2がたとうにょうびょうおうはんしょう	2型糖尿病黄斑症	win	名詞
2がたとうにょうびょうがっぺいにんしん	2型糖尿病合併妊娠	win	名詞
2がたとうにょうびょうせいあしどーしす	2型糖尿病性アシドーシス	win	名詞
2がたとうにょうびょうせいあせとんけっしょう	2型糖尿病性アセトン血症	win	名詞
2がたとうにょうびょうせいいちょうしょう	2型糖尿病性胃腸症	win	名詞
2がたとうにょうびょうせいえそ	2型糖尿病性壊疽	win	名詞
2がたとうにょうびょうせいおうはんふしゅ	2型糖尿病性黄斑浮腫	win	名詞
2がたとうにょうびょうせいかいよう	2型糖尿病性潰瘍	win	名詞
2がたとうにょうびょうせいかんしょうがい	2型糖尿病性肝障害	win	名詞
2がたとうにょうびょうせいかんせつしょう	2型糖尿病性関節症	win	名詞
2がたとうにょうびょうせいがんきんまひ	2型糖尿病性眼筋麻痺	win	名詞
2がたとうにょうびょうせいきんいしゅくしょう	2型糖尿病性筋萎縮症	win	名詞
2がたとうにょうびょうせいけっかんしょうがい	2型糖尿病性血管障害	win	名詞
2がたとうにょうびょうせいけとあしどーしす	2型糖尿病性ケトアシドーシス	win	名詞
2がたとうにょうびょうせいこうこれすてろーるけっしょう	2型糖尿病性高コレステロール血症	win	名詞
2がたとうにょうびょうせいこうさいえん	2型糖尿病性虹彩炎	win	名詞
2がたとうにょうびょうせいこつしょう	2型糖尿病性骨症	win	名詞
2がたとうにょうびょうせいこんすい	2型糖尿病性昏睡	win	名詞
2がたとうにょうびょうせいしんけいいんせいぼうこう	2型糖尿病性神経因性膀胱	win	名詞
2がたとうにょうびょうせいしんけいつう	2型糖尿病性神経痛	win	名詞
2がたとうにょうびょうせいじりつしんけいにゅーろぱちー	2型糖尿病性自律神経ニューロパチー	win	名詞
2がたとうにょうびょうせいじんこうかしょう	2型糖尿病性腎硬化症	win	名詞
2がたとうにょうびょうせいじんしょう	2型糖尿病性腎症	win	名詞
2がたとうにょうびょうせいじんふぜん	2型糖尿病性腎不全	win	名詞
2がたとうにょうびょうせいすいほう	2型糖尿病性水疱	win	名詞
2がたとうにょうびょうせいせいしんしょうがい	2型糖尿病性精神障害	win	名詞
2がたとうにょうびょうせいそうようしょう	2型糖尿病性そう痒症	win	名詞
2がたとうにょうびょうせいたはつにゅーろぱちー	2型糖尿病性多発ニューロパチー	win	名詞
2がたとうにょうびょうせいたんにゅーろぱちー	2型糖尿病性単ニューロパチー	win	名詞
2がたとうにょうびょうせいちゅうしんせいもうまくしょう	2型糖尿病性中心性網膜症	win	名詞
2がたとうにょうびょうせいていけっとうせいこんすい	2型糖尿病性低血糖性昏睡	win	名詞
2がたとうにょうびょうせいどうみゃくこうかしょう	2型糖尿病性動脈硬化症	win	名詞
2がたとうにょうびょうせいどうみゃくへいそくしょう	2型糖尿病性動脈閉塞症	win	名詞
2がたとうにょうびょうせいにゅーろぱちー	2型糖尿病性ニューロパチー	win	名詞
2がたとうにょうびょうせいはくないしょう	2型糖尿病性白内障	win	名詞
2がたとうにょうびょうせいひふしょうがい	2型糖尿病性皮膚障害	win	名詞
2がたとうにょうびょうせいふしゅせいこうかしょう	2型糖尿病性浮腫性硬化症	win	名詞
2がたとうにょうびょうせいまっしょうけっかんしょう	2型糖尿病性末梢血管症	win	名詞
2がたとうにょうびょうせいまっしょうけっかんしょうがい	2型糖尿病性末梢血管障害	win	名詞
2がたとうにょうびょうせいまっしょうしんけいしょうがい	2型糖尿病性末梢神経障害	win	名詞
2がたとうにょうびょうせいみおぱちー	2型糖尿病性ミオパチー	win	名詞
2がたとうにょうびょうせいもうまくしょう	2型糖尿病性網膜症	win	名詞
2がたにょうさいかんせいあしどーしす	2型尿細管性アシドーシス	win	名詞
2どねっしょう	2度熱傷	win	名詞
3-めちるぐるたこんさんにょうしょう	3-メチルグルタコン酸尿症	win	名詞
3どねっしょう	3度熱傷	win	名詞
46XXしんせいはんいんよう	46XX真性半陰陽	win	名詞
4pけっしつしょうこうぐん	4p欠失症候群	win	名詞
4がたこらーげん	4型コラーゲン	win	名詞
4がたこらーげんななえす	4型コラーゲン・7S	win	名詞
4がたにょうさいかんせいあしどーしす	4型尿細管性アシドーシス	win	名詞
4どねっしょう	4度熱傷	win	名詞
4ばんたんわんけっしつ	4番短腕欠失	win	名詞
4ぶんの1はんもう	4分の1半盲	win	名詞
5-FU	5-FU	win	名詞
5-あるふぁかんげんこうそけっそんしょう	5-アルファ還元酵素欠損症	win	名詞
5p-しょうこうぐん	5p-症候群	win	名詞
5pけっしつしょうこうぐん	5p欠失症候群	win	名詞
5q-しょうこうぐん	5q-症候群	win	名詞
7がたむこたとうしょう	7型ムコ多糖症	win	名詞
8いんし	Ⅷ因子	win	名詞
9いんし	IX因子	win	名詞
A-Vぶろっく	A-Vブロック	win	名詞
A-aDO2	A-aDO2	win	名詞
A/Gひ	A/G比	win	名詞
AA	AA	win	名詞
ABOあがた	ABO亜型	win	名詞
ABOいんしふてきごう	ABO因子不適合	win	名詞
ABOいんしふてきごうゆけつ	ABO因子不適合輸血	win	名詞
ABOふてきごうによるようけつせいひんけつ	ABO不適合による溶血性貧血	win	名詞
ABOふてきごうゆけつはんのう	ABO不適合輸血反応	win	名詞
ABOようけつせいしっかん	ABO溶血性疾患	win	名詞
ABPA	ABPA	win	名詞
ACTH	ACTH	win	名詞
ACTHさんせいかすいたいせんしゅ	ACTH産生下垂体腺腫	win	名詞
ACTHさんせいしゅよう	ACTH産生腫瘍	win	名詞
ACTHしけん	ACTH試験	win	名詞
ACTHたんどくけっそんしょう	ACTH単独欠損症	win	名詞
ACTHひいぞんせいだいけっせつせいふくじんひしつかけいせい	ACTH非依存性大結節性副腎皮質過形成	win	名詞
ACTHぶんぴかすいたいしゅよう	ACTH分泌下垂体腫瘍	win	名詞
ACTHぶんぴていかしょう	ACTH分泌低下症	win	名詞
ACばいぱすじゅつ	ACバイパス術後	win	名詞
ACばいぱすじゅつごきかいてきがっぺいしょう	ACバイパス術後機械的合併症	win	名詞
ADA	ADA	win	名詞
ADAMTS13	ADAMTS13	win	名詞
ADAけつぼうしょう	ADA欠乏症	win	名詞
ADHいじょう	ADH異常	win	名詞
ADHいじょうぶんぴしょうこうぐん	ADH異常分泌症候群	win	名詞
ADHふてきごうぶんぴしょうこうぐん	ADH不適合分泌症候群	win	名詞
ADHぶんぴいじょうしょう	ADH分泌異常症	win	名詞
ADNASEBはんていりょう	ADNaseB半定量	win	名詞
AFP-L3ぶんかく	AFP-L3分画	win	名詞
AFPこうち	AFP高値	win	名詞
AHあみろいどーしす	AHアミロイドーシス	win	名詞
AIDS	AIDS	win	名詞
AIDSかんれんしょうこうぐん	AIDS関連症候群	win	名詞
AIDSけんさようせい	AIDS検査陽性	win	名詞
ALKいんせいみぶんかだいさいぼうりんぱしゅ	ALK陰性未分化大細胞リンパ腫	win	名詞
ALKゆうごういでんしようせいひしょうさいぼうはいがん	ALK融合遺伝子陽性非小細胞肺癌	win	名詞
ALKゆうごうたんぱく	ALK融合タンパク	win	名詞
ALKようせいだいさいぼうがたBさいぼうせいりんぱしゅ	ALK陽性大細胞型B細胞性リンパ腫	win	名詞
ALKようせいみぶんかだいさいぼうりんぱしゅ	ALK陽性未分化大細胞リンパ腫	win	名詞
ALL	ALL	win	名詞
ALP	ALP	win	名詞
ALあみろいどーしす	ALアミロイドーシス	win	名詞
AML	AML	win	名詞
AMMOL	AMMOL	win	名詞
AMOL	AMOL	win	名詞
ANCAかんれんけっかんえん	ANCA関連血管炎	win	名詞
ANCAかんれんじんえん	ANCA関連腎炎	win	名詞
APL	APL	win	名詞
APTTくろすみきしんぐしけん	APTTクロスミキシング試験	win	名詞
ARDS	ARDS	win	名詞
ASD	ASD	win	名詞
ASKか	ASK価	win	名詞
ASOか	ASO価	win	名詞
ASPはんていりょう	ASP半定量	win	名詞
AT	AT	win	名詞
AT3	AT-3	win	名詞
ATR-Xしょうこうぐん	ATR-X症候群	win	名詞
AVM	AVM	win	名詞
Abadieちょうこう	Abadie徴候	win	名詞
Abr	Abr	win	名詞
Adam-stokesしょうこうぐん	Adam-Stokes症候群	win	名詞
Addisonびょう	Addison病	win	名詞
Alb	Alb	win	名詞
Alportしょうこうぐん	Alport症候群	win	名詞
Amy	Amy	win	名詞
Ang	Ang	win	名詞
Ann-Arborぶんるい	Ann-Arbor分類	win	名詞
Antonしょうこうぐん	Anton症候群	win	名詞
Arias-Stellaはんのう	Arias-Stella反応	win	名詞
Ashermanしょうこうぐん	Asherman症候群	win	名詞
Att	Att	win	名詞
Auerしょうたい	Auer小体	win	名詞
Austinflintざつおん	Austin-Flint雑音	win	名詞
Aがたいえん	A型胃炎	win	名詞
Aがたかんえん	A型肝炎	win	名詞
Aがたがいしゃし	A型外斜視	win	名詞
Aがたげきしょうかんえん	A型劇症肝炎	win	名詞
Aがたしょくどうへいさ	A型食道閉鎖	win	名詞
Aがたないしゃし	A型内斜視	win	名詞
Aぐん	A群	win	名詞
Aぐんべーたようれんきんじんそく	A群β溶連菌迅速	win	名詞
Aぐんれんさきゅうきんはいけつしょう	A群連鎖球菌敗血症	win	名詞
AーPwindow	A-Pwindow	win	名詞
BAP	BAP	win	名詞
BBがたはんせんびょう	BB型ハンセン病	win	名詞
BCA225	BCA225	win	名詞
BCGふくはんのう	BCG副反応	win	名詞
BCR-ABL1ようせいBりんぱがきゅうせいはっけつびょう	BCR-ABL1陽性Bリンパ芽球性白血病	win	名詞
BCR-ABL1ようせいBりんぱがきゅうせいはっけつびょう/りん	BCR-ABL1陽性Bリンパ芽球性白血病/リンパ腫	win	名詞
BCR-ABL1ようせいBりんぱがきゅうせいりんぱしゅ	BCR-ABL1陽性Bリンパ芽球性リンパ腫	win	名詞
BCR-ABLゆうごういでんし	BCR-ABL融合遺伝子	win	名詞
BFP	BFP	win	名詞
BH4はんのうせいこうふぇにるあらにんけっしょう	BH4反応性高フェニルアラニン血症	win	名詞
BILそう	BIL/総	win	名詞
BILちょく	BIL/直	win	名詞
BILていりょう	BIL定量	win	名詞
BILほう	BIL/抱	win	名詞
BJたんぱく	B-J蛋白	win	名詞
BKういるすじんしょう	BKウイルス腎症	win	名詞
BLNARかんせんしょう	BLNAR感染症	win	名詞
BLがたはんせんびょう	BL型ハンセン病	win	名詞
BNP	BNP	win	名詞
BOOP	BOOP	win	名詞
BPS	BPS（Biophysical profile scoring)	win	短縮よみ
BT-PABA	BT-PABA	win	名詞
BTがたはんせんびょう	BT型ハンセン病	win	名詞
BUN	BUN	win	名詞
Babinskiちょうこう	Babinski徴候	win	名詞
Babinskiはんしゃ	Babinski反射	win	名詞
Bantiしょうこうぐん	Banti症候群	win	名詞
Bardet-Biedlしょうこうぐん	Bardet-Biedl症候群	win	名詞
Bartholinせんのうよう	Bartholin腺膿瘍	win	名詞
Bartterしょうこうぐん	Bartter症候群	win	名詞
Basedowびょう	Basedow病	win	名詞
Beckerがた	Becker型	win	名詞
Beckerがたきんじすとろふぃー	Becker型筋ジストロフィー	win	名詞
Bernard-Soulierしょうこうぐん	Bernard-Soulier症候群	win	名詞
Berryじんたい	Berry靭帯	win	名詞
Biiotこきゅう	Biot呼吸	win	名詞
Biotこきゅう	Biot呼吸	win	名詞
Birbeckかりゅう	Birbeck顆粒	win	名詞
Blalock-Taussigしゅじゅつ	Blalock-Taussig手術	win	名詞
Blalock-Taussigたんらくじゅつ	Blalock-Taussig短絡術	win	名詞
Bland-White-Garlandしょうこうぐん	Bland-White-Garland症候群	win	名詞
Bloch-Sulzbergerしょうこうぐん	Bloch-Sulzberger症候群	win	名詞
Blumbergちょうこう	Blumberg徴候	win	名詞
Bochdalekへるにあ	Bochdalekヘルニア	win	名詞
Boerhaaveしょうこうぐん	Bouerhaave症候群	win	名詞
Borrmann1がた	Borrmann1型	win	名詞
Borrmann2がた	Borrmann2型	win	名詞
Borrmann3がた	Borrmann3型	win	名詞
Borrmann4がた	Borrmann4型	win	名詞
Borrmannぶんるい	Borrmann分類	win	名詞
Brinkmanしすう	Brinkman指数	win	名詞
Brocaしつご	Broca失語	win	名詞
Brodieこつのうよう	Brodie骨膿瘍	win	名詞
Brugadaしょうこうぐん	Brugada症候群	win	名詞
Brunsがんしん	Bruns眼振	win	名詞
Brx	Brx	win	名詞
Budd-Chiariしょうこうぐん	Budd-Chiari症候群	win	名詞
Burkitりんぱしゅ	Burkitリンパ腫	win	名詞
Bがた	B型	win	名詞
Bがたいんすりんじゅようたいいじょうしょう	B型インスリン受容体異常症	win	名詞
Bがたうぃるすかんえん	B型ウィルス肝炎	win	名詞
Bがたかんえん	B型肝炎	win	名詞
Bがたかんえんういるすかんせん	B型肝炎ウイルス感染	win	名詞
Bがたかんこうへん	B型肝硬変	win	名詞
Bがたきゅうせいかんえん	B型急性肝炎	win	名詞
Bがたげきしょうかんえん	B型劇症肝炎	win	名詞
Bがたまんせいかんえん	B型慢性肝炎	win	名詞
Bぐん	B群	win	名詞
Bぐんようれんきんかんせんしょう	B群溶連菌感染症	win	名詞
Bぐんようれんきんほきんしゃ	B群溶連菌保菌者	win	名詞
Bぐんれんさきゅうきんせいせんてんせいはいえん	B群連鎖球菌性先天性肺炎	win	名詞
Bぐんれんさきゅうきんはいえん	B群連鎖球菌肺炎	win	名詞
Bさいぼうがたまんせいりんぱせいはっけつびょう	B細胞型慢性リンパ性白血病	win	名詞
Bさいぼうせいいしょくごりんぱぞうしょくせいしっかん	B細胞性移植後リンパ増殖性疾患	win	名詞
Bさいぼうせいぜんりんぱきゅうせいはっけつびょう	B細胞性前リンパ球性白血病	win	名詞
Bさいぼうりんぱしゅ	B細胞リンパ腫	win	名詞
Bりんぱがきゅうせいはっけつびょう	Bリンパ芽球性白血病	win	名詞
Bりんぱがきゅうせいはっけつびょう/りんぱしゅ	Bリンパ芽球性白血病/リンパ腫	win	名詞
Bりんぱがきゅうせいりんぱしゅ	Bリンパ芽球性リンパ腫	win	名詞
C	C	win	名詞
C"	C”	win	名詞
C0きゅうかPul	C0急化Pul	win	名詞
C1	C1	win	名詞
C1"	C1”	win	名詞
C2	C2	win	名詞
C2"	C2”	win	名詞
C3	C3	win	名詞
C3"	C3”	win	名詞
C3dけつごうめんえきふくごうたい	C3d結合免疫複合体	win	名詞
C3ぷろあくちべーた	C3プロアクチベータ	win	名詞
C4	C4	win	名詞
CA125	CA125	win	名詞
CA125こうち	CA125高値	win	名詞
CA130	CA130	win	名詞
CA15-3こうち	CA15-3高値	win	名詞
CA153	CA15-3	win	名詞
CA19-9こうち	CA19-9高値	win	名詞
CA199	CA19-9	win	名詞
CA50	CA-50	win	名詞
CA54	CA54/61	win	名詞
CA602	CA602	win	名詞
CA724	CA72-4	win	名詞
CADASIL	CADASIL	win	名詞
CAGはんぷく	CAG反復	win	名詞
CAGりぴーと	CAGリピート	win	名詞
CAMP	C-AMP	win	名詞
CAPDかてーてるいちいじょう	CAPDカテーテル位置異常	win	名詞
CAPDかてーてるとんねるかんせん	CAPDカテーテルトンネル感染	win	名詞
CAPDでぐちぶかんせん	CAPD出口部感染	win	名詞
CAPDふくまくえん	CAPD腹膜炎	win	名詞
CARASIL	CARASIL	win	名詞
CCR4ようせいせいじんTさいぼうはっけつびょうりんぱしゅ	CCR4陽性成人T細胞白血病リンパ腫	win	名詞
CCR4ようせいひふTさいぼうりんぱしゅ	CCR4陽性皮膚T細胞リンパ腫	win	名詞
CCR4ようせいまっしょうせいTさいぼうりんぱしゅ	CCR4陽性末梢性T細胞リンパ腫	win	名詞
CD4/8ひ	CD4/8比	win	名詞
CEA	CEA	win	名詞
CEAこうち	CEA高値	win	名詞
CFCしょうこうぐん	CFC症候群	win	名詞
CHARGEしょうこうぐん	CHARGE症候群	win	名詞
CK19mRNA	CK19mRNA	win	名詞
CKあいそふぉーむ	CKアイソフォーム	win	名詞
CLL	CLL	win	名詞
CML	CML	win	名詞
CMかんせつだっきゅう	CM関節脱臼	win	名詞
CMかんせつだっきゅうこっせつ	CM関節脱臼骨折	win	名詞
CMかんせつへんけいせいかんせつしょう	CM関節変形性関節症	win	名詞
CO2なるこーしす	CO2ナルコーシス	win	名詞
COきゅうかPul	CO急化Pul	win	名詞
CPAP	CPAP	win	名詞
CPD	CPD	win	名詞
CPK	CPK	win	名詞
CPR	CPR	win	名詞
CPT1けっそんしょう	CPT1欠損症	win	名詞
CPT2けっそんしょう	CPT2欠損症	win	名詞
CPTHrP	C-PTHrP	win	名詞
CR3けっそんしょう	CR3欠損症	win	名詞
CRBB	CRBB	win	名詞
CRESTしょうこうぐん	CREST症候群	win	名詞
CRHさんせいしゅよう	CRH産生腫瘍	win	名詞
CRHふかしけん	CRH負荷試験	win	名詞
CRP	CRP	win	名詞
CSLEXこうげん	CSLEX抗原	win	名詞
CTMRI	CT、MRI	win	名詞
CTさつえい	CT撮影	win	名詞
CTち	CT値	win	名詞
CYFRAこうち	CYFRA高値	win	名詞
Ca	Ca	win	名詞
Cakikkouyaku	Ca拮抗薬	win	名詞
Carhartかんおう	Carhart陥凹	win	名詞
Carnettちょうこう	Carnett徴候	win	名詞
Caroliびょう	Caroli病	win	名詞
Caきっこうやく	Ca拮抗薬	win	名詞
Ch	Ch	win	名詞
ChE	ChE	win	名詞
Chaddockはんしゃ	Chaddock反射	win	名詞
Charcot-Leydenけっしょう	Charcot-Leyden結晶	win	名詞
Charcot-Marie-Toothびょう	Charcot-Marie-Tooth病	win	名詞
Charcot3ちょう	Charcot3徴	win	名詞
Chediak-Higashiしょうこうぐん	Chédiak-Higashi症候群	win	名詞
Cheyne-stokesこきゅう	Cheyne-Stokes呼吸	win	名詞
Chiariきけい	Chiari奇形	win	名詞
Child-Pughぶんるい	Child-Pugh分類	win	名詞
Chvostekちょうこう	Chvostek徴候	win	名詞
Codmanさんかく	Codman三角	win	名詞
Collesこっせつ	Colles骨折	win	名詞
Congo-redせんしょく	Congo-Red染色	win	名詞
Coombsしけん	Coombs試験	win	名詞
Couinaudぶんるい	Couinaud分類	win	名詞
Courvoisierちょうこう	Courvoisier徴候	win	名詞
Creutzfeldt-Jacobびょう	Creutzfeldt-Jacob病	win	名詞
Crigler-Najjarしょうこうぐん	Crigler-Najjar症候群	win	名詞
Crouzonびょう	Crouzon病	win	名詞
Cu	Cu	win	名詞
Cullenちょうこう	Cullen徴候	win	名詞
Curschmannらせんたい	Curschmann螺旋体	win	名詞
Cushingげんしょう	Cushing現象	win	名詞
Cushingしょうこうぐん	Cushing症候群	win	名詞
Cかんりちゅう	C管理中	win	名詞
Cがた	C型	win	名詞
Cがたかんえん	C型肝炎	win	名詞
Cがたかんえんういるすかんせん	C型肝炎ウイルス感染	win	名詞
Cがたかんこうへん	C型肝硬変	win	名詞
Cがたきゅうせいかんえん	C型急性肝炎	win	名詞
Cがたげきしょうかんえん	C型劇症肝炎	win	名詞
Cがたしょくどうへいさ	C型食道閉鎖	win	名詞
Cがたまんせいかんえん	C型慢性肝炎	win	名詞
Cちすてんさいりゅう	C-チステン細粒	win	名詞
Cちすてんしろっぷ	C-チステンシロップ	win	名詞
Cはんのうせいたんぱく	C反応性蛋白	win	名詞
DATすきゃん	DATスキャン	win	名詞
DCM	DCM	win	名詞
DDだいまーていせい	D-Dダイマー定性	win	名詞
DDだいまーていりょう	D-Dダイマー定量	win	名詞
DEX	D・E・X	win	名詞
DHEAS	DHEA-S	win	名詞
DIC	DIC	win	名詞
DIPかんせつ	DIP関節	win	名詞
DIPかんせつえん	DIP関節炎	win	名詞
DIPかんせつかいほうせいだっきゅうこっせつ	DIP関節開放性脱臼骨折	win	名詞
DIPかんせつしゃくそくそくふくじんたいそんしょう	DIP関節尺側側副靱帯損傷	win	名詞
DIPかんせつそくふくじんたいそんしょう	DIP関節側副靱帯損傷	win	名詞
DIPかんせつだっきゅう	DIP関節脱臼	win	名詞
DIPかんせつだっきゅうこっせつ	DIP関節脱臼骨折	win	名詞
DIPかんせつとうそくそくふくじんたいそんしょう	DIP関節橈側側副靱帯損傷	win	名詞
DIPかんせつないこっせつ	DIP関節内骨折	win	名詞
DIPかんせつねんざ	DIP関節捻挫	win	名詞
DIPかんせつぶがんぐりおん	DIP関節部ガングリオン	win	名詞
DIPかんせつへんけいせいかんせつしょう	DIP関節変形性関節症	win	名詞
DKSふんごうをともなうだいどうみ	DKS吻合を伴う大動脈狭窄症手術	win	名詞
DMいME	DMiME	win	短縮よみ
DNAめらーぜ	DNAポリメラーゼ	win	名詞
DUPAN2	DUPAN-2	win	名詞
Danceちょうこう	Dance徴候	win	名詞
DeBakeyぶんるい	DeBakey分類	win	名詞
Denverしきはったつすくりーにんぐけんさ	Denver式発達スクリーニング検査	win	名詞
Diamond-blackfanしょうこうぐん	Diamond-Blackfan症候群	win	名詞
Digeorgeしょうこうぐん	Digeorge症候群	win	名詞
Dix-Hallpikeしけん	Dix-Hallpike試験	win	名詞
Dlえんさんめちるえふぇどりん	dl-塩酸メチルエフェドリン	win	名詞
Dlかんふる	dl-カンフル	win	名詞
Donath-Landsteinerこうたい	Donath-Landsteiner抗体	win	名詞
Donath-Landsteinerしけん	Donath-Landsteiner試験	win	名詞
Drehmannちょうこう	Drehmann徴候	win	名詞
Dresslerしょうこうぐん	Dressler症候群	win	名詞
Dubin-Johnsonしょうこうぐん	Dubin-Johnson症候群	win	名詞
Duchenneがた	Duchenne型	win	名詞
Duchenneがたきんじすとろふぃー	Duchenne型筋ジストロフィー	win	名詞
Duhringほうしんじょうひふえん	Duhring疱疹状皮膚炎	win	名詞
Duncanようしき	Duncan様式	win	名詞
Dupuytrenこうしゅく	Dupuytoren拘縮	win	名詞
Dあらびにとーる	D-アラビニトール	win	名詞
Dかんふる	d-カンフル	win	名詞
Dがた	D型	win	名詞
Dがたかんえん	D型肝炎	win	名詞
Dぐんれんさきゅうきんはいけつしょう	D群連鎖球菌敗血症	win	名詞
Dそるびとーる	D-ソルビトール	win	名詞
Dふてきごう	D不適合	win	名詞
Dまんにとーるちゅうしゃえき	D-マンニトール注射液	win	名詞
E2	E2	win	名詞
E2A-PBX1ようせいBりんぱがきゅうせいはっけつびょう	E2A-PBX1陽性Bリンパ芽球性白血病	win	名詞
E2A-PBX1ようせいBりんぱがきゅうせいはっけつびょう/りん	E2A-PBX1陽性Bリンパ芽球性白血病/リンパ腫	win	名詞
E2A-PBX1ようせいBりんぱがきゅうせいりんぱしゅ	E2A-PBX1陽性Bリンパ芽球性リンパ腫	win	名詞
E3	E3	win	名詞
EBNAこうたい	EBNA抗体	win	名詞
EBういるすかんえん	EBウイルス肝炎	win	名詞
EBういるすかんせんしょう	EBウイルス感染症	win	名詞
EBういるすかんれんめんえきふぜんしょう	EBウイルス関連免疫不全症	win	名詞
EBういるすこうたいか	EBウイルス抗体価	win	名詞
EBういるすでんせんせいたんかくしょう	EBウイルス伝染性単核症	win	名詞
EBういるすはいえん	EBウイルス肺炎	win	名詞
ECG	ECG	win	名詞
ECGしんだん	ECG診断	win	名詞
ECGふか	ECG負荷	win	名詞
ECGふかしんだん	ECG負荷診断	win	名詞
EDTAいぞんせいぎせいけっしょうばんげんしょうしょう	EDTA依存性偽性血小板減少症	win	名詞
EDちゅーぶそうにゅうじゅつ	EDチューブ挿入術	win	名詞
EEG3	EEG3-	win	名詞
EEG34	EEG3-4	win	名詞
EEG5	EEG5-	win	名詞
EEG56	EEG5-6	win	名詞
EEGしんだん	EEG診断	win	名詞
EFSじょうけっちょう	EF-S状結腸	win	名詞
EFいじゅうにしちょう	EF-胃・十二指腸	win	名詞
EFかこうけっちょうおよびおうこうけっ	EF-下行結腸及び横行結腸	win	名詞
EFきかんし	EF-気管支	win	名詞
EFきゅうれつびいんふくびくう	EF-嗅裂・鼻咽・副鼻腔	win	名詞
EFこうとう	EF-喉頭	win	名詞
EFしきゅう	EF-子宮	win	名詞
EFしょうちょう	EF-小腸	win	名詞
EFしょくどう	EF-食道	win	名詞
EFじょうこうけっちょうおよびもうち	EF-上行結腸及び盲腸	win	名詞
EFたんどう	EF-胆道	win	名詞
EFちゅうじ	EF-中耳	win	名詞
EFちょくちょう	EF-直腸	win	名詞
EFふくくう	EF-腹腔	win	名詞
EFぼうこうにょうどう	EF-膀胱尿道	win	名詞
EGFRいでんしへんいようせいひしょうさいぼうはいがん	EGFR遺伝子変異陽性非小細胞肺癌	win	名詞
EGFRたんぱく	EGFRタンパク	win	名詞
EHp	EHp	win	名詞
EPHーげすとーじす	EPHーゲストージス	win	名詞
EPLかぷせる	EPLカプセル	win	名詞
ERCPごすいえん	ERCP後膵炎	win	名詞
ESBLさんせいきんかんせんしょう	ESBL産生菌感染症	win	名詞
ESWLこうじんひまくかけっしゅ	ESWL後腎皮膜下血腫	win	名詞
ESぽりたみんはいごうかりゅう	ESポリタミン配合顆粒	win	名詞
Ebsteinきけい	Ebstein奇形	win	名詞
Echo	Echo	win	名詞
Ehlers-Danlosしょうこうぐん	Ehlers-Danlos症候群	win	名詞
Eisenmengerふくごうしょう	Eisenmenger複合症	win	名詞
Ellsworth-Howardしけん	Ellsworth-Howard試験	win	名詞
Erbまひ	Erb麻痺	win	名詞
Ero	Ero	win	名詞
Euthyroidsickしょうこうぐん	Euthyroid Sick症候群	win	名詞
Evansしょうこうぐん	Evans症候群	win	名詞
Ewingにくしゅ	Ewing肉腫	win	名詞
Eがた	E型	win	名詞
Eがたかんえん	E型肝炎	win	名詞
Eがたげきしょうかんえん	E型劇症肝炎	win	名詞
FADしろっぷ	FADシロップ	win	名詞
FADてんがんえき	FAD点眼液	win	名詞
FDP	FDP	win	名詞
FKはいごうさん	FK配合散	win	名詞
FSH	FSH	win	名詞
FSHさんせいかすいたいせんしゅ	FSH産生下垂体腺腫	win	名詞
FSHたんどくけっそんしょう	FSH単独欠損症	win	名詞
FT3	FT3	win	名詞
FT4	FT4	win	名詞
FTA	FTA	win	名詞
FTA	FTA-ABS	win	名詞
FTAABSていせい	FTA-ABS定性	win	名詞
FTAABSはんていりょう	FTA-ABS半定量	win	名詞
FUO	FUO	win	名詞
Fabryびょう	Fabry病	win	名詞
Fallotしちょうしょう	Fallot四徴症	win	名詞
Fanconiしょうこうぐん	Fanconi症候群	win	名詞
Fanconiひんけつ	Fanconi貧血	win	名詞
Fha	F波	win	名詞
Finkelsteinてすと	Finkelsteinテスト	win	名詞
Fishbergのうしゅくしけん	Fishberg濃縮試験	win	名詞
Fontaineぶんるい	Fontaine分類	win	名詞
Forschheimerはん	Forschheimer斑	win	名詞
Fowlerい	Fowler位	win	名詞
Friedreichうんどうしっちょうしょう	Friedreich運動失調症	win	名詞
Frohlichしょうこうぐん	Frohlich症候群	win	名詞
Frohlichしょうこうぐん	Fröhlich症候群	win	名詞
G	G	win	名詞
G6	G-6	win	名詞
G6PDHていりょう	G-6-PDH定量	win	名詞
G6PDけつぼうせいひんけつ	G6PD欠乏性貧血	win	名詞
G6Pase	G-6-Pase	win	名詞
GA	GA	win	名詞
GADこうたい	GAD抗体価	win	名詞
GALTけっそんしょう	GALT欠損症	win	名詞
GAT	GAT	win	名詞
GBSはいけつしょう	GBS敗血症	win	名詞
GH	GH	win	名詞
GHRHふかしけん	GHRH負荷試験	win	名詞
GHぶんぴふぜん	GH分泌不全	win	名詞
GM1がんぐりおしどーしす	GM1ガングリオシドーシス	win	名詞
GM2がんぐりおしどーしす	GM2ガングリオシドーシス	win	名詞
GM2がんぐりおしどーしす1がた	GM2ガングリオシドーシス1型	win	名詞
GM2がんぐりおしどーしす2がた	GM2ガングリオシドーシス2型	win	名詞
GM2がんぐりおしどーしす3がた	GM2ガングリオシドーシス3型	win	名詞
GM3がんぐりおしどーしす	GM3ガングリオシドーシス	win	名詞
GOT	GOT	win	名詞
GPIあんかーたんぱく	GPIアンカー蛋白	win	名詞
GVHDこつずいいしょくご	GVHD・骨髄移植後	win	名詞
Ganserしょうこうぐん	Ganser症候群	win	名詞
Gaucherびょう	Gaucher病	win	名詞
Gecklerぶんるい	Geckler分類	win	名詞
Gerstmannしょうこうぐん	Gerstmann症候群	win	名詞
Gianottiびょう	Gianotti病	win	名詞
Gibertばらいろひこうしん	Gibertばら色粃糠疹	win	名詞
Gilbertしょうこうぐん	Gilbert症候群	win	名詞
Gitelmanしょうこうぐん	Gitelman症候群	win	名詞
Glanzmannびょう	Glanzmann病	win	名詞
Gomori-Trichromeせんしょく	Gomori-Trichrome染色	win	名詞
Goodpastureしょうこうぐん	Googpasture症候群	win	名詞
Gowersちょうこう	Gowers徴候	win	名詞
Gramせんしょく	Gram染色	win	名詞
Gravesびょう	Graves病	win	名詞
Grocottせんしょく	Grocott染色	win	名詞
Grossぶんるい	Gross分類	win	名詞
Guillan-Barreしょうこうぐん	Guillain-Barré症候群	win	名詞
HAM	HAM	win	名詞
HANP	HANP	win	名詞
HAこうたいかせいみつ	HA抗体価	win	名詞
HBVかくさんていりょう	HBV核酸定量	win	名詞
HBcrAgていりょう	HBcrAg定量	win	名詞
HBcこうたい	HBc抗体	win	名詞
HBcこうたいか	HBc抗体価	win	名詞
HBeこうげん	HBe抗原	win	名詞
HBeこうげんけんさようせい	HBe抗原検査陽性	win	名詞
HBeこうたいかせいみつ	HBe抗体価	win	名詞
HBsこうげん	HBs抗原	win	名詞
HBsこうげんけんさようせい	HBs抗原検査陽性	win	名詞
HBsこうたい	HBs抗体	win	名詞
HBsこうたいか	HBs抗体価	win	名詞
HBういるすじんしょう	HBウイルス腎症	win	名詞
HBきゃりあ	HBキャリア	win	名詞
HBこうげんおせん	HB抗原汚染	win	名詞
HBこうげんけんさようせい	HB抗原検査陽性	win	名詞
HBていせい	Hb定性	win	名詞
HBていりょう	Hb定量	win	名詞
HBととらんすふぇりん	Hbとトランスフェリン	win	名詞
HCG	HCG（尿）	win	名詞
HCGていりょう	HCG定量	win	名詞
HCGべーたぶんかく	HCGβ分画	win	名詞
HCM	HCM	win	名詞
HCVかくさんていりょう	HCV核酸定量	win	名詞
HCVかくさんどうてい	HCV核酸同定	win	名詞
HCVこあこうたいか	HCVコア抗体価	win	名詞
HCVこあたんぱくしつ	HCVコア蛋白質	win	名詞
HCVこうぞうたんぱくおよびひこう	HCV構造蛋白及び非構造蛋白抗体価	win	名詞
HCVこうたい	HCV抗体	win	名詞
HCVこうたいか	HCV抗体価	win	名詞
HCVこうたいけんさようせい	HCV抗体検査陽性	win	名詞
HCVとくいこうたいか	HCV特異抗体価	win	名詞
HCVとくいこうたいかそくていによるぐ	HCV特異抗体価測定による群別判定	win	名詞
HCういるすじんしょう	HCウイルス腎症	win	名詞
HCきゃりあ	HCキャリア	win	名詞
HDLCh	HDL-Ch	win	名詞
HDVこうたいか	HDV抗体価	win	名詞
HELLPしょうこうぐん	HELLP症候群	win	名詞
HER2いでんしひょうほんさくせい	HER2遺伝子標本作製	win	名詞
HER2たんぱく	HER2タンパク	win	名詞
HET	HET	win	名詞
HEきゃりあ	HEキャリア	win	名詞
HEせんしょく	HE染色	win	名詞
HFABP	H-FABP	win	名詞
HHV8たちゅうしんせいきゃっするまんびょうずいはんだいさ	HHV8多中心性キャッスルマン病随伴大細胞型B細胞性リンパ腫	win	名詞
HIV-1かんせんしょう	HIV-1感染症	win	名詞
HIV-2かんせんしょう	HIV-2感染症	win	名詞
HIV12こうたいか	HIV-1、2抗体価	win	名詞
HIV1こうたいか	HIV-1抗体価	win	名詞
HIV2こうたいか	HIV-2抗体価	win	名詞
HIVIかくさんていりょうけんさ	HIV-I核酸定量検査	win	名詞
HIVかぽじにくしゅ	HIVカポジ肉腫	win	名詞
HIVかりにはいえん	HIVカリニ肺炎	win	名詞
HIVかんしつせいはいえん	HIV間質性肺炎	win	名詞
HIVかんじだびょう	HIVカンジダ病	win	名詞
HIVかんせん	HIV感染	win	名詞
HIVかんせんしょう	HIV感染症	win	名詞
HIVきゃりあ	HIVキャリア	win	名詞
HIVけんさようせい	HIV検査陽性	win	名詞
HIVこうげん	HIV抗原	win	名詞
HIVこうたい	HIV抗体	win	名詞
HIVさいとめがろういるすかんせんしょう	HIVサイトメガロウイルス感染症	win	名詞
HIVじぇのたいぷやくざいたいせい	HIV-ジェノタイプ薬剤耐性	win	名詞
HIVじんしょう	HIV腎症	win	名詞
HIVのうしょう	HIV脳症	win	名詞
HIVばーきっとりんぱしゅ	HIVバーキットリンパ腫	win	名詞
HIVひけっかくせいこうさんきんしょう	HIV非結核性抗酸菌症	win	名詞
HIVひほじきんりんぱしゅ	HIV非ホジキンリンパ腫	win	名詞
HIVまいこばくてりあかんせんしょう	HIVマイコバクテリア感染症	win	名詞
HIVもうまくしょう	HIV網膜症	win	名詞
HLAがたけんさくらす1	HLA型検査クラス1	win	名詞
HLAがたけんさくらす2	HLA型検査クラス2	win	名詞
HMG-CoAかんげんこうそそがいやく	HMG-CoA還元酵素阻害薬	win	名詞
HMGきんちゅうよう	HMG筋注用	win	名詞
HMGけっしょう	HMG血症	win	名詞
HMさん	HM散	win	名詞
HOCM	HOCM	win	名詞
HRT	HRT	win	名詞
HTLV-1かんせんしょう	HTLV-I感染症	win	名詞
HTLV-1かんれんせきずいしょう	HTLV-I関連脊髄症	win	名詞
HTLV-1きゃりあ	HTLV-Iキャリア	win	名詞
HTLV-1こうたい	HTLV-1抗体	win	名詞
HTLV-1ぶどうまくえん	HTLV-Iぶどう膜炎	win	名詞
HTLV1あいこうたいか	HTLV-I抗体価	win	名詞
HTLV1かんせんしょう	HTLV-I感染症	win	名詞
HTLV1かんれんせきずいしょう	HTLV-I関連脊髄症	win	名詞
HTLV1きゃりあ	HTLV-Iキャリア	win	名詞
HTLV1ぶどうまくえん	HTLV-Iぶどう膜炎	win	名詞
Hammanちょうこう	Hamman徴候	win	名詞
Hamしけん	Ham試験	win	名詞
Hansenびょう	Hansen病	win	名詞
Hb	Hb	win	名詞
HbA1c	HbA1c	win	名詞
HbF	HbF	win	名詞
Heberdenけっせつ	Heberden結節	win	名詞
Heerfordtしょうこうぐん	Heerfordt症候群	win	名詞
Henleのけいてい	Henleの係蹄	win	名詞
Henleのるーぷ	Henleのループ	win	名詞
Hirschsprungびょう	Hirschsprung病	win	名詞
Hodgkinさいぼう	Hodgkin細胞	win	名詞
Hodgkinりんぱしゅ	Hodgkinリンパ腫	win	名詞
Hoehn-Yahrのじゅうしょうどぶんるい	Hoehn-Yahrの重症度分類	win	名詞
Hoehn-Yahrぶんるい	Hoehn-Yahr分類	win	名詞
Hoffmannはんしゃ	Hoffmann反射	win	名詞
Holmesしけん	Holmes試験	win	名詞
Hornerしょうこうぐん	Horner症候群	win	名詞
Houstonべん	Houston弁	win	名詞
Howell-Jollyしょうたい	Howell-Jolly小体	win	名詞
Howship-Rombergちょうこう	Howship-Romberg徴候	win	名詞
Hungtintinいでんし	Huntingtin遺伝子	win	名詞
Huntingtonびょう	Huntington病	win	名詞
Huntingtonぶとうびょう	Huntington舞踏病	win	名詞
Hurlerしょうこうぐん	Hurler症候群	win	名詞
Hys	Hys	win	名詞
Hさびょう	H鎖病	win	名詞
IABPかて	IABPカテ	win	名詞
IABPかてしょうによう	IABPカテ小児用	win	名詞
IABPかてせんさーないぞうがた	IABPカテセンサー内蔵型	win	名詞
IABPかてまっしょうじゅんかんおんそ	IABPカテ末梢循環温存型	win	名詞
IC-PCどうみゃくりゅうはれつによるくもまくかしゅっけつ	IC-PC動脈瘤破裂によるくも膜下出血	win	名詞
ICUしょうこうぐん	ICU症候群	win	名詞
IGFBP	IGFBP	win	名詞
IGFBP1	IGFBP-1	win	名詞
IGFBP3	IGFBP-3	win	名詞
IGMていがんまぐろぶりんけっしょう	IGM低ガンマグロブリン血症	win	名詞
IGT	IGT	win	名詞
IIP	IIP	win	名詞
IL-2R	IL-2R	win	名詞
IL3-IGHようせいBりんぱがきゅうせいはっけつびょう	IL3-IGH陽性Bリンパ芽球性白血病	win	名詞
IL3-IGHようせいBりんぱがきゅうせいりんぱしゅ	IL3-IGH陽性Bリンパ芽球性リンパ腫	win	名詞
IMV	IMV	win	名詞
INFalfa	INFα	win	名詞
INFbeta	INFβ	win	名詞
INTACTP1NP	Intact　P1NP	win	名詞
IOLじゅつごこうさいもうようたいえん	IOL術後虹彩毛様体炎	win	名詞
IPT	IPT	win	名詞
IPかんせつえん	IP関節炎	win	名詞
IPかんせつねんざ	IP関節捻挫	win	名詞
IRDS	IRDS	win	名詞
IRI	IRI	win	名詞
ITP	ITP	win	名詞
IUDけんしん	IUD検診	win	名詞
IUDそうにゅう	IUD挿入	win	名詞
IUDばっきょ	IUD抜去	win	名詞
IUGR	IUGR	win	名詞
IVIGりょうほう	IVIG療法	win	名詞
IgA	IgA	win	名詞
IgAけっかんえん	IgA血管炎	win	名詞
IgAけっそんしょう	IgA欠損症	win	名詞
IgAしきゅうたいじんえん	IgA糸球体腎炎	win	名詞
IgAじんしょう	IgA腎症	win	名詞
IgAたんどくけっそんしょう	IgA単独欠損症	win	名詞
IgD	IgD	win	名詞
IgE	IgE	win	名詞
IgG	IgG	win	名詞
IgG4かんれんこうかせいたんかんえん	IgG4関連硬化性胆管炎	win	名詞
IgG4かんれんしっかん	IgG4関連疾患	win	名詞
IgG4かんれんじんぞうびょう	IgG4関連腎臓病	win	名詞
IgG4かんれんみくりっつびょう	IgG4関連ミクリッツ病	win	名詞
IgGいんでっくす	IgGインデックス	win	名詞
IgGがたりうまちいんし	IgG型リウマチ因子	win	名詞
IgGさぶくらすけっそんしょう	IgGサブクラス欠損症	win	名詞
IgM	IgM	win	名詞
IgM-HAこうたいか	IgM-HA抗体価	win	名詞
IgM-HBcこうたいか	IgM-HBc抗体価	win	名詞
IgMけっそんしょう	IgM欠損症	win	名詞
IgMぞうかめんえきふぜんしょう	IgM増加免疫不全症	win	名詞
Iさいぼうびょう	I細胞病	win	名詞
JDがーぐる	JDガーグル	win	名詞
JMA	日本医師会	win	名詞
JMARI	日医総研	win	名詞
JRA	JRA	win	名詞
Jacobyせん	Jacoby線	win	名詞
Janewayはん	Janeway斑	win	名詞
Janewayほっしん	Janeway発疹	win	名詞
Jarisch-Herxheimerはんのう	Jarisch-Herxheimer反応	win	名詞
Jよーどえき	Jヨード液	win	名詞
KIT(CD117)ようせい	KIT（CD117）陽性	win	名詞
KITようせい	KIT（CD117）陽性小腸間質腫瘍	win	名詞
KITようせい	KIT（CD117）陽性消化管間質腫瘍	win	名詞
KITようせい	KIT（CD117）陽性直腸間質腫瘍	win	名詞
KITようせい	KIT（CD117）陽性結腸間質腫瘍	win	名詞
KITようせい	KIT（CD117）陽性胃間質腫瘍	win	名詞
KITようせい	KIT（CD117）陽性食道間質腫瘍	win	名詞
KMさん	KM散	win	名詞
KRASいでんしやせいがたけっちょうがん	KRAS遺伝子野生型結腸癌	win	名詞
KRASいでんしやせいがたちょくちょうがん	KRAS遺伝子野生型直腸癌	win	名詞
Kallmannしょうこうぐん	Kallmann症候群	win	名詞
Kannerしょうこうぐん	Kanner症候群	win	名詞
Kartagenerしょうこうぐん	Kartagener症候群	win	名詞
Kasabach-Merrittしょうこうぐん	Kasabach-Merritt症候群	win	名詞
Kaupしすう	Kaup指数	win	名詞
Kayser-Fleischerりん	Kyser-Fleischer輪	win	名詞
Kearns-Sayreしょうこうぐん	Kearns-Sayre症候群	win	名詞
Kennedy-Alter-Sungしょうこうぐん	Kennedy-Alter-Sung症候群	win	名詞
Kennedyびょう	Kennedy病	win	名詞
Kentそく	Kent束	win	名詞
Kerckring	Kerckring	win	名詞
Kerleyせん	Kerley線	win	名詞
Kiesselbachぶい	Kiesselbach部位	win	名詞
Kimmelstiel-Wilsonけっせつ	Kimmelstiel-Wilson結節	win	名詞
Klinefelterしょうこうぐん	Klinefelter症候群	win	名詞
Klippel-Feilしょうこうぐん	Klippel-Feil症候群	win	名詞
Klippel-Trenaunay-Weberしょうこうぐん	Klippel-Trenaunay-Weber症候群	win	名詞
Klippel-Trenaunayしょうこうぐん	Klippel-Trenaunay症候群	win	名詞
Klippel-Weberしょうこうぐん	Klippel−Weber症候群	win	名詞
Klumpkeまひ	Klumpke麻痺	win	名詞
Korsakoffしょうこうぐん	Korsakoff症候群	win	名詞
Krukenbergしゅよう	Krukenberg腫瘍	win	名詞
Kupfferさいぼう	Kupffer細胞	win	名詞
Kussmaulこきゅう	Kussmaul呼吸	win	名詞
L-きしるろーすにょうしょう	L-キシルロース尿症	win	名詞
L-めんとーる	l-メントール	win	名詞
LCADけっそんしょう	LCAD欠損症	win	名詞
LCHADけっそんしょう	LCHAD欠損症	win	名詞
LDHあいそ	LDH・アイソ	win	名詞
LDHあいそいちがた	LDH・アイソ1型	win	名詞
LEがたやくしん	LE型薬疹	win	名詞
LEちょうけいひしん	LE蝶形皮疹	win	名詞
LEてすと	LEテスト	win	名詞
LEひしん	LE皮疹	win	名詞
LEようがたやくしん	LE様型薬疹	win	名詞
LFA-1けつぼうしょう	LFA-1欠乏症	win	名詞
LGLしょうこうぐん	LGL症候群	win	名詞
LHRHふかしけん	LHRH負荷試験	win	名詞
LHたんどくけっそんしょう	LH単独欠損症	win	名詞
LIP	LIP	win	名詞
LLがたはんせんびょう	LL型ハンセン病	win	名詞
LLしろっぷ	LLシロップ	win	名詞
LLはいごうしろっぷしょうによう	LL配合シロップ小児用	win	名詞
LPしゃんとかんせんしょう	LPシャント感染症	win	名詞
LPしゃんときのうふぜん	LPシャント機能不全	win	名詞
LSDきゅうせいちゅうどく	LSD急性中毒	win	名詞
LSDしようによるきゅうせいせいしん	LSD使用による急性精神・行動障害	win	名詞
LSDちゅうどく	LSD中毒	win	名詞
LSDはんのう	LSD反応	win	名詞
LVH	LVH	win	名詞
Lambert-Eatonしょうこうぐん	Lambert-Eaton症候群	win	名詞
Landauはんしゃ	Landau反射	win	名詞
Langerhansさいぼう	Langerhans細胞	win	名詞
Lanzあっつうてん	Lanz圧痛点	win	名詞
Larreyへるにあ	Larreyヘルニア	win	名詞
Leighのうしょう	Leigh脳症	win	名詞
Lemmelしょうこうぐん	Lemmel症候群	win	名詞
Lennox-Gastautしょうこうぐん	Lennox-Gastaut症候群	win	名詞
Leopoldしょくしんほう	Leopold触診法	win	名詞
Lermoyezしょうこうぐん	Lermoyez症候群	win	名詞
Lesch-Nyhanしょうこうぐん	Lesch-Nyhan症候群	win	名詞
Letterer-Siweびょう	Letterer-Siwe病	win	名詞
Levineぶんるい	Levine分類	win	名詞
Lhermitteちょうこう	Lhermitte徴候	win	名詞
Liddleしょうこうぐん	Liddle症候群	win	名詞
Louis-Barしょうこうぐん	Louis-Bar症候群	win	名詞
Lux	Lux	win	名詞
Lyonげんしょう	Lyon現象	win	名詞
Lきしるろーすにょうしょう	L-キシルロース尿症	win	名詞
Lけふらーるかりゅう	L-ケフラール顆粒	win	名詞
Lけふれっくすかりゅう	L-ケフレックス顆粒	win	名詞
Lけふれっくすしょうにようかりゅう	L-ケフレックス小児用顆粒	win	名詞
Lじじょうじん	L字状腎	win	名詞
Lぱしびどーるかりゅう	L-パシビドール顆粒	win	名詞
Lらすぽりじんかりゅう	L-ラスポリジン顆粒	win	名詞
Lーきさーるかりゅう	L-キサール顆粒	win	名詞
MALTりんぱしゅ	MALTリンパ腫	win	名詞
MCADけっそんしょう	MCAD欠損症	win	名詞
MCLS	MCLS	win	名詞
MCTD	MCTD	win	名詞
MDA	MDA	win	名詞
MDA	MDA-LDL	win	名詞
MDS	MDS	win	名詞
MELASしょうこうぐん	MELAS症候群	win	名詞
MEN1がた	MEN 1型	win	名詞
MEN2がた	MEN 2型	win	名詞
MERRFしょうこうぐん	MERRF症候群	win	名詞
MHCくらす12けっそんしょう	MHCクラスI・II欠損症	win	名詞
MHCくらす1けっそんしょう	MHCクラスI欠損症	win	名詞
MHCくらす2けっそんしょう	MHCクラスII欠損症	win	名詞
MLFしょうこうぐん	MLF症候群	win	名詞
MLLさいこうせいがたBりんぱがきゅうせいはっけつびょう	MLL再構成型Bリンパ芽球性白血病	win	名詞
MLLさいこうせいがたBりんぱがきゅうせいりんぱしゅ	MLL再構成型Bリンパ芽球性リンパ腫	win	名詞
MMDさん	MMD散	win	名詞
MMDはいごうさん	MMD配合散	win	名詞
MMP-3	MMP-3	win	名詞
MMさん	M・M散	win	名詞
MMはいごうさん	M・M配合散	win	名詞
MNGIE	MNGIE	win	名詞
MPO-ANCA	MPO-ANCA	win	名詞
MPかんせつ	MP関節	win	名詞
MPかんせつえん	MP関節炎	win	名詞
MPかんせつかいほうせいだっきゅうこっせつ	MP関節開放性脱臼骨折	win	名詞
MPかんせつしゃくそくそくふくじんたいそんしょう	MP関節尺側側副靱帯損傷	win	名詞
MPかんせつそくふくじんたいそんしょう	MP関節側副靱帯損傷	win	名詞
MPかんせつだっきゅう	MP関節脱臼	win	名詞
MPかんせつだっきゅうこっせつ	MP関節脱臼骨折	win	名詞
MPかんせつつう	MP関節痛	win	名詞
MPかんせつとうそくそくふくじんたいそんしょう	MP関節橈側側副靱帯損傷	win	名詞
MPかんせつないこっせつ	MP関節内骨折	win	名詞
MPかんせつねんざ	MP関節捻挫	win	名詞
MPかんせつぶがんぐりおん	MP関節部ガングリオン	win	名詞
MPかんせつろっきんぐ	MP関節ロッキング	win	名詞
MRCNSかんせんしょう	MRCNS感染症	win	名詞
MRCNSはいえん	MRCNS肺炎	win	名詞
MRCNSはいけつしょう	MRCNS敗血症	win	名詞
MRIさつえい	MRI撮影	win	名詞
MRKHしょうこうぐん	MRKH症候群	win	名詞
MRKHしょうこうぐん	Mayer-Rokitansky-Küster-Hauser症候群	win	短縮よみ
MRSAかんせつえん	MRSA関節炎	win	名詞
MRSAかんせんしょう	MRSA感染症	win	名詞
MRSAかんせんせいしんないまくえん	MRSA感染性心内膜炎	win	名詞
MRSAこかんせつえん	MRSA股関節炎	win	名詞
MRSAこつずいえん	MRSA骨髄炎	win	名詞
MRSAしつかんせつえん	MRSA膝関節炎	win	名詞
MRSAじゅつごそうぶかんせん	MRSA術後創部感染	win	名詞
MRSAずいまくえん	MRSA髄膜炎	win	名詞
MRSAちゅうかんせつえん	MRSA肘関節炎	win	名詞
MRSAちょうえん	MRSA腸炎	win	名詞
MRSAのうきょう	MRSA膿胸	win	名詞
MRSAはいえん	MRSA肺炎	win	名詞
MRSAはいかのうしょう	MRSA肺化膿症	win	名詞
MRSAはいけつしょう	MRSA敗血症	win	名詞
MRSAふくまくえん	MRSA腹膜炎	win	名詞
MRSAほきんしゃ	MRSA保菌者	win	名詞
MRSAぼうこうえん	MRSA膀胱炎	win	名詞
MRすぺくとろすこぴー	MRスペクトロスコピー	win	名詞
MT	MT	win	名詞
MTPけっそんしょう	MTP欠損症	win	名詞
Machado-Josephびょう	Machad-Joseph病	win	名詞
Mal	Mal	win	名詞
Mallampatiぶんるい	Mallampati分類	win	名詞
Mallory-Weissしょうこうぐん	Mallory-Weiss症候群	win	名詞
Marfanしょうこうぐん	Marfan症候群	win	名詞
Masson-Trichromeせんしょく	Masson-Trichrome染色	win	名詞
May-Giemsaせんしょく	May-Giemsa染色	win	名詞
Mayer-Rokitansky-Kuster-Hauserしょうこうぐん	Mayer-Rokitansky-Küster-Hauser症候群	win	名詞
Mb	Mb	win	名詞
McBurneyあっつうてん	McBurney圧痛点	win	名詞
McCune-Albrightしょうこうぐん	McCune-Albright症候群	win	名詞
Mcburneyあっつうてん	Mcburney圧痛点	win	名詞
Meniereびょう	Ménière病	win	名詞
Menkesびょう	Menkes病	win	名詞
Mg	Mg	win	名詞
Minnesotaためんじんかくけんさ	Minnesota多面人格検査	win	名詞
Mondorびょう	Mondor病	win	名詞
Monteggiaこっせつ	Monteggia骨折	win	名詞
Morgagniへるにあ	Morgagniヘルニア	win	名詞
Murphyちょうこう	Murphy徴候	win	名詞
Myersonちょうこう	Myerson徴候	win	名詞
Mちすてん	M-チステン（100）	win	名詞
Mは	M波	win	名詞
NAG	NAG（尿）	win	名詞
NAPすこあ	NAPスコア	win	名詞
NCA	NCA	win	名詞
NCCST439	NCC-ST-439	win	名詞
NIMさん	NIM散	win	名詞
NIMはいごうさん	NIM配合散	win	名詞
NSAIDs	NSAIDs	win	名詞
NSAIDsかびんぜんそく	NSAIDs過敏喘息	win	名詞
NSAIDいかいよう	NSAID胃潰瘍	win	名詞
NSAIDじゅうにしちょうかいよう	NSAID十二指腸潰瘍	win	名詞
NSAIDじんしょう	NSAID腎症	win	名詞
NSE	NSE	win	名詞
NSEこうち	NSE高値	win	名詞
NTproBNP	NT-proBNP	win	名詞
NTx	NTx	win	名詞
NYHAぶんるい	NYHA分類	win	名詞
NaCl	NaCl	win	名詞
Nelsonしょうこうぐん	Nelson症候群	win	名詞
New-Ballardほう	New-Ballard法	win	名詞
Niemann-Pickびょう	Niemann-Pick病	win	名詞
Nikolskyげんしょう	Nikolsky現象	win	名詞
Noonanしょうこうぐん	Noonan症候群	win	名詞
OAいちからにし	OA（1-2歯）	win	名詞
OAいちさんがく	OA（1/3顎）	win	名詞
OMさん	OM散	win	名詞
OMさんにごう	OM散2号	win	名詞
OMはいごうさん	OM配合散	win	名詞
OPCA	OPCA	win	名詞
OPLL	OPLL	win	名詞
OPは	OP波	win	名詞
OSC	OSC	win	名詞
Osbornは	Osborn波	win	名詞
Osgood-Schlatterびょう	Osgood-Schlatter病	win	名詞
Osler-Rendu-Weberびょう	Osler-Rendu-Weber病	win	名詞
Oslerけっせつ	Osler結節	win	名詞
Oきゃく	O脚	win	名詞
Oきゃくへんけい	O脚変形	win	名詞
P1	P1	win	名詞
P1NP	P1NP	win	名詞
P2	P2	win	名詞
P3	P3	win	名詞
P3P	P-3-P	win	名詞
P4	P4	win	名詞
PAMせんしょく	PAM染色	win	名詞
PAP	PAP	win	名詞
PASせんしょく	PAS染色	win	名詞
PAT	PAT	win	名詞
PAよーどてんがんせんがんえき	PA・ヨード点眼・洗眼液	win	名詞
PDA	PDA	win	名詞
PDCH19かんれんしょうこうぐん	PDCH19関連症候群	win	名詞
PF4	PF4	win	名詞
PFAPAしょうこうぐん	PFAPA症候群	win	名詞
PGF2あるふぁ	PGF2α	win	名詞
PIEしょうこうぐん	PIE症候群	win	名詞
PIPかんせつ	PIP関節	win	名詞
PIPかんせつえん	PIP関節炎	win	名詞
PIPかんせつかいほうせいだっきゅうこっせつ	PIP関節開放性脱臼骨折	win	名詞
PIPかんせつしゃくそくそくふくじんたいそんしょう	PIP関節尺側側副靱帯損傷	win	名詞
PIPかんせつそくふくじんたいそんしょう	PIP関節側副靱帯損傷	win	名詞
PIPかんせつそくふくじんたいだんれつ	PIP関節側副靱帯断裂	win	名詞
PIPかんせつだっきゅう	PIP関節脱臼	win	名詞
PIPかんせつだっきゅうこっせつ	PIP関節脱臼骨折	win	名詞
PIPかんせつとうそくそくふくじんたいそんしょう	PIP関節橈側側副靱帯損傷	win	名詞
PIPかんせつないこっせつ	PIP関節内骨折	win	名詞
PIPかんせつねんざ	PIP関節捻挫	win	名詞
PIPかんせつぶがんぐりおん	PIP関節部ガングリオン	win	名詞
PIPかんせつへんけいせいかんせつしょう	PIP関節変形性関節症	win	名詞
PIVKA-IIこうち	PIVKA-II高値	win	名詞
PIVKA2	PIVKA2	win	名詞
PLかりゅう	PL顆粒	win	名詞
PLはいごうかりゅう	PL配合顆粒	win	名詞
PLほう	PL法	win	名詞
PN	PN	win	名詞
PNET	PNET	win	名詞
PNPけっそんしょう	PNP欠損症	win	名詞
PNPけつぼうしょう	PNP欠乏症	win	名詞
POA	POA	win	名詞
POEMSしょうこうぐん	POEMS症候群	win	名詞
PR3-ANCA	PR3-ANCA	win	名詞
PSA	PSA	win	名詞
PSAこうち	PSA高値	win	名詞
PSD	PSD	win	名詞
PSS	PSS	win	名詞
PT-PABA	PT-PABA	win	名詞
PTAばるーんかてーてる	PTAバルーンカテーテル	win	名詞
PTCAじゅつご	PTCA術後	win	名詞
PTCAじゅつごじょうたい	PTCA術後状態	win	名詞
PTCAようかてーてる	PTCA用カテーテル	win	名詞
PTH	PTH	win	名詞
PTHrP	PTHrP	win	名詞
PTHふかしけん	PTH負荷試験	win	名詞
PUVAりょうほう	PUVA療法	win	名詞
PVしゃんとかてーてるふくくうないいつだつ	PVシャントカテーテル腹腔内逸脱	win	名詞
Pagetoidがん	Pagetoid癌	win	名詞
Pagetびょう	Paget病	win	名詞
Pagnii-McClureしけん	Pagnii-McClure試験	win	名詞
Pancoastがた	Pancoast型	win	名詞
Pancoastしゅよう	Pancoast腫瘍	win	名詞
Pancoastしょうこうぐん	Pancoast症候群	win	名詞
Papanicolaouせんしょく	Papanicolaou染色	win	名詞
Parkinsonびょう	Parkinson病	win	名詞
Parrotかせいまひ	Parrot仮性麻痺	win	名詞
Paul-Bunnellはんのう	Paul-Bunnell反応	win	名詞
Pel-Ebsteinねつ	Pel-Ebstein熱	win	名詞
Pendredしょうこうぐん	Pendred症候群	win	名詞
Per	Per	win	名詞
Perico	Perico	win	名詞
Perthesびょう	Perthes病	win	名詞
Peutz-Jeghersしょうこうぐん	Peutz-Jeghers症候群	win	名詞
Pha	P波	win	名詞
Phようせいきゅうせいりんぱせいはっけつびょう	Ph陽性急性リンパ性白血病	win	名詞
Pickきゅう	Pick球	win	名詞
Pig	Pig	win	名詞
Pitさいぼう	Pit細胞	win	名詞
Plummer-Vinsonしょうこうぐん	Plummer-Vinson症候群	win	名詞
Plummerびょう	Plummmer病	win	名詞
Pompeびょう	Pompe病	win	名詞
Prader-Williしょうこうぐん	Prader-Willi症候群	win	名詞
Prehnちょうこう	Prehn徴候	win	名詞
ProGRP	ProGRP	win	名詞
Prowazekしょうたい	Prowazek小体	win	名詞
Pul	Pul	win	名詞
QRSは	QRS波	win	名詞
QTえんちょうしょうこうぐん	QT延長症候群	win	名詞
QTしょうこうぐん	QT症候群	win	名詞
QTたんしゅくしょうこうぐん	QT短縮症候群	win	名詞
Quinckeちょうこう	Quincke徴候	win	名詞
Quinckeふしゅ	Quincke浮腫	win	名詞
Qすいっちるびーれーざー	Qスイッチ・ルビーレーザー	win	名詞
Qねつ	Q熱	win	名詞
RA	RA	win	名詞
RAEB	RAEB	win	名詞
RAEB-t	RAEB-t	win	名詞
RAHAてすと	RAHAテスト	win	名詞
RARS	RARS	win	名詞
RARあるふぁ	RARα	win	名詞
RDS	RDS	win	名詞
RICEしょち	RICE処置	win	名詞
RIND	RIND	win	名詞
RLPこれすてろーる	RLPコレステロール	win	名詞
ROCきょくせん	ROC曲線	win	名詞
ROT	ROT	win	名詞
RS3PEしょうこうぐん	RS3PE症候群	win	名詞
RSういるすかんせんしょう	RSウイルス感染症	win	名詞
RSういるすきかんしえん	RSウイルス気管支炎	win	名詞
RSういるすこうげん	RSウイルス抗原	win	名詞
RSういるすこうたいか	RSウイルス抗体価	win	名詞
RSういるすさいきかんしえん	RSウイルス細気管支炎	win	名詞
RSういるすはいえん	RSウイルス肺炎	win	名詞
RT	RT	win	名詞
RVH	RVH	win	名詞
Ramsay-Huntしょうこうぐん	Ramsay-Hunt症候群	win	名詞
Ramstedtしゅじゅつ	Ramstedt手術	win	名詞
Reed-Sternbergさいぼう	Reed-sternberg細胞	win	名詞
Reiterしょうこうぐん	Reiter症候群	win	名詞
Rha	R波	win	名詞
Rhいんしふてきごう	Rh因子不適合	win	名詞
Rhいんしふてきごうゆけつ	Rh因子不適合輸血	win	名詞
Rhふてきごう	Rh不適合	win	名詞
Rhふてきごうにんしん	Rh不適合妊娠	win	名詞
Rhようけつせいしっかん	Rh溶血性疾患	win	名詞
Rivero-Carvalloちょうこう	Rivero−Carvallo徴候	win	名詞
Robertsonてんざ	Robertson転座	win	名詞
Rokitanskyしょうこうぐん	Rokitansky症候群	win	名詞
Rombergしけん	Romberg試験	win	名詞
Rombergちょうこう	Romberg徴候	win	名詞
Rorschachてすと	Rorchachテスト	win	名詞
Rose-Bengalしけん	Rose-Bengal試験	win	名詞
Rosenmullerか	Rosenmuller窩	win	名詞
Rosensterinちょうこう	Rosenstein徴候	win	名詞
Rotorしょうこうぐん	Rotor症候群	win	名詞
Rovsingちょうこう	Rovsing徴候	win	名詞
Rumpel-Leedeしけん	Rumpel-Leede試験	win	名詞
SAAたんぱく	SAA蛋白	win	名詞
SAH	SAH	win	名詞
SAPHOしょうこうぐん	SAPHO症候群	win	名詞
SARSころなういるすかくさんぞうふく	SARSコロナウイルス核酸増幅	win	名詞
SBE	SBE	win	名詞
SCADけっそんしょう	SCAD欠損症	win	名詞
SCCこうげん	SCC抗原	win	名詞
SCCこうち	SCC高値	win	名詞
SCID	SCID	win	名詞
SFD	SFD	win	名詞
SGAせいていしんちょうしょう	SGA性低身長症	win	名詞
SGかりゅう	SG顆粒	win	名詞
SIADH	SIADH	win	名詞
SLE	SLE	win	名詞
SLEがんてい	SLE眼底	win	名詞
SLEぼたいじ	SLE母体児	win	名詞
SLXこうち	SLX高値	win	名詞
SMさん	S・M散	win	名詞
SMはいごうさん	S・M配合散	win	名詞
STP	SPT	win	名詞
STSていりょう	STS定量	win	名詞
STSはんていりょう	STS半定量	win	名詞
STごうざい	ST合剤	win	名詞
STじょうしょうがたきゅうせいしんきんこうそく	ST上昇型急性心筋梗塞	win	名詞
STろっく	STロック	win	名詞
Schellongしけん	Schellong試験	win	名詞
Schillingしけん	Schilling試験	win	名詞
Schmidtしょうこうぐん	Schmidt症候群	win	名詞
Schmidtはんのう	Schmidt反応	win	名詞
Schultzeようしき	Schultze様式	win	名詞
Schwannさいぼう	Schwann細胞	win	名詞
Senear-Usherしょうこうぐん	Senear-Usher症候群	win	名詞
Sezaryしょうこうぐん	Sézary症候群	win	名詞
Sheehanしょうこうぐん	Sheehan症候群	win	名詞
Shentonせん	Shenton線	win	名詞
Shulmanしょうこうぐん	Shulman症候群	win	名詞
Shy-dragerしょうこうぐん	Shy-Drager症候群	win	名詞
Simsい	Sims位	win	名詞
Smithこっせつ	Smith骨折	win	名詞
Span1こうげん	SPan-1抗原	win	名詞
Stage	Stage I	win	サジェストのみ
Stage	Stage II	win	サジェストのみ
Stage	Stage III	win	サジェストのみ
Stage	Stage IV	win	サジェストのみ
Stage	Stage V	win	サジェストのみ
Stage-I	Stage-I	win	名詞
Stage-II	Stage-II	win	名詞
Stage-III	Stage-III	win	名詞
Stage-IV	Stage-IV	win	名詞
Stage-V	Stage-V	win	名詞
Stanfordぶんるい	Stanford分類	win	名詞
Stein-Leventhalしょうこうぐん	Stein-Leventhal症候群	win	名詞
Stevens-Johnsonしょうこうぐん	Stevens-Johnson症候群	win	名詞
Stom	Stom	win	名詞
Sturge-Weberしょうこうぐん	Sturge-Weber症候群	win	名詞
Subclinical-Cushingしょうこうぐん	Subclinical-Cushing症候群	win	名詞
SudanIIIせんしょく	SudanIII染色	win	名詞
Sudeckこついしゅく	Sudeck骨萎縮	win	名詞
Sweetびょう	Sweet病	win	名詞
Sけいこうえむいそうさえむあんしや	S-蛍光M、位相差M、暗視野	win	名詞
Sけいこうえむいそうさえむあんしや	S-蛍光M、位相差M、暗視野M	win	名詞
Sじじょうけっちょうかちょうしょう	S字状結腸過長症	win	名詞
Sじじょうけっちょうきょうさくしょう	S字状結腸狭窄症	win	名詞
Sじじょうじん	S字状腎	win	名詞
Sじょうけっちょう	S状結腸	win	名詞
Sじょうけっちょうえん	S状結腸炎	win	名詞
Sじょうけっちょうかいよう	S状結腸潰瘍	win	名詞
Sじょうけっちょうかちょうしょう	S状結腸過長症	win	名詞
Sじょうけっちょうかんまくかへるにあ	S状結腸間膜窩ヘルニア	win	名詞
Sじょうけっちょうがん	S状結腸癌	win	名詞
Sじょうけっちょうきょうさく	S状結腸狭窄	win	名詞
Sじょうけっちょうきょうさくしょう	S状結腸狭窄症	win	名詞
Sじょうけっちょうけいしつ	S状結腸憩室	win	名詞
Sじょうけっちょうけいしつえん	S状結腸憩室炎	win	名詞
Sじょうけっちょうけいしつしゅっけつ	S状結腸憩室出血	win	名詞
Sじょうけっちょうけいしつせんこう	S状結腸憩室穿孔	win	名詞
Sじょうけっちょうけっかく	S状結腸結核	win	名詞
Sじょうけっちょうしきゅうろう	S状結腸子宮瘻	win	名詞
Sじょうけっちょうしゅよう	S状結腸腫瘍	win	名詞
Sじょうけっちょうじくねんてん	S状結腸軸捻転	win	名詞
Sじょうけっちょうせんこう	S状結腸穿孔	win	名詞
Sじょうけっちょうせんしゅ	S状結腸腺腫	win	名詞
Sじょうけっちょうせんてんいじょう	S状結腸先天異常	win	名詞
Sじょうけっちょうたはつけいしつ	S状結腸多発憩室	win	名詞
Sじょうけっちょうねんてんしょう	S状結腸捻転症	win	名詞
Sじょうけっちょうねんまくかしゅよう	S状結腸粘膜下腫瘍	win	名詞
Sじょうけっちょうぽりーぷ	S状結腸ポリープ	win	名詞
Sじょうけっちょうろう	S状結腸瘻	win	名詞
Sじょうじょうみゃくどうけっせんしょう	S状静脈洞血栓症	win	名詞
Sじょうじょうみゃくどうぶ	S状静脈洞部	win	名詞
Sじょうじん	S状腎	win	名詞
Sじょうちょうしゅよう	S状腸腫瘍	win	名詞
Sじょうどうけっせんしゅじゅつ	S状洞血栓手術	win	名詞
Sほおんそうちしようあめーば	S-保温装置使用アメーバ	win	名詞
T1kyoutyou	T1強調	win	名詞
T2kyoutyou	T2強調	win	名詞
T3	T3	win	名詞
T4	T4	win	名詞
TARしょうこうぐん	TAR症候群	win	名詞
TAT	TAT	win	名詞
TB	TB	win	名詞
TBA	TBA	win	名詞
TBC	TBC	win	名詞
TBG	TBG	win	名詞
TBGいじょうしょう	TBG異常症	win	名詞
TBGけっそんしょう	TBG欠損症	win	名詞
TBGぞうたしょう	TBG増多症	win	名詞
TBGていかしょう	TBG低下症	win	名詞
TDHていせい	TDH定性	win	名詞
TEL-AML1ようせいBりんぱがきゅうせいはっけつびょう	TEL-AML1陽性Bリンパ芽球性白血病	win	名詞
TEL-AML1ようせいBりんぱがきゅうせいはっけつびょう/りん	TEL-AML1陽性Bリンパ芽球性白血病/リンパ腫	win	名詞
TEL-AML1ようせいBりんぱがきゅうせいりんぱしゅ	TEL-AML1陽性Bリンパ芽球性リンパ腫	win	名詞
TFCCそんしょう	TFCC損傷	win	名詞
TIA	TIA	win	名詞
TIBC	TIBC（直接比色法）	win	名詞
TKかっせい	TK活性	win	名詞
TM	T-M/OP	win	名詞
TMさん	TM散	win	名詞
TMてれぱそろじー	T-M（テレパソロジー）	win	名詞
TNFあるふぁ	TNF-α	win	名詞
TNFじゅようたいかんれんしゅうきせいしょうこうぐん	TNF受容体関連周期性症候群	win	名詞
TNFそがいやく	TNF阻害薬	win	名詞
TPA	TPA	win	名詞
TPHA	TPHA（定量）	win	名詞
TRACP5bていりょう	TRACP-5b定量	win	名詞
TRAb	TRAb	win	名詞
TRHちゅう	TRH注	win	名詞
TRHふかしけん	TRH負荷試験	win	名詞
TSAb	TSAb	win	名詞
TSH	TSH	win	名詞
TSHさんせいかすいたいせんしゅ	TSH産生下垂体腺腫	win	名詞
TSHじゅようたいいじょうしょう	TSH受容体異常症	win	名詞
TSHたんどくけっそんしょう	TSH単独欠損症	win	名詞
TSHれせぷたーこうたい	TSHレセプター抗体	win	名詞
TTがたはんせんびょう	TT型ハンセン病	win	名詞
Tamm-Horsfallとうたんぱく	Tamm-Horsfall糖蛋白	win	名詞
TaussigーBingきけい	TaussigーBing奇形	win	名詞
Tay-Sachsびょう	Tay-Sachs病	win	名詞
Tcho	Tcho	win	名詞
TdT	TdT	win	名詞
TdTかっせい	TdT活性	win	名詞
Tha	T波	win	名詞
Tinelちょうこう	Tinel徴候	win	名詞
Tolosa-Huntしょうこうぐん	Tolosa-Hunt症候群	win	名詞
Treacher-Collinsしょうこうぐん	Treacher-Collins症候群	win	名詞
Trendelenburgたいい	Trendelenburg体位	win	名詞
Trendelenburgちょうこう	Trendelenburg徴候	win	名詞
Tsaibousenntakutekikyou	T細胞選択的共刺激調節薬	win	名詞
Tullioげんしょう	Tullio現象	win	名詞
Turnerしょうこうぐん	Turner症候群	win	名詞
Turnerじょせい	Turner女性	win	名詞
Tzanckしけん	Tzanck試験	win	名詞
Tさいぼうさぶせっと	T細胞サブセット	win	名詞
Tさいぼうせいいしょくごりんぱぞうしょくせいしっかん	T細胞性移植後リンパ増殖性疾患	win	名詞
Tさいぼうせいぜんりんぱきゅうはっけつびょう	T細胞性前リンパ球白血病	win	名詞
Tさいぼうせいだいかりゅうりんぱきゅうはっけつびょう	T細胞性大顆粒リンパ球白血病	win	名詞
TさいぼうそしききゅうほうふがただいさいぼうがたBさいぼ	T細胞組織球豊富型大細胞型B細胞性リンパ腫	win	名詞
Tさいぼうびーさいぼうひゃくぶんりつ	T細胞・B細胞百分率（フローサイトメトリー法）	win	名詞
Tぞーんりんぱしゅ	Tゾーンリンパ腫	win	名詞
Tりんぱがきゅうせいはっけつびょう	Tリンパ芽球性白血病	win	名詞
Tりんぱがきゅうせいはっけつびょう/りんぱしゅ	Tリンパ芽球性白血病/リンパ腫	win	名詞
Tりんぱがきゅうせいりんぱしゅ	Tリンパ芽球性リンパ腫	win	名詞
UDPぐるくろんさんてんいこうそいで	UDPグルクロン酸転移酵素遺伝子多型	win	名詞
UIBC	UIBC（直接比色法）	win	名詞
Uha	U波	win	名詞
Unnaぼはん	Unna母斑	win	名詞
Usherしょうこうぐん	Usher症候群	win	名詞
VATERしょうこうぐん	VATER症候群	win	名詞
VATERれんごうしょうこうぐん	VATER連合症候群	win	名詞
VAしゃんとかんせんしょう	VAシャント感染症	win	名詞
VAしゃんときのうふぜん	VAシャント機能不全	win	名詞
VIPさんせいしゅよう	VIP産生腫瘍	win	名詞
VLCADけっそんしょう	VLCAD欠損症	win	名詞
VMA	VMA	win	名詞
VPしゃんとかんせんしょう	VPシャント感染症	win	名詞
VPしゃんときのうふぜん	VPシャント機能不全	win	名詞
VSD	VSD	win	名詞
Valsalvaしゅぎ	Valsalva手技	win	名詞
Veroどくそ	Vero毒素	win	名詞
Vidalたいせん	Vidal苔癬	win	名詞
Vogt-こやなぎ-はらだびょう	Vogt-小柳-原田病	win	名詞
Volkmannこうしゅく	Volkmann拘縮	win	名詞
Vがたがいしゃし	V型外斜視	win	名詞
Vがたしれつきゅう	V型歯列弓	win	名詞
Vがたないしゃし	V型内斜視	win	名詞
WAIS-III	WAIS-III	win	名詞
WDHAしょうこうぐん	WDHA症候群	win	名詞
WISC-IV	WISC-IV	win	名詞
WISCR-III	WISCR-III	win	名詞
WPWしょうこうぐん	WPW症候群	win	名詞
WSD	WSD	win	名詞
WZ	WZ	win	名詞
Waardenburgしょうこうぐん	Waardenburg症候群	win	名詞
Wallenbergしょうこうぐん	Wallenberg症候群	win	名詞
Wangensteen-Riceほう	Wangensteen-Rice法	win	名詞
Waterhouse-Friderichsenしょうこうぐん	Waterhouse-Friderichsen症候群	win	名詞
Weber-Christianびょう	Weber-Christian病	win	名詞
Wechslerじどうようちのうけんさ	Wechsler児童用知能検査	win	名詞
Wechslerせいじんちのうけんさ	Wechsler成人知能検査	win	名詞
Weldnig-Hoffmanびょう	Weldnig-Hoffman病	win	名詞
Wernickeしつご	Wernicke失語	win	名詞
Wernickeのうしょう	Wernicke脳症	win	名詞
Wernig-Hoffmannびょう	Wernig-Hoffmann病	win	名詞
Westしょうこうぐん	West症候群	win	名詞
Willisどうみゃくりん	Willis動脈輪	win	名詞
Wilmsしゅよう	Wilms腫瘍	win	名詞
Wilson-Mikityしょうこうぐん	Wilson-Mikity症候群	win	名詞
Wilsonびょう	Wilson病	win	名詞
Winslowこう	Winslow孔	win	名詞
Wiskott-Aldrichしょうこうぐん	Wiskott-Aldrich症候群	win	名詞
Wolff-Chaikoffこうか	Wolff-Chaikoff効果	win	名詞
XOしょうこうぐん	XO症候群	win	名詞
XXXXXしょうこうぐん	XXXXX症候群	win	名詞
XXXXYしょうこうぐん	XXXXY症候群	win	名詞
XXXXしょうこうぐん	XXXX症候群	win	名詞
XXXしょうこうぐん	XXX症候群	win	名詞
XXYしょうこうぐん	XXY症候群	win	名詞
Xきゃく	X脚	win	名詞
Xしょうこうぐん	X症候群	win	名詞
Xせんねっしょう	X線熱傷	win	名詞
Xせんはくないしょう	X線白内障	win	名詞
XれんさこうIgMしょうこうぐん	X連鎖高IgM症候群	win	名詞
Xれんさじゅうしょうふくごうめんえきふぜんしょう	X連鎖重症複合免疫不全症	win	名詞
Xれんさむがんまぐろぶりんけっしょう	X連鎖無ガンマグロブリン血症	win	名詞
Xれんさりんぱぞうしょくしょうこうぐん	X連鎖リンパ増殖症候群	win	名詞
YGてすと	Y-Gテスト	win	名詞
YGてすと	矢田部・Guillford性格検査	win	短縮よみ
Yahr	Yahr	win	名詞
ZAP-70けっそんしょう	ZAP-70欠損症	win	名詞
ZS	ZS	win	名詞
Zenkerけいしつ	Zenker憩室	win	名詞
Ziehl-Neelsenせんしょく	Ziehl-Neelsen染色	win	名詞
Zn	Zn	win	名詞
Zollinger-Ellisonしょうこうぐん	Zollinger-Ellison症候群	win	名詞
dみめ	DMiME	win	短縮よみ
embeddedまいふくし	embedded埋伏歯	win	名詞
fは	f波	win	名詞
mTORそがいやく	mTOR阻害薬	win	名詞
non-Qこうそく	non-Q梗塞	win	名詞
slxこうげん	SLX抗原	win	名詞
sp1	SP1	win	名詞
t-PA	t-PA	win	名詞
tPAふくごうたい	tPA・PAI-1複合体	win	名詞
xせんさつえい	X線撮影	win	名詞
xれんさせいきゅうせきずいせいきんいしゅくしょう	X連鎖性球脊髄性筋萎縮症	win	名詞
ヴぃだるはんのう	ヴィダル反応	mac	名詞
ヴぃぽま	VIPoma	mac	名詞
ヴぃぽーま	VIPoma	mac	名詞
％さん	%散	mac	名詞
１いんし	Ⅰ因子	mac	名詞
１おん	Ⅰ音	mac	名詞
１かいかんきりょう	一回換気量	mac	名詞
１かいはくしゅつりょう	一回拍出量	mac	名詞
１がたあれるぎー	Ⅰ型アレルギー	mac	名詞
１がたこらーげん	Ⅰ型コラーゲン	mac	名詞
１がたとうさ	Ⅰ型糖鎖	mac	名詞
１がたとうにょうびょう	1型糖尿病	mac	名詞
１がたはいほうじょうひ	Ⅰ型肺胞上皮	mac	名詞
１き	Ⅰ期	mac	名詞
１きゅうしょうじょう	一級症状	mac	名詞
１さい６かげつじけんしん	1歳6カ月児健診	mac	名詞
１じかんち	1時間値	mac	名詞
１じゅうもうまく１ようまく	一絨毛膜一羊膜	mac	名詞
１じゅうもうまく１ようまくせいそうたい	一絨毛膜一羊膜性双胎	mac	名詞
１じゅうもうまく２ようまく	一絨毛膜二羊膜	mac	名詞
１じゅうもうまく２ようまくせいそうたい	一絨毛膜二羊膜性双胎	mac	名詞
１そく	一側	mac	名詞
１ど	Ⅰ度	mac	名詞
１どねっしょう	Ⅰ度熱傷	mac	名詞
１どぼうしつぶろっく	Ⅰ度房室ブロック	mac	名詞
１にちせっしゅきょようりょう	一日摂取許容量	mac	名詞
１にちにょうたんぱくりょう	一日尿蛋白量	mac	名詞
１ばいたい	一倍体	mac	名詞
１びょうりつ	1秒率	mac	名詞
１びょうりょう	1秒量	mac	名詞
１ほうこうせいぶろっく	1方向性ブロック	mac	名詞
１ゆうどう	Ⅰ誘導	mac	名詞
１らんせいそうたい	一卵性双胎	mac	名詞
１るいかんせんしょう	一類感染症	mac	名詞
１０いんし	Ⅹ因子	mac	名詞
１１いんし	XI因子	mac	名詞
１２いんし	XII因子	mac	名詞
１２ゆうどう	12誘導	mac	名詞
１３いんし	XIII因子	mac	名詞
１７あるふぁひどろきしぷろげすてろん	17α-ヒドロキシプロゲステロン	mac	名詞
１７あるふぁひどろきしらーぜ	17α-ヒドロキシラーゼ	mac	名詞
２いんし	Ⅱ因子	mac	名詞
２おん	Ⅱ音	mac	名詞
２かＨＰＶわくちん	2価HPVワクチン	mac	名詞
２がたあれるぎー	Ⅱ型アレルギー	mac	名詞
２がたこらーげん	Ⅱ型コラーゲン	mac	名詞
２がたとうさ	Ⅱ型糖鎖	mac	名詞
２がたとうにょうびょう	2型糖尿病	mac	名詞
２がたはいほうさいぼう	Ⅱ型肺胞細胞	mac	名詞
２がたはいほうじょうひ	Ⅱ型肺胞上皮	mac	名詞
２き	Ⅱ期	mac	名詞
２けいせい	二形性	mac	名詞
２しつ３くうしん	二室三腔心	mac	名詞
２じかんち	2時間値	mac	名詞
２じゅうあんてい	二重鞍底	mac	名詞
２じゅうじょうこん	二重条痕	mac	名詞
２じゅうぞうえい	二重造影	mac	名詞
２じゅうまく	二重膜	mac	名詞
２じゅうもうまく２ようまく	二絨毛膜二羊膜	mac	名詞
２じゅうもうまく２ようまくせいそうたい	二絨毛膜二羊膜性双胎	mac	名詞
２じゅうりんかく	二重輪郭	mac	名詞
２せんたい	二尖体	mac	名詞
２そうせい	二相性	mac	名詞
２そうせいはいばん	二層性胚盤	mac	名詞
２だんみゃく	二段脈	mac	名詞
２ど	Ⅱ度	mac	名詞
２どうげんたい	二動原体	mac	名詞
２どねっしょう	Ⅱ度熱傷	mac	名詞
２どぼうしつぶろっく	Ⅱ度房室ブロック	mac	名詞
２はいぶんにょうほう	2杯分尿法	mac	名詞
２ばいたい	二倍体	mac	名詞
２ぶんかつしこう	二分割思考	mac	名詞
２ぶんせきつい	二分脊椎	mac	名詞
２ぶんれつ	二分裂	mac	名詞
２ほうせい	2峰性	mac	名詞
２ほうせい	二峰性	mac	名詞
２ほうせいけいどうみゃくは	二峰性頸動脈波	mac	名詞
２ほうせいみゃくは	二峰性脈波	mac	名詞
２ほんさ	二本鎖	mac	名詞
２ゆうどう	Ⅱ誘導	mac	名詞
２らんせいそうたい	二卵性双胎	mac	名詞
２りょうたい	二量体	mac	名詞
２るいかんせんしょう	二類感染症	mac	名詞
２，３じほすほぐりせりんさん	2,3-ジホスホグリセリン酸	mac	名詞
２，５へきさんじおん	2,5-ヘキサンジオン	mac	名詞
２０どしょうりょうちゅうすいほう	20℃少量注水法	mac	名詞
２１ひどろきしらーぜ	21ヒドロキシラーゼ	mac	名詞
２４じかんにょう	24時間尿	mac	名詞
３いんし	Ⅲ因子	mac	名詞
３おん	Ⅲ音	mac	名詞
３かくとうがい	三角頭蓋	mac	名詞
３かくとうがいしょう	三角頭蓋症	mac	名詞
３かんごうりゅうぶ	三管合流部	mac	名詞
３がたあれるぎー	Ⅲ型アレルギー	mac	名詞
３がたこらーげん	Ⅲ型コラーゲン	mac	名詞
３き	Ⅲ期	mac	名詞
３さいじけんしん	3歳児健診	mac	名詞
３ざいへいようりょうほう	三剤併用療法	mac	名詞
３しきょうさく	3枝狭窄	mac	名詞
３しゃへいようりょうほう	三者併用療法	mac	名詞
３そうせいはいばん	三層性胚盤	mac	名詞
３そうは	三相波	mac	名詞
３たんとう	三炭糖	mac	名詞
３ちょう	三徴	mac	名詞
３ちょうこうせつ	三徴候説	mac	名詞
３ど	Ⅲ度	mac	名詞
３どねっしょう	Ⅲ度熱傷	mac	名詞
３どぼうしつぶろっく	Ⅲ度房室ブロック	mac	名詞
３はいよう	三胚葉	mac	名詞
３はんき	三半期	mac	名詞
３ひどろきしらくさん	3-ヒドロキシ酪酸	mac	名詞
３べーたひどろきしすてろいどでひどろげなーぜ	3β-ヒドロキシステロイドデヒドロゲナーゼ	mac	名詞
３ぺんこてい	三辺固定	mac	名詞
３めんきょう	三面鏡	mac	名詞
３ゆうどう	Ⅲ誘導	mac	名詞
３るいかんせんしょう	三類感染症	mac	名詞
３０ふんち	30分値	mac	名詞
４いんし	Ⅳ因子	mac	名詞
４おん	Ⅳ音	mac	名詞
４かＨＰＶわくちん	4価HPVワクチン	mac	名詞
４がたあれるぎー	Ⅳ型アレルギー	mac	名詞
４がたこらーげん	Ⅳ型コラーゲン	mac	名詞
４き	Ⅳ期	mac	名詞
４しゃふかしけん	4者負荷試験	mac	名詞
４はいぶんにょうほう	4杯分尿法	mac	名詞
４ぶんえん	四分円	mac	名詞
４るいかんせんしょう	四類感染症	mac	名詞
４れんしげき	4連刺激	mac	名詞
４れんはんのうひ	4連反応比	mac	名詞
５あみのさりちるさん	5-アミノサリチル酸	mac	名詞
５あるふぁかんげんこうそけっそんしょう	5α-還元酵素欠損症	mac	名詞
５あるふぁりだくたーぜ	5α-リダクターゼ	mac	名詞
５あるふぁれだくたーぜ	5α-レダクターゼ	mac	名詞
５いんし	Ⅴ因子	mac	名詞
５がたあれるぎー	Ⅴ型アレルギー	mac	名詞
５のほうそく	5の法則	mac	名詞
５ひどろきしとりぷたみん	5-ヒドロキシトリプタミン	mac	名詞
５ふるおろうらしる	5-フルオロウラシル	mac	名詞
５ふるおろでおきしうりじるさん	5-フルオロデオキシウリジル酸	mac	名詞
５ぶろもびにるうらしる	5-ブロモビニルウラシル	mac	名詞
５るいかんせんしょう	五類感染症	mac	名詞
６いんし	Ⅵ因子	mac	名詞
６めるかぷとぷりん	6-メルカプトプリン	mac	名詞
７いんし	Ⅶ因子	mac	名詞
７がたこらーげん	Ⅶ型コラーゲン	mac	名詞
７５ｇけいこうぶどうとうふかしけん	75g経口ブドウ糖負荷試験	mac	名詞
７５ｇとうふかしけん	75g糖負荷試験	mac	名詞
８いんし	Ⅷ因子	mac	名詞
９いんし	Ⅸ因子	mac	名詞
９かＨＰＶわくちん	9価HPVワクチン	mac	名詞
９のほうそく	9の法則	mac	名詞
Ａぐんぱーそなりてぃしょうがい	A群パーソナリティ障害	mac	名詞
Ａぐんれんさきゅうきん	A群連鎖球菌	mac	名詞
Ａたい	A帯	mac	名詞
ＡＤＨふてきせつぶんぴしょうこうぐん	ADH不適切分泌症候群	mac	名詞
ＡＩＤＳのうしょう	AIDS脳症	mac	名詞
ＡａＤＯ２かいだい	A-aDO2開大	mac	名詞
Ａｎｇ１	AngⅠ	mac	名詞
Ａｎｇ２	AngⅡ	mac	名詞
Ａｎｇ３	AngⅢ	mac	名詞
Ｂぐんぱーそなりてぃしょうがい	B群パーソナリティ障害	mac	名詞
Ｂぐんようけつせいれんさきゅうきん	B群溶血性連鎖球菌	mac	名詞
Ｂぐんようれんきん	B群溶連菌	mac	名詞
Ｂａｒｒｅちょうこう	Barré徴候	mac	名詞
Ｂａｚｉｎこうけつせいこうはん	Bazin硬結性紅斑	mac	名詞
Ｂｒｕｇａｄａしょうこうぐん	Burugada症候群	mac	名詞
Ｃぐんぱーそなりてぃしょうがい	C群パーソナリティ障害	mac	名詞
Ｃせんい	C線維	mac	名詞
Ｃはんのうせいたんぱく	C反応性蛋白	mac	名詞
Ｃまったん	C末端	mac	名詞
Ｃまったんがた	C末端型	mac	名詞
Ｃ３こんばたーぜ	C3コンバターゼ	mac	名詞
Ｄだいまー	D-ダイマー	mac	名詞
ＤＮＡかたはんてい	DNA型判定	mac	名詞
ＤＮＡさ	DNA鎖	mac	名詞
ＤＰひべん	DP皮弁	mac	名詞
Ｅｂｓｔｅｉｎきけい	Ebstein奇形	mac	名詞
ＥｈｌｅｒｓＤａｎｌｏｓしょうこうぐん	Ehlers-Danlos症候群	mac	名詞
Ｅｉｓｅｎｍｅｎｇｅｒか	Eisenmenger化	mac	名詞
Ｅｉｓｅｎｍｅｎｇｅｒしょうこうぐん	Eisenmenger症候群	mac	名詞
Ｅｗｉｎｇにくしゅ	Ewing肉腫	mac	名詞
Ｆａｌｌｏｔしちょうしょう	Fallot四徴症	mac	名詞
ＦｃいぷしろんＲ	FcεR	mac	名詞
ＦｃｅＲ	FcεR	mac	名詞
Ｇたんぱくしつ	G蛋白質	mac	名詞
Ｇ１き	G1期	mac	名詞
Ｇ２き	G2期	mac	名詞
ＧＰ１ｂ９	GPⅠb-Ⅸ	mac	名詞
ＧＰ２ｂ３あ	GPⅡb-Ⅲa	mac	名詞
ＧＰ２ｂ３えー	GPⅡb-Ⅲa	mac	名詞
Ｈいんし	H因子	mac	名詞
Ｈたい	H帯	mac	名詞
ＨＩＶかんれんじんしょう	HIV関連腎症	mac	名詞
ＨＩＶじんしょう	HIV腎症	mac	名詞
ＨＴＬＶ１かんれん	HTLV-1関連	mac	名詞
ＨＴＬＶ１かんれんじんしょう	HTLV-1関連腎症	mac	名詞
ＨＴＬＶ１かんれんみえろぱちー	HTLV-1関連ミエロパチー	mac	名詞
Ｉたい	I帯	mac	名詞
ＩＦＮあるふぁ	IFN-α	mac	名詞
ＩＦＮがんま	IFN-γ	mac	名詞
ＩＦＮべーた	IFN-β	mac	名詞
ＩＦＮａ	IFN-α	mac	名詞
ＩＦＮｂ	IFN-β	mac	名詞
ＩＦＮｃ	IFN-γ	mac	名詞
ＩｇＡじんしょう	IgA腎症	mac	名詞
ＩｋＢ	I-κB	mac	名詞
Ｋａｐｏｓｉすいとうようほっしんしょう	Kaposi水痘様発疹症	mac	名詞
ＬＤＬあふぇれーしす	LDLアフェレーシス	mac	名詞
ＬＳひ	L/S比	mac	名詞
Ｌｅｗｙしょうたいがたにんちしょう	Lewy小体型認知症	mac	名詞
Ｍき	M期	mac	名詞
Ｍせん	M線	mac	名詞
ＭＨＣこうそくせい	MHC拘束性	mac	名詞
Ｍａｒｆａｎしょうこうぐん	Marfan症候群	mac	名詞
Ｎあせちるがらくとさみん	N-アセチルガラクトサミン	mac	名詞
Ｎあせちるしすていん	N-アセチルシステイン	mac	名詞
Ｎまったん	N末端	mac	名詞
Ｎまったんがた	N末端型	mac	名詞
ＮＢＴしきそかんげんしけん	NBT色素還元試験	mac	名詞
ＮＣひ	N/C比	mac	名詞
ＮＦかっぱーびー	NF-κB	mac	名詞
ＮＦｋＢ	NF-κB	mac	名詞
Ｐは	P波	mac	名詞
ＰＧＦ２あるふぁ	PGF2α	mac	名詞
ＰＩＶＫＡ２	PIVKA-Ⅱ	mac	名詞
ＰＰかんかく	P-P間隔	mac	名詞
ＰＱかんかく	P-Q間隔	mac	名詞
ＱＲＳは	QRS波	mac	名詞
ＱＴえんちょう	QT延長	mac	名詞
ＱＴえんちょうしょうこうぐん	QT延長症候群	mac	名詞
ＱＴかんかく	Q-T間隔	mac	名詞
ＲＡＡけい	RAA系	mac	名詞
ＲＩないふくちりょう	RI内服治療	mac	名詞
ＲＮＡかんしょう	RNA干渉	mac	名詞
ＲＲかんかく	R-R間隔	mac	名詞
Ｒａｙｎａｕｄげんしょう	Raynaud現象	mac	名詞
Ｒｈいんせい	Rh陰性	mac	名詞
Ｒｈようせい	Rh陽性	mac	名詞
Ｓき	S期	mac	名詞
Ｓじょうけっちょう	S状結腸	mac	名詞
Ｓじょうけっちょうかんまく	S状結腸間膜	mac	名詞
Ｓじょうどうこう	S状洞溝	mac	名詞
Ｔかん	T管	mac	名詞
Ｔさいかん	T細管	mac	名詞
Ｔは	T波	mac	名詞
Ｔりんぱがきゅうせいりんぱしゅ	Tリンパ芽球性リンパ腫	mac	名詞
ＴＥＮがたやくしん	TEN型薬疹	mac	名詞
ＴＧＦべーた	TGF-β	mac	名詞
ＴＧＦｂ	TGF-β	mac	名詞
ＴＮＦあるふぁ	TNF-α	mac	名詞
ＴＮＦべーた	TNF-β	mac	名詞
ＴＮＦａ	TNF-α	mac	名詞
ＴＮＦｂ	TNF-β	mac	名詞
ＴＱかんかく	T-Q間隔	mac	名詞
ＴＳＨさんせいかすいたいせんしゅ	TSH産生下垂体腺腫	mac	名詞
ＴＳＨさんせいしゅよう	TSH産生腫瘍	mac	名詞
Ｖａｌｓａｌｖａどう	Valsalva洞	mac	名詞
Ｖａｌｓａｌｖａどうどうみゃくりゅう	Valsalva洞動脈瘤	mac	名詞
Ｗけいせいじゅつ	W形成術	mac	名詞
ＷＰＷしょうこうぐん	WPW症候群	mac	名詞
Ｗｉｌｌｉｓどうみゃくりん	Willis動脈輪	mac	名詞
Ｘせん	X線	mac	名詞
Ｘせんしゃしん	X線写真	mac	名詞
Ｘれんさせい	X連鎖性	mac	名詞
Ｘれんさせいゆうせい	X連鎖性優性	mac	名詞
Ｘれんさせいれっせい	X連鎖性劣性	mac	名詞
Ｘれんさむがんまぐろぶりんけっしょう	X連鎖無γ-グロブリン血症	mac	名詞
Ｚけいせいじゅつ	Z形成術	mac	名詞
Ｚせん	Z線	mac	名詞
ａｂＴさいぼうれせぷたー	αβT細胞レセプター	mac	名詞
ｃｄＴさいぼうれせぷたー	γδT細胞レセプター	mac	名詞
ｆは	f波	mac	名詞
ｍｐｈｉ	Mφ	mac	名詞
ｘせん	X線	mac	名詞
