ばいある	バイアル	mac	名詞
ばいえった	バイエッタ	mac	名詞
ばいえんりん	煤煙輪	mac	名詞
ばいおあべいらびりてぃ	バイオアベイラビリティ	mac	名詞
ばいおふぃるむ	バイオフィルム	mac	名詞
ばいおふぃるむけいせい	バイオフィルム形成	mac	名詞
ばいおふぃーどばっくりょうほう	バイオフィードバック療法	mac	名詞
ばいおまーかー	バイオマーカー	mac	名詞
ばいかい	媒介	ime	名詞
ばいかせんりょう	倍加線量	mac	名詞
ばいくりる	バイクリル	mac	名詞
ばいさん	倍散	mac	名詞
ばいすたんだーこうか	バイスタンダー効果	mac	名詞
ばいすてーじ	バイステージ	ime	名詞
ばいたる	バイタル	mac	名詞
ばいたるさいん	バイタルサイン	mac	名詞
ばいとらっくす	バイトラックス	mac	名詞
ばいどく	梅毒	both	名詞
ばいどくかんせんぼたい	梅毒感染母体	ime	名詞
ばいどくけっせいはんのう	梅毒血性反応	mac	名詞
ばいどくけっせいはんのう	梅毒血清反応	ime	名詞
ばいどくけっせいはんのうぎようせい	梅毒血清反応偽陽性	ime	名詞
ばいどくけっせいはんのうようせい	梅毒血清反応陽性	ime	名詞
ばいどくししつこうげん	梅毒脂質抗原	ime	名詞
ばいどくしゅ	梅毒腫	ime	名詞
ばいどくしょう	梅毒症	ime	名詞
ばいどくせい	梅毒性	ime	名詞
ばいどくせいあんび	梅毒性鞍鼻	ime	名詞
ばいどくせいかくけつまくえん	梅毒性角結膜炎	ime	名詞
ばいどくせいかくまくえん	梅毒性角膜炎	ime	名詞
ばいどくせいかつえきほうえん	梅毒性滑液包炎	ime	名詞
ばいどくせいかんせん	梅毒性乾癬	ime	名詞
ばいどくせいきかんえん	梅毒性気管炎	ime	名詞
ばいどくせいきんえん	梅毒性筋炎	ime	名詞
ばいどくせいけいせいせきずいまひ	梅毒性痙性脊髄麻痺	ime	名詞
ばいどくせいこうとうきかんえん	梅毒性喉頭気管炎	ime	名詞
ばいどくせいこきゅうきしょうがい	梅毒性呼吸器障害	ime	名詞
ばいどくせいごむしゅ	梅毒性ゴム腫	ime	名詞
ばいどくせいししんけいいしゅく	梅毒性視神経萎縮	ime	名詞
ばいどくせいしんきんえん	梅毒性心筋炎	ime	名詞
ばいどくせいしんこうせいちほう	梅毒性進行性痴呆	ime	名詞
ばいどくせいしんないまくえん	梅毒性心内膜炎	ime	名詞
ばいどくせいしんべんまくえん	梅毒性心弁膜炎	ime	名詞
ばいどくせいしんまくえん	梅毒性心膜炎	ime	名詞
ばいどくせいずいまくえん	梅毒性髄膜炎	ime	名詞
ばいどくせいせきずいせいどうみゃくえん	梅毒性脊髄性動脈炎	ime	名詞
ばいどくせいせきついえん	梅毒性脊椎炎	ime	名詞
ばいどくせいぜつかいよう	梅毒性舌潰瘍	ime	名詞
ばいどくせいだいどうみゃくえん	梅毒性大動脈炎	ime	名詞
ばいどくせいだいどうみゃくべんへいさふぜんしょう	梅毒性大動脈弁閉鎖不全症	ime	名詞
ばいどくせいだいどうみゃくりゅう	梅毒性大動脈瘤	ime	名詞
ばいどくせいだつもうしょう	梅毒性脱毛症	ime	名詞
ばいどくせいちょうしんけいえん	梅毒性聴神経炎	ime	名詞
ばいどくせいどうみゃくえん	梅毒性動脈炎	ime	名詞
ばいどくせいどうみゃくないまくえん	梅毒性動脈内膜炎	ime	名詞
ばいどくせいないじえん	梅毒性内耳炎	mac	名詞
ばいどくせいねんまくしん	梅毒性粘膜疹	ime	名詞
ばいどくせいのうどうみゃくえん	梅毒性脳動脈炎	ime	名詞
ばいどくせいはいどうみゃくべんぎゃくりゅうしょう	梅毒性肺動脈弁逆流症	ime	名詞
ばいどくせいはくはん	梅毒性白斑	ime	名詞
ばいどくせいばらしん	梅毒性ばら疹	ime	名詞
ばいどくせいばらしん	梅毒性バラ疹	ime	名詞
ばいどくせいぱーきんそんしょうこうぐん	梅毒性パーキンソン症候群	ime	名詞
ばいどくせいふくまくえん	梅毒性腹膜炎	ime	名詞
ばいどくせいもうみゃくらくまくえん	梅毒性網脈絡膜炎	ime	名詞
ばいどくとれぽねーま	梅毒トレポネーマ	mac	名詞
ばいどくはんのうせいぶつがくてきぎようせい	梅毒反応生物学的偽陽性	ime	名詞
ばいふぃるせんようたんさん	バイフィル専用炭酸	ime	名詞
ばいめにえる	バイメニエル	ime	名詞
ばいも	バイモ	ime	名詞
ばいようけんたい	培養検体	mac	名詞
ばいらぶかりゅう	バイラブ顆粒	ime	名詞
ばいらーびょう	バイラー病	ime	名詞
ばうひんべん	バウヒン弁	mac	名詞
ばうふめす	バウフメス	mac	名詞
ばうろさんがんそうよう	バウロ散含嗽用	ime	名詞
ばえっきせんしょく	バエッキ染色	mac	名詞
ばきそざざい	バキソ坐剤	ime	名詞
ばきそなんこう	バキソ軟膏	ime	名詞
ばくが	バクガ	ime	名詞
ばくがせいぞうぎょうしゃはい	麦芽製造業者肺	ime	名詞
ばくしじさつ	爆死自殺	ime	名詞
ばくしじさつみすい	爆死自殺未遂	ime	名詞
ばくしだーるてんがんえき	バクシダール点眼液	ime	名詞
ばくじょうい	瀑状胃	ime	名詞
ばくそう	爆創	mac	名詞
ばくたかりゅう	バクタ顆粒	ime	名詞
ばくたはいごうかりゅう	バクタ配合顆粒	ime	名詞
ばくてろいです	バクテロイデス	mac	名詞
ばくてろいですかんせんしょう	バクテロイデス感染症	ime	名詞
ばくてろいですぞく	バクテロイデス属	mac	名詞
ばくとらみんかりゅう	バクトラミン顆粒	ime	名詞
ばくとらみんはいごうかりゅう	バクトラミン配合顆粒	ime	名詞
ばくとろばんびくうようなんこう	バクトロバン鼻腔用軟膏	ime	名詞
ばくはつせいじんかくいじょう	爆発性人格異常	ime	名詞
ばくはつせいせいかくしょうがい	爆発性性格障害	ime	名詞
ばくはつそんしょうしょうこうぐん	爆発損傷症候群	ime	名詞
ばくふぁみるてんがんえき	バクファミル点眼液	ime	名詞
ばくもんどう	バクモンドウ	ime	名詞
ばくもんどうとう	麦門冬湯	ime	名詞
ばくりゅうしゅ	麦粒腫	ime	名詞
ばくりゅうしゅせっかいじゅつ	麦粒腫切開術	ime	名詞
ばくろがげんいん	曝露が原因	mac	名詞
ばくろぐん	曝露群	mac	名詞
ばくろふぇんちゅうどく	バクロフェン中毒	ime	名詞
ばくろりょう	曝露量	mac	名詞
ばざんこうけつせいこうはん	バザン硬結性紅斑	ime	名詞
ばざんびょう	バザン病	ime	名詞
ばしとらしん	バシトラシン	mac	名詞
ばしらす	バシラス	mac	名詞
ばじりきしまぶ	バジリキシマブ	mac	名詞
ばじんこうけつせいこうはん	Bazin硬結性紅斑	mac	名詞
ばすけっとさいぼう	バスケット細胞	mac	名詞
ばすとしりんさいりゅう	バストシリン細粒	ime	名詞
ばすほう	バス法	mac	名詞
ばせどうがんしょう	バセドウ眼症	mac	名詞
ばせどうこうじょうせんぜんてきし	バセドウ甲状腺全摘術	ime	名詞
ばせどうびょう	Basedow病	ime	名詞
ばせどうびょう	バセドウ病	both	名詞
ばせどうびょうがんしょう	バセドウ病眼症	ime	名詞
ばせどうびょうじゅつごさいはつ	バセドウ病術後再発	ime	名詞
ばせどうびょうぼたいじ	バセドウ病母体児	ime	名詞
ばそぷれしん	バソプレシン	mac	名詞
ばそぷれっしん	バソプレッシン	mac	名詞
ばそれーたーなんこう	バソレーター軟膏	ime	名詞
ばちじょうし	ばち状指	mac	名詞
ばちづめ	ばち爪	ime	名詞
ばちゆび	ばち指	both	名詞
ばっかく	麦角	mac	名詞
ばっかくあるかろいど	麦角アルカロイド	ime	名詞
ばっかん	抜管	mac	名詞
ばっきょ	抜去	mac	名詞
ばっくすはっぽうかりゅう	バックス発泡顆粒	ime	名詞
ばっくぼーど	バックボード	mac	名詞
ばっぐばるぶますく	バッグ・バルブ・マスク	mac	名詞
ばっし	抜歯	ime	名詞
ばっしか	抜歯窩	mac	名詞
ばっしかちゆふぜん	抜歯窩治癒不全	ime	名詞
ばっしごかんせん	抜歯後感染	ime	名詞
ばっしごしこんまくえん	抜歯後歯根膜炎	ime	名詞
ばっしごしそうえん	抜歯後歯槽炎	ime	名詞
ばっしごしそうこつえん	抜歯後歯槽骨炎	ime	名詞
ばっしごしゅっけつ	抜歯後出血	ime	名詞
ばっしごとうつう	抜歯後疼痛	ime	名詞
ばっししゅじゅつ	抜歯手術	ime	名詞
ばっしそうろうこうけいせい	抜歯創瘻孔形成	ime	名詞
ばっしん	抜針	mac	名詞
ばっそう	抜爪	ime	名詞
ばってい	抜釘	ime	名詞
ばっどきありしょうこうぐん	バッド-キアリ症候群	mac	名詞
ばっどきありしょうこうぐん	バッド・キアリ症候群	ime	名詞
ばっどてんきありしょうこうぐん	バッド・キアリ症候群	ime	名詞
ばっぷふぉーさいりゅう	バップフォー細粒	ime	名詞
ばつもうしょう	抜毛症	mac	名詞
ばつもうへき	抜毛癖	ime	名詞
ばつもうほう	抜毛法	ime	名詞
ばていけい	馬蹄形	mac	名詞
ばていけいじん	馬蹄形腎	ime	名詞
ばていじん	馬蹄腎	both	名詞
ばていてつじん	馬蹄鉄腎	both	名詞
ばとらふぇんがいようえき	バトラフェン外用液	ime	名詞
ばとらふぇんくりーむ	バトラフェンクリーム	ime	名詞
ばとるちょうこう	バトル徴候	mac	名詞
ばなじうむけつぼうしょう	バナジウム欠乏症	ime	名詞
ばなせふぁんでぃーえす	バナセファン	ime	名詞
ばなりんとっぷさいりゅう	バナリントップ細粒	ime	名詞
ばなんどらいしろっぷ	バナンドライシロップ	ime	名詞
ばにおん	バニオン	ime	名詞
ばにょうさん	馬尿酸	both	名詞
ばにょうさんごうせい	馬尿酸合成	ime	名詞
ばにょうさんにょうしょう	馬尿酸尿症	ime	名詞
ばにりるまんでるさん	バニリルマンデル酸	mac	名詞
ばねひざ	ばね膝	ime	名詞
ばねゆび	ばね指	ime	名詞
ばび	馬尾	mac	名詞
ばびしょうこうぐん	馬尾症候群	ime	名詞
ばびしんけいしゅよう	馬尾神経腫瘍	ime	名詞
ばびしんけいしょうがい	馬尾神経障害	ime	名詞
ばびじょういしゅ	馬尾上衣腫	ime	名詞
ばびせいかんけつせいはこう	馬尾性間欠性跛行	ime	名詞
ばびせいかんけつせいはこう	馬尾性間歇性跛行	ime	名詞
ばびそんしょう	馬尾損傷	ime	名詞
ばびんすきー	バビンスキー	mac	名詞
ばびんすきーちょうこう	Babinski徴候	ime	名詞
ばびんすきーちょうこう	バビンスキー徴候	mac	名詞
ばびんすきーはんしゃ	Babinski反射	ime	名詞
ばびんすきーはんしゃ	バビンスキー反射	mac	名詞
ばふぁりん	バファリン	ime	名詞
ばべしあしょう	バベシア症	ime	名詞
ばむすたー	バムスター	ime	名詞
ばむすたーえす	バムスター	ime	名詞
ばらいろひこうしん	薔薇色粃糠疹	mac	名詞
ばらしくろびる	バラシクロビル	mac	名詞
ばらしくろびるえんさんえん	バラシクロビル塩酸塩	ime	名詞
ばらしくろびるかりゅう	バラシクロビル顆粒	ime	名詞
ばらしん	ばら疹	ime	名詞
ばらしん	バラ疹	both	名詞
ばらんすさん	バランス散	ime	名詞
ばらんちじうむしょう	バランチジウム症	ime	名詞
ばりうむ	バリウム	mac	名詞
ばりえねま	バリエネマ	ime	名詞
ばりえーすはっぽうかりゅう	バリエース発泡顆粒	ime	名詞
ばりこんくえふ	バリコンク	ime	名詞
ばりこんくえむえっくす	バリコンク	ime	名詞
ばりこんみーる	バリコンミール	ime	名詞
ばりすとかるじおぐらふ	バリストカルジオグラフ	ime	名詞
ばりすむす	バリスムス	ime	名詞
ばりずむ	バリズム	both	名詞
ばりとげん	バリトゲン	ime	名詞
ばりとげんえすえっちでぃー	バリトゲン	ime	名詞
ばりとげんえっちでぃー	バリトゲン	ime	名詞
ばりとげんしーてぃー	バリトゲン	ime	名詞
ばりとげんぞる	バリトゲンゾル	ime	名詞
ばりとげんはっぽうかりゅう	バリトゲン発泡顆粒	ime	名詞
ばりとげんーでらっくす	バリトゲン-デラックス	ime	名詞
ばりとっぷ	バリトップ	ime	名詞
ばりとっぷぞる	バリトップゾル	ime	名詞
ばりぶらいとあーる	バリブライト	ime	名詞
ばりぶらいとえるぶい	バリブライト	ime	名詞
ばりぶらいとしーえる	バリブライト	ime	名詞
ばりぶらいとぞる	バリブライトゾル	ime	名詞
ばりぶらいとぴー	バリブライト	ime	名詞
ばりん	バリン	mac	名詞
ばりんとしょうこうぐん	バリント症候群	ime	名詞
ばるかんじんしょう	バルカン腎症	ime	名詞
ばるぎんしょうほうえき	バルギン消泡液	ime	名詞
ばるこーぜ	バルコーゼ	ime	名詞
ばるさるたん	バルサルタン	ime	名詞
ばるさるばしゅぎ	Valsalva手技	ime	名詞
ばるさるばどう	Valsalva洞	mac	名詞
ばるさるばどうどうみゃくりゅう	バルサルバ洞動脈瘤	ime	名詞
ばるさるばどうどうみゃくりゅうし	バルサルバ洞動脈瘤手術	ime	名詞
ばるさるばどうどうみゃくりゅうはれつ	バルサルバ洞動脈瘤破裂	ime	名詞
ばるさるばほう	バルサルバ法	mac	名詞
ばるじ	バルジ	mac	名詞
ばるとねらしょう	バルトネラ症	ime	名詞
ばるとりんせん	バルトリン腺	both	名詞
ばるとりんせんえん	バルトリン腺炎	ime	名詞
ばるとりんせんしゅ	バルトリン腺腫	ime	名詞
ばるとりんせんのうしゅ	バルトリン腺嚢腫	ime	名詞
ばるとりんせんのうほう	バルトリン腺嚢胞	both	名詞
ばるとりんせんのうほうしゅようてきしゅ	バルトリン腺嚢胞腫瘍摘出術	ime	名詞
ばるとりんせんのうよう	バルトリン腺膿瘍	ime	名詞
ばるとりんせんのうようせっかいじゅつ	バルトリン腺膿瘍切開術	ime	名詞
ばるとれっくすかりゅう	バルトレックス顆粒	ime	名詞
ばるねちーるさいりゅう	バルネチール細粒	ime	名詞
ばるびたーる	バルビタール	both	名詞
ばるびたーるさんいぞん	バルビタール酸依存	ime	名詞
ばるびたーるさんがたやくぶついぞん	バルビタール酸型薬物依存	ime	名詞
ばるびつれーと	バルビツレート	mac	名詞
ばるびつれーとちゅうどく	バルビツレート中毒	ime	名詞
ばるびつーる	バルビツール	mac	名詞
ばるびつーるさん	バルビツール酸	mac	名詞
ばるぷらむじょほうかりゅう	バルプラム徐放顆粒	ime	名詞
ばるぷろさん	バルプロ酸	both	名詞
ばるぷろさんちゅうどく	バルプロ酸中毒	ime	名詞
ばるぷろさんなとりうむ	バルプロ酸ナトリウム	both	名詞
ばるらいざーてんがんえき	バルライザー点眼液	ime	名詞
ばるーんかぎゃっこうせいけいじょうみゃくてきそくせんじゅつ	バルーン下逆行性経静脈的塞栓術	mac	名詞
ばるーんけっかんけいせいじゅつ	バルーン血管形成術	mac	名詞
ばれいしょでんぷん	バレイショデンプン	ime	名詞
ばれっとかいよう	バレット潰瘍	ime	名詞
ばれっとしょくどう	Barrett食堂	ime	名詞
ばれっとしょくどう	バレット食道	ime	名詞
ばれっとしょくどうがん	バレット食道癌	ime	名詞
ばれりんしろっぷ	バレリンシロップ	ime	名詞
ばれーてんりゅーしょうこうぐん	バレー・リュー症候群	ime	名詞
ばろしっかん	バロ疾患	ime	名詞
ばろじぇくとぞる	バロジェクトゾル	ime	名詞
ばろすはっぽうかりゅう	バロス発泡顆粒	ime	名詞
ばろすぱーすだぶりゅ	バロスパース	ime	名詞
ばろどうしんせいこうかしょう	バロ同心性硬化症	ime	名詞
ばろーどうしんせいこうかしょう	バロー同心性硬化症	ime	名詞
ばろーびょう	バロー病	ime	名詞
ばんかんじょうみゃく	板間静脈	mac	名詞
ばんかんそう	板間層	mac	名詞
ばんき	晩期	ime	名詞
ばんきさんじょくしゅっけつ	晩期産褥出血	ime	名詞
ばんきざんぞん	晩期残存	ime	名詞
ばんきしたいげんしょう	晩期死体現象	mac	名詞
ばんきせいし	晩期生歯	ime	名詞
ばんきせんてんしんけいばいどく	晩期先天神経梅毒	ime	名詞
ばんきせんてんせいしんけっかんばいどく	晩期先天性心血管梅毒	ime	名詞
ばんきせんてんばいどく	晩期先天梅毒	ime	名詞
ばんきせんてんばいどくせいかんしつせいかくまくえん	晩期先天梅毒性間質性角膜炎	ime	名詞
ばんきせんてんばいどくせいかんせつしょうがい	晩期先天梅毒性関節障害	ime	名詞
ばんきせんてんばいどくせいがんしょうがい	晩期先天梅毒性眼障害	ime	名詞
ばんきせんてんばいどくせいこつなんこつしょうがい	晩期先天梅毒性骨軟骨障害	ime	名詞
ばんきせんてんばいどくせいずいまくえん	晩期先天梅毒性髄膜炎	ime	名詞
ばんきせんてんばいどくせいたはつ	晩期先天梅毒性多発	ime	名詞
ばんきせんてんばいどくせいたはつにゅーろぱちー	晩期先天梅毒性多発ニューロパチー	ime	名詞
ばんきせんてんばいどくせいのうえん	晩期先天梅毒性脳炎	ime	名詞
ばんきせんぷくせんてんばいどく	晩期潜伏先天梅毒	ime	名詞
ばんきばいどく	晩期梅毒	ime	名詞
ばんきばいどくせいかつえきほうえん	晩期梅毒性滑液包炎	ime	名詞
ばんきばいどくせいきゅうごししんけいえん	晩期梅毒性球後視神経炎	ime	名詞
ばんきばいどくせいししんけいいしゅく	晩期梅毒性視神経萎縮	ime	名詞
ばんきばいどくせいじょうきょうまくえん	晩期梅毒性上強膜炎	ime	名詞
ばんきばいどくせいじょせいこつばんえんしょうせいしっか	晩期梅毒性女性骨盤炎症性疾患	ime	名詞
ばんきばいどくせいずいまくえん	晩期梅毒性髄膜炎	ime	名詞
ばんきばいどくせいたはつ	晩期梅毒性多発	ime	名詞
ばんきばいどくせいたはつにゅーろぱちー	晩期梅毒性多発ニューロパチー	ime	名詞
ばんきばいどくせいちょうしんけいえん	晩期梅毒性聴神経炎	ime	名詞
ばんきばいどくせいはくはん	晩期梅毒性白斑	ime	名詞
ばんきばいどくせきずいえん	晩期梅毒脊髄炎	ime	名詞
ばんきばいどくのうえん	晩期梅毒脳炎	ime	名詞
ばんきばいどくのうせきずいえん	晩期梅毒脳脊髄炎	ime	名詞
ばんくろふとしじょうちゅう	バンクロフト糸状虫	mac	名詞
ばんくろふとしじょうちゅうしょう	バンクロフト糸状虫症	ime	名詞
ばんぐねつ	バング熱	ime	名詞
ばんこまいしん	バンコマイシン	mac	名詞
ばんこまいしんえんさんえん	バンコマイシン塩酸塩	ime	名詞
ばんこまいしんえんさんえんさん	バンコマイシン塩酸塩散	ime	名詞
ばんこまいしんがんなんこう	バンコマイシン眼軟膏	ime	名詞
ばんこまいしんたいせいちょうきゅうきん	バンコマイシン耐性腸球菌	mac	名詞
ばんこまいしんたいせいちょうきゅうきんかんせんしょう	バンコマイシン耐性腸球菌感染症	ime	名詞
ばんじょうこう	板状硬	both	名詞
ばんじょうこうけつ	板状硬結	ime	名詞
ばんじょうむきはい	板状無気肺	ime	名詞
ばんせい	伴性	ime	名詞
ばんせいいでんせいぎょりんせん	伴性遺伝性魚鱗癬	mac	名詞
ばんせいぎょりんせん	伴性魚鱗癬	ime	名詞
ばんせいていしきそせいてつがきゅうせいひんけつ	伴性低色素性鉄芽球性貧血	ime	名詞
ばんせいむ	伴性無	ime	名詞
ばんせいむがんまぐろぶりんけっしょう	伴性無ガンマグロブリン血症	ime	名詞
ばんせいゆうせいいでん	伴性優性遺伝	ime	名詞
ばんせいりんぱそしきぞうしょくせいしっかん	伴性リンパ組織増殖性疾患	ime	名詞
ばんそうこうこていじゅつ	絆創膏固定術	ime	名詞
ばんちしょうこうぐん	バンチ症候群	both	名詞
ばんでるへーべしょうこうぐん	バンデルヘーベ症候群	ime	名詞
ばんはつせいひふぽるふぃりんしょう	晩発性皮膚ポルフィリン症	mac	名詞
ばんぱつげっけい	晩発月経	ime	名詞
ばんぱつこうか	晩発効果	mac	名詞
ばんぱつしょうがい	晩発障害	mac	名詞
ばんぱつしょけい	晩発初経	ime	名詞
ばんぱつせい	晩発性	both	名詞
ばんぱつせいしょうのうひしついしゅくしょう	晩発性小脳皮質委縮症	mac	名詞
ばんぱつせいしょうのうひしついしゅくしょう	晩発性小脳皮質萎縮症	ime	名詞
ばんぱつせいひしつせいしょうのういしゅく	晩発性皮質性小脳萎縮	ime	名詞
ばんぱつせいひふ	晩発性皮膚	ime	名詞
ばんぱつせいひふぽるふぃりんしょう	晩発性皮膚ポルフィリン症	both	名詞
ばんぱつせんてんばいどく	晩発先天梅毒	ime	名詞
ばんぱつへいけい	晩発閉経	ime	名詞
ばんぱーこっせつ	バンパー骨折	mac	名詞
ばんぱーまいぼつしょうこうぐん	バンパー埋没症候群	ime	名詞
ばんゆう	萬有	ime	名詞
ばーきっとはっけつびょう	バーキット白血病	ime	名詞
ばーきっとりんぱしゅ	Burkitリンパ腫	ime	名詞
ばーきっとりんぱしゅ	バーキットリンパ腫	both	名詞
ばーくほるでりあぞく	バークホルデリア属	mac	名詞
ばーしょうたい	バー小体	mac	名詞
ばーじゃーびょう	Buerger病	ime	名詞
ばーじゃーびょう	バージャー病	ime	名詞
ばーすとさぷれっしょん	バーストサプレッション	ime	名詞
ばーたーしょうこうぐん	バーター症候群	both	名詞
ばーとんこっせつ	バートン骨折	ime	名詞
ばーねっとしょうこうぐん	バーネット症候群	ime	名詞
ばーはそん	バー破損	ime	名詞
ばーべっくかりゅう	バーベック顆粒	mac	名詞
ばーるしょうたい	バール小体	mac	名詞
ばーんずびょう	バーンズ病	ime	名詞
びあさん	ビアサン	ime	名詞
びあつざしょう	鼻圧挫傷	ime	名詞
びあぺねむ	ビアペネム	mac	名詞
びいんくういじょうかんしょう	鼻咽腔異常感症	ime	名詞
びいんくうがん	鼻咽腔癌	ime	名詞
びいんくうけっかんせんいしゅ	鼻咽腔血管線維腫	ime	名詞
びいんくうしけつほう	鼻咽腔止血法	ime	名詞
びいんくうしゅよう	鼻咽腔腫瘍	ime	名詞
びいんくうせんいしゅしゅじゅつ	鼻咽腔線維腫手術	ime	名詞
びいんくうせんいせんしゅ	鼻咽腔線維腺腫	ime	名詞
びいんくうちょくたつきょう	鼻咽腔直達鏡	ime	名詞
びいんくうてんがいぶそんしょう	鼻咽腔天蓋部損傷	ime	名詞
びいんくうへいさ	鼻咽腔閉鎖	ime	名詞
びいんくうへいさきのうふぜんしょう	鼻咽腔閉鎖機能不全症	ime	名詞
びいんくうへいさじゅつ	鼻咽腔閉鎖術	ime	名詞
びいんとう	鼻咽頭	both	名詞
びいんとうあくせいしゅよう	鼻咽頭悪性腫瘍	ime	名詞
びいんとういしゅく	鼻咽頭萎縮	ime	名詞
びいんとういぶつ	鼻咽頭異物	ime	名詞
びいんとうがん	鼻咽頭癌	ime	名詞
びいんとうけっかく	鼻咽頭結核	ime	名詞
びいんとうしゅよう	鼻咽頭腫瘍	ime	名詞
びいんとうじふてりあ	鼻咽頭ジフテリア	ime	名詞
びいんとうのうほう	鼻咽頭嚢胞	ime	名詞
びいんとうのうよう	鼻咽頭膿瘍	ime	名詞
びいんとうはえようちゅうしょう	鼻咽頭はえ幼虫症	ime	名詞
びいんとうふしゅ	鼻咽頭浮腫	ime	名詞
びいんとうへいさふぜん	鼻咽頭閉鎖不全	ime	名詞
びいんとうへいさふぜんしょう	鼻咽頭閉鎖不全症	ime	名詞
びいんとうほうそうえん	鼻咽頭蜂巣炎	ime	名詞
びいんとうぽりーぷ	鼻咽頭ポリープ	ime	名詞
びいんどう	鼻咽道	mac	名詞
びえん	鼻炎	ime	名詞
びおすみん	ビオスミン	ime	名詞
びおすみんはいごうさん	ビオスミン配合散	ime	名詞
びおすりーさん	ビオスリー散	ime	名詞
びおすりーはいごうさん	ビオスリー配合散	ime	名詞
びおたみんさん	ビオタミン散	ime	名詞
びおちん	ビオチン	mac	名詞
びおちんいぞんせいかるぼきしらーぜけつぼうしょう	ビオチン依存性カルボキシラーゼ欠乏症	ime	名詞
びおちんけつぼうしょう	ビオチン欠乏症	ime	名詞
びおちんさん	ビオチン散	ime	名詞
びおふぇるみん	ビオフェルミン	ime	名詞
びおふぇるみん	ビオフェルミンR	ime	名詞
びおらくと	ビオラクト	ime	名詞
びおらくとげんまつ	ビオラクト原末	ime	名詞
びか	鼻窩	mac	名詞
びかさっかしょう	鼻下擦過傷	ime	名詞
びかさっかそう	鼻下擦過創	ime	名詞
びかぶ	眉下部	ime	名詞
びかるたみど	ビカルタミド	both	名詞
びかんぶざしょう	鼻間部挫傷	ime	名詞
びがいぜんとうどうしゅじゅつ	鼻外前頭洞手術	ime	名詞
びきゅう	眉弓	mac	名詞
びきょうけんさ	鼻鏡検査	mac	名詞
びきょく	鼻棘	mac	名詞
びきょくてん	鼻棘点	mac	名詞
びきん	鼻筋	mac	名詞
びくう	鼻腔	both	名詞
びくうあくせいこくしょくしゅ	鼻腔悪性黒色腫	ime	名詞
びくういぶつ	鼻腔異物	ime	名詞
びくういぶつそうにゅうこういしょう	鼻腔異物挿入後遺症	ime	名詞
びくうえいよう	鼻腔栄養	ime	名詞
びくうえき	鼻腔液	ime	名詞
びくうがん	鼻腔癌	ime	名詞
びくうさるこいどーしす	鼻腔サルコイドーシス	ime	名詞
びくうしゅよう	鼻腔腫瘍	ime	名詞
びくうしんけいがしゅ	鼻腔神経芽腫	ime	名詞
びくうずいえきろう	鼻腔髄液漏	ime	名詞
びくうつうきど	鼻腔通気度	both	名詞
びくうつうきどきけんさ	鼻腔通気度検査	mac	名詞
びくうない	鼻腔内	ime	名詞
びくうないあくせいしゅよう	鼻腔内悪性腫瘍	ime	名詞
びくうないいぶつ	鼻腔内異物	ime	名詞
びくうないしゅよう	鼻腔内腫瘍	ime	名詞
びくうないのうよう	鼻腔内膿瘍	ime	名詞
びくうないびらん	鼻腔内びらん	ime	名詞
びくうにゅうとうしゅ	鼻腔乳頭腫	ime	名詞
びくうねんまくしょうしゃくじゅつ	鼻腔粘膜焼灼術	ime	名詞
びくうのうしゅ	鼻腔嚢腫	ime	名詞
びくうぽりーぷ	鼻腔ポリープ	ime	名詞
びくうようなんこう	鼻腔用軟膏	ime	名詞
びくうりょうせいしゅよう	鼻腔良性腫瘍	ime	名詞
びくしりんどらいしろっぷ	ビクシリンドライシロップ	ime	名詞
びくつ	尾屈	mac	名詞
びくろっくすかりゅう	ビクロックス顆粒	ime	名詞
びくろっくすしろっぷ	ビクロックスシロップ	ime	名詞
びくろのーるがいようえき	ビクロノール外用液	ime	名詞
びくろのーるくりーむ	ビクロノールクリーム	ime	名詞
びぐあないど	ビグアナイド	mac	名詞
びぐあにど	ビグアニド	mac	名詞
びげん	鼻限	mac	名詞
びこう	鼻孔	ime	名詞
びこうかい	鼻甲介	both	名詞
びこうかいせつじょじゅつ	鼻甲介切除術	ime	名詞
びこうかいひこうしょう	鼻甲介肥厚症	ime	名詞
びこうかいりょう	鼻甲介稜	mac	名詞
びこうがい	鼻口蓋	ime	名詞
びこうがいかんのうほう	鼻口蓋管嚢胞	both	名詞
びこうがいしんけい	鼻口蓋神経	mac	名詞
びこうがいのうほう	鼻口蓋嚢胞	ime	名詞
びこうぶ	鼻口部	mac	名詞
びこうぶへいそく	鼻口部閉塞	both	名詞
びこうぶへいそくによるちっそく	鼻口部閉塞による窒息	ime	名詞
びこうぷろてーぜ	鼻孔プロテーゼ	ime	名詞
びこうへいそく	鼻口閉塞	mac	名詞
びこつ	尾骨	ime	名詞
びこつ	鼻骨	ime	名詞
びこつあだっきゅう	尾骨亜脱臼	ime	名詞
びこつえん	鼻骨縁	mac	名詞
びこつかいほうこっせつ	尾骨開放骨折	ime	名詞
びこつかいほうこっせつ	鼻骨開放骨折	ime	名詞
びこつかいほうせいふんさいこっせつ	鼻骨開放性粉砕骨折	ime	名詞
びこつかく	尾骨角	mac	名詞
びこつがいしょう	鼻骨外傷	ime	名詞
びこつきん	尾骨筋	mac	名詞
びこつこっせつ	尾骨骨折	ime	名詞
びこつこっせつ	鼻骨骨折	both	名詞
びこつこっせつかんけつてきしゅじゅつ	鼻骨骨折観血的手術	ime	名詞
びこつこっせつせいふくこていじゅつ	鼻骨骨折整復固定術	ime	名詞
びこつこっせつとしゅせいふくじゅつ	鼻骨骨折徒手整復術	ime	名詞
びこつこつずいえん	尾骨骨髄炎	ime	名詞
びこつしゅういえん	尾骨周囲炎	ime	名詞
びこつしゅよう	尾骨腫瘍	ime	名詞
びこつしょうがい	尾骨障害	ime	名詞
びこつしんけい	尾骨神経	mac	名詞
びこつすとれいん	尾骨ストレイン	ime	名詞
びこつだっきゅうせいふくじゅつ	鼻骨脱臼整復術	ime	名詞
びこつちんきゅうせいこっせつ	鼻骨陳旧性骨折	ime	名詞
びこつつう	尾骨痛	ime	名詞
びこつねんざ	尾骨捻挫	ime	名詞
びこつふんさいこっせつ	鼻骨粉砕骨折	ime	名詞
びこつぶ	尾骨部	ime	名詞
びこつぶえんしょう	尾骨部炎症	ime	名詞
びこつぶかいよう	尾骨部潰瘍	ime	名詞
びこつぶざしょう	尾骨部挫傷	ime	名詞
びこつぶだぼく	鼻骨部打撲	ime	名詞
びこつぶだぼくしょう	尾骨部打撲傷	ime	名詞
びこつぶつう	尾骨部痛	ime	名詞
びこつへんけいちゆこっせつ	鼻骨変形治癒骨折	ime	名詞
びこつへんけいちゆこっせつきょうせいし	鼻骨変形治癒骨折矯正術	ime	名詞
びこん	鼻根	mac	名詞
びこんぶさっかしょう	鼻根部擦過傷	ime	名詞
びこんぶだぼく	鼻根部打撲	ime	名詞
びこんぶだぼくざそう	鼻根部打撲挫創	ime	名詞
びこんぶれっそう	鼻根部裂創	ime	名詞
びさいのうきのうしょうがい	微細脳機能障害	ime	名詞
びさいのうきのうふぜんしょうこうぐん	微細脳機能不全症候群	ime	名詞
びさいのうけっかんしょうがい	微細脳血管障害	ime	名詞
びさいのうしょうがい	微細脳障害	ime	名詞
びさいのうそんしょう	微細脳損傷	ime	名詞
びさいのうそんしょうしょうこうぐん	微細脳損傷症候群	ime	名詞
びさいりゅうじょうえい	微細粒状影	mac	名詞
びさこじるざざい	ビサコジル坐剤	ime	名詞
びさこじるざざいにゅうようじよう	ビサコジル坐剤乳幼児用	ime	名詞
びしそう	鼻歯槽	ime	名詞
びしそうのうほう	鼻歯槽嚢胞	both	名詞
びしゅっけつ	鼻出血	both	名詞
びしゅっけつしけつほう	鼻出血止血法	ime	名詞
びしゅっけつしょう	鼻出血症	ime	名詞
びしょう	微小	ime	名詞
びしょうかん	微小管	mac	名詞
びしょうきょかくきゅう	微小巨核球	mac	名詞
びしょうけっかん	微小血管	mac	名詞
びしょうけっかんしょうがいせいようけつせいひんけつ	微小血管障害性溶血性貧血	ime	名詞
びしょうけっかんせいきょうしんしょう	微小血管性狭心症	ime	名詞
びしょうけっせん	微小血栓	mac	名詞
びしょうこあしっかん	微小コア疾患	ime	名詞
びしょうざんぞんびょうへん	微小残存病変	mac	名詞
びしょうしきゅうたいへんか	微小糸球体変化	mac	名詞
びしょうしゃし	微小斜視	ime	名詞
びしょうじょう	鼻症状	mac	名詞
びしょうてきもうそう	微小的妄想	mac	名詞
びしょうてんい	微小転移	mac	名詞
びしょうてんいそう	微小転移巣	mac	名詞
びしょうどうみゃくりゅう	微小動脈瘤	mac	名詞
びしょうのうよう	微小膿瘍	mac	名詞
びしょうへんか	微小変化	mac	名詞
びしょうへんかがた	微小変化型	both	名詞
びしょうへんかがたねふろーぜしょうこうぐん	微小変化型ネフローゼ症候群	ime	名詞
びしょうへんかがたねふろーぜしょうこうぐん	微少変化型ネフローゼ症候群	ime	名詞
びしょうへんかぐん	微小変化群	mac	名詞
びしょうへんかぐんねふろーぜ	微少変化群ネフローゼ	ime	名詞
びしょうもうそう	微小妄想	mac	名詞
びしょち	鼻処置	ime	名詞
びしょっぷすこあ	Bishopスコア	ime	名詞
びしん	鼻唇	ime	名詞
びしんこう	鼻唇溝	mac	名詞
びしんのうほう	鼻唇嚢胞	both	名詞
びじゃくじんつう	微弱陣痛	both	名詞
びじゃくじんつうしんせいじ	微弱陣痛新生児	ime	名詞
びじゃくじんつうたいじ	微弱陣痛胎児	ime	名詞
びじゅう	鼻汁	both	名詞
びじゅうかくたんちゅうこうさんきゅう	鼻汁喀痰中好酸球	ime	名詞
びじゅうけつ	鼻充血	ime	名詞
びじゅうけんさいじょう	鼻汁検査異常	ime	名詞
びじゅうちゅうこうさんきゅうけんさ	鼻汁中好酸球検査	mac	名詞
びじゅうもう	微絨毛	mac	名詞
びじょうかく	尾状核	mac	名詞
びじょうかくしゅっけつ	尾状核出血	ime	名詞
びじょうかくとう	尾状核頭	mac	名詞
びじょうぶ	眉上部	ime	名詞
びじょうよう	尾状葉	mac	名詞
びすあるぶみんけっしょう	ビスアルブミン血症	ime	名詞
びすこきんぐ	ビスコキング	ime	名詞
びすほすふぉねーと	ビスホスフォネート	mac	名詞
びすますちゅうどく	ビスマス中毒	ime	名詞
びすみらーさん	ビスミラー散	ime	名詞
びずい	尾髄	mac	名詞
びずいえきろう	鼻髄液瘻	ime	名詞
びせい	鼻声	ime	名詞
びせい	鼻性	both	名詞
びせいししんけいえん	鼻性視神経炎	ime	名詞
びせいししんけいしょう	鼻性視神経症	ime	名詞
びせいずがいないがっぺいしょう	鼻性頭蓋内合併症手術	ime	名詞
びせいＴＮＫさいぼうりんぱしゅ	鼻性T/NK細胞リンパ腫	mac	名詞
びせき	鼻石	ime	名詞
びせっこん	鼻切痕	mac	名詞
びせつ	鼻せつ	ime	名詞
びせん	鼻尖	mac	名詞
びせんあくせいこくしょくしゅ	鼻尖悪性黒色腫	ime	名詞
びせんいせい	微線維性	ime	名詞
びせんいせいこらーげん	微線維性コラーゲン	ime	名詞
びせんかしんらいん	鼻尖下唇ライン	mac	名詞
びせんきていさいぼうがん	鼻尖基底細胞癌	ime	名詞
びせんこつつう	尾仙骨痛	ime	名詞
びせんひふがん	鼻尖皮膚癌	ime	名詞
びせんぶ	鼻尖部	ime	名詞
びせんぶざそう	鼻尖部挫創	ime	名詞
びせんぶだぼくしょう	鼻尖部打撲傷	ime	名詞
びせんぶひふしゅよう	鼻尖部皮膚腫瘍	ime	名詞
びせんぼーえんびょう	鼻尖ボーエン病	ime	名詞
びせんゆうきょくさいぼうがん	鼻尖有棘細胞癌	ime	名詞
びぜんてい	鼻前庭	both	名詞
びぜんていえん	鼻前庭炎	ime	名詞
びぜんていがん	鼻前庭癌	ime	名詞
びぜんていせつ	鼻前庭せつ	ime	名詞
びぜんていのうほう	鼻前庭嚢胞	ime	名詞
びぜんていのうほうてきしゅつじゅつ	鼻前庭嚢胞摘出術	ime	名詞
びぜんていびらん	鼻前庭びらん	ime	名詞
びぜんていふるんける	鼻前庭フルンケル	ime	名詞
びぜんていぶ	鼻前庭部	ime	名詞
びぜんていぶざそう	鼻前庭部挫創	ime	名詞
びぜんていぶしっしん	鼻前庭部湿疹	ime	名詞
びぜんとうかん	鼻前頭管	mac	名詞
びぜんとうぶのうりゅう	鼻前頭部脳瘤	ime	名詞
びそ	鼻疽	ime	名詞
びそく	尾側	both	名詞
びそく	鼻側	both	名詞
びそくかいだん	鼻側階段	both	名詞
びそくかいだんじょうきょうさく	鼻側階段状狭窄	mac	名詞
びそくしんけいぐんこんごうまひ	尾側神経群混合麻痺	ime	名詞
びそくしんけいこう	尾側神経孔	mac	名詞
びそくじょうほう	鼻側上方	ime	名詞
びそくたいこう	尾側退行	mac	名詞
びそくちんか	鼻側沈下	mac	名詞
びそくはんもう	鼻側半盲	ime	名詞
びそのてーぷ	ビソノテープ	ime	名詞
びそぷろろーるふまるさんえん	ビソプロロールフマル酸塩	ime	名詞
びそるぼんさいりゅう	ビソルボン細粒	ime	名詞
びそるぼんしろっぷ	ビソルボンシロップ	ime	名詞
びぞくろすかりゅう	ビゾクロス顆粒	ime	名詞
びぞくろすなんこう	ビゾクロス軟膏	ime	名詞
びたけてきしゅつじゅつ	鼻茸摘出術	ime	名詞
びたこばーるてんがんえき	ビタコバール点眼液	ime	名詞
びたみろあるふぁ	ビタミロアルファ	ime	名詞
びたみん	ビタミン	ime	名詞
びたみんAかじょうしょう	ビタミンA過剰症	ime	名詞
びたみんAけつぼうしょう	ビタミンA欠乏症	ime	名詞
びたみんAけつぼうせいかくまくかいよう	ビタミンA欠乏性角膜潰瘍	ime	名詞
びたみんAけつぼうせいかくまくかんそうしょう	ビタミンA欠乏性角膜乾燥症	ime	名詞
びたみんAけつぼうせいかくまくなんかしょう	ビタミンA欠乏性角膜軟化症	ime	名詞
びたみんAけつぼうせいがんしっかん	ビタミンA欠乏性眼疾患	ime	名詞
びたみんAけつぼうせいけつまくかんそうしょう	ビタミンA欠乏性結膜乾燥症	ime	名詞
びたみんAけつぼうせいやもう	ビタミンA欠乏性夜盲	ime	名詞
びたみんB12けつぼうしょう	ビタミンB12欠乏症	ime	名詞
びたみんB12けつぼうせいひんけつ	ビタミンB12欠乏性貧血	ime	名詞
びたみんB12はんのうがためちるまろんさんけっしょう	ビタミンB12反応型メチルマロン酸血症	ime	名詞
びたみんB1けつぼうしょう	ビタミンB1欠乏症	ime	名詞
びたみんB2けつぼうしょう	ビタミンB2欠乏症	ime	名詞
びたみんB6けつぼうしょう	ビタミンB6欠乏症	ime	名詞
びたみんB6たいりょうせっしゅしょうこうぐん	ビタミンB6大量摂取症候群	ime	名詞
びたみんBぐんけつぼうしょう	ビタミンB群欠乏症	ime	名詞
びたみんCけつぼうしょう	ビタミンC欠乏症	ime	名詞
びたみんCけつぼうしょうせいしにくえん	ビタミンC欠乏症性歯肉炎	ime	名詞
びたみんDいぞんしょう	ビタミンD依存症	ime	名詞
びたみんDいぞんしょう1がた	ビタミンD依存症I型	ime	名詞
びたみんDいぞんしょう2がた	ビタミンD依存症II型	ime	名詞
びたみんDいぞんせいくるびょう	ビタミンD依存性くる病	ime	名詞
びたみんDかじょうしょう	ビタミンD過剰症	ime	名詞
びたみんDけっそんせいくるびょう	ビタミンD欠損性くる病	ime	名詞
びたみんDけつぼうしょう	ビタミンD欠乏症	ime	名詞
びたみんDけつぼうせいくるびょう	ビタミンD欠乏性くる病	ime	名詞
びたみんDけつぼうせいこつなんかしょう	ビタミンD欠乏性骨軟化症	ime	名詞
びたみんDていこうせいくるびょう	ビタミンD抵抗性くる病	ime	名詞
びたみんEけつぼうしょう	ビタミンE欠乏症	ime	名詞
びたみんKけつぼうしょう	ビタミンK欠乏症	ime	名詞
びたみんKけつぼうによるぎょうこいんしけつぼう	ビタミンK欠乏による凝固因子欠乏	ime	名詞
びたみんdいぞんせいくるびょう	ビタミンＤ依存性くる病	ime	名詞
びたみんdていこうせいくるびょう	ビタミンＤ抵抗性くる病	ime	名詞
びたみんいーけつぼうしょう	ビタミンE欠乏症	ime	名詞
びたみんえーかじょうしょう	ビタミンA過剰症	ime	名詞
びたみんえーけつぼうしょう	ビタミンA欠乏症	ime	名詞
びたみんえーけつぼうせいかくまくかいよう	ビタミンA欠乏性角膜潰瘍	ime	名詞
びたみんえーけつぼうせいかくまくかんそうしょう	ビタミンA欠乏性角膜乾燥症	ime	名詞
びたみんえーけつぼうせいかくまくなんかしょう	ビタミンA欠乏性角膜軟化症	ime	名詞
びたみんえーけつぼうせいがんしっかん	ビタミンA欠乏性眼疾患	ime	名詞
びたみんえーけつぼうせいけつまくかんそうしょう	ビタミンA欠乏性結膜乾燥症	ime	名詞
びたみんえーけつぼうせいやもう	ビタミンA欠乏性夜盲	ime	名詞
びたみんかじょうしょう	ビタミン過剰症	ime	名詞
びたみんけつぼうしょう	ビタミン欠乏症	ime	名詞
びたみんけつぼうしょうがい	ビタミン欠乏障害	mac	名詞
びたみんけつぼうしょうをともなうにんしんおそ	ビタミン欠乏症を伴う妊娠悪阻	ime	名詞
びたみんけつぼうせいひんけつ	ビタミン欠乏性貧血	ime	名詞
びたみんけーけつぼうしょう	ビタミンK欠乏症	ime	名詞
びたみんけーけつぼうによるぎょうこいんしけつぼう	ビタミンK欠乏による凝固因子欠乏	ime	名詞
びたみんざいらんよう	ビタミン剤乱用	ime	名詞
びたみんしーけつぼうしょう	ビタミンC欠乏症	ime	名詞
びたみんしーけつぼうしょうせいしにくえん	ビタミンC欠乏症性歯肉炎	ime	名詞
びたみんしーていりょう	ビタミンC定量	ime	名詞
びたみんでぃーいぞんしょう	ビタミンD依存症	ime	名詞
びたみんでぃーいぞんしょういちがた	ビタミンD依存症I型	ime	名詞
びたみんでぃーいぞんしょうにがた	ビタミンD依存症II型	ime	名詞
びたみんでぃーいぞんせいくるびょう	ビタミンD依存性くる病	ime	名詞
びたみんでぃーかじょうしょう	ビタミンD過剰症	ime	名詞
びたみんでぃーけつぼうしょう	ビタミンD欠乏症	ime	名詞
びたみんでぃーけつぼうせいくるびょう	ビタミンD欠乏性くる病	ime	名詞
びたみんでぃーていこうせいくるびょう	ビタミンD抵抗性くる病	ime	名詞
びたみんびーぐんけつぼうしょう	ビタミンB群欠乏症	ime	名詞
びたみんびーじゅうにけつぼうしょう	ビタミンB12欠乏症	ime	名詞
びたみんびーじゅうにけつぼうせいひんけつ	ビタミンB12欠乏性貧血	ime	名詞
びたみんびーじゅうにていりょう	ビタミンB12定量	ime	名詞
びたみんびーつー	ビタミンB2	ime	名詞
びたみんびーにけつぼうしょう	ビタミンB2欠乏症	ime	名詞
びたみんびーろくけつぼうしょう	ビタミンB6欠乏症	ime	名詞
びたみんびーろくたいりょうせっしゅしょうこうぐん	ビタミンB6大量摂取症候群	ime	名詞
びたみんびーわんけつぼうしょう	ビタミンB1欠乏症	ime	名詞
びたみんびーわんていりょう	ビタミンB1定量	ime	名詞
びたみんＫいぞんせいかるぼきしらーぜ	ビタミンK依存性カルボキシラーゼ	mac	名詞
びためじんさん	ビタメジン散	ime	名詞
びためじんはいごうさん	ビタメジン配合散	ime	名詞
びだく	微濁	ime	名詞
びだらびん	ビダラビン	ime	名詞
びだらびんなんこう	ビダラビン軟膏	ime	名詞
びだーるたいせん	ビダール苔癬	ime	名詞
びちゅう	鼻柱	mac	名詞
びちゅうかく	鼻中隔	both	名詞
びちゅうかくえし	鼻中隔壊死	ime	名詞
びちゅうかくかいほうこっせつ	鼻中隔開放骨折	ime	名詞
びちゅうかくかいよう	鼻中隔潰瘍	ime	名詞
びちゅうかくかせいきん	鼻中隔下制筋	mac	名詞
びちゅうかくがん	鼻中隔癌	ime	名詞
びちゅうかくきょうせいじゅつ	鼻中隔矯正術	both	名詞
びちゅうかくけっしゅせっかいじゅつ	鼻中隔血腫切開術	ime	名詞
びちゅうかくこっせつ	鼻中隔骨折	ime	名詞
びちゅうかくこっせつかんけつてきしゅし	鼻中隔骨折観血的手術	ime	名詞
びちゅうかくしゅっけつ	鼻中隔出血	ime	名詞
びちゅうかくしゅよう	鼻中隔腫瘍	ime	名詞
びちゅうかくせんこう	鼻中隔穿孔	both	名詞
びちゅうかくだっきゅう	鼻中隔脱臼	ime	名詞
びちゅうかくなんこつ	鼻中隔軟骨	mac	名詞
びちゅうかくなんこつねんざ	鼻中隔軟骨捻挫	ime	名詞
びちゅうかくなんこつまくえん	鼻中隔軟骨膜炎	ime	名詞
びちゅうかくのうよう	鼻中隔膿瘍	ime	名詞
びちゅうかくのうようせっかいじゅつ	鼻中隔膿瘍切開術	ime	名詞
びちゅうかくびらん	鼻中隔びらん	ime	名詞
びちゅうかくぷろてーぜ	鼻中隔プロテーゼ	ime	名詞
びちゅうかくわんきょく	鼻中隔弯曲	ime	名詞
びちゅうかくわんきょくしょう	鼻中隔弯曲症	ime	名詞
びちゅうかくわんきょくしょう	鼻中隔湾曲症	mac	名詞
びちゅうぶ	鼻柱部	ime	名詞
びちゅかくわんきょくしょう	鼻中隔湾曲症	mac	名詞
びっかーすたっふのうかんのうえん	ビッカースタッフ脳幹脳炎	ime	名詞
びっとさん	ビットサン	ime	名詞
びつい	尾椎	mac	名詞
びつう	鼻痛	ime	名詞
びていこつ	尾底骨	ime	名詞
びていこつこっせつ	尾底骨骨折	ime	名詞
びていこつつう	尾底骨痛	ime	名詞
びていこつぶつう	尾底骨部痛	ime	名詞
びとらなんこう	ビトラ軟膏	ime	名詞
びどうみゃくせんてきしゅつじゅつ	尾動脈腺摘出術	ime	名詞
びないいじょうかん	鼻内異常感	ime	名詞
びないいぶつてきしゅつじゅつ	鼻内異物摘出術	ime	名詞
びないしこつどうしゅじゅつ	鼻内篩骨洞手術	ime	名詞
びないじょうがくどうこんぽんし	鼻内上顎洞根本手術	ime	名詞
びないぜんとうどうしこつどうじ	鼻内前頭洞・篩骨洞・上顎洞手術と篩骨洞鼻外手術	ime	名詞
びないぜんとうどうしゅじゅつ	鼻内前頭洞手術	ime	名詞
びないちょうけいどうしゅじゅつ	鼻内蝶形洞手術	ime	名詞
びないゆちゃくしょう	鼻内癒着症	ime	名詞
びなんこつ	鼻軟骨	mac	名詞
びなんこつまくえん	鼻軟骨膜炎	ime	名詞
びねつ	微熱	ime	名詞
びねんまく	鼻粘膜	mac	名詞
びねんまくびらん	鼻粘膜びらん	ime	名詞
びねんまくゆうはつはんのう	鼻粘膜誘発反応	mac	名詞
びねーほう	ビネー法	mac	名詞
びのぐらっく	ビノグラック	ime	名詞
びのれるびん	ビノレルビン	mac	名詞
びはい	鼻背	mac	名詞
びはいあくせいこくしょくしゅ	鼻背悪性黒色腫	ime	名詞
びはいきていさいぼうがん	鼻背基底細胞癌	ime	名詞
びはいひふがん	鼻背皮膚癌	ime	名詞
びはいぶ	鼻背部	ime	名詞
びはいぼーえんびょう	鼻背ボーエン病	ime	名詞
びはいゆうきょくさいぼうがん	鼻背有棘細胞癌	ime	名詞
びばがとりん	ビバガトリン	ime	名詞
びばん	鼻板	both	名詞
びふぃすげん	ビフィスゲン	ime	名詞
びふぃだー	ビフィダー	ime	名詞
びふぉのーるえき	ビフォノール液	ime	名詞
びふぉのーるがいようえき	ビフォノール外用液	ime	名詞
びふぉのーるくりーむ	ビフォノールクリーム	ime	名詞
びふくびくうあくせいしゅようしゅじ	鼻副鼻腔悪性腫瘍手術	ime	名詞
びふくびくうしゅようてきしゅつじゅ	鼻副鼻腔腫瘍摘出術	ime	名詞
びふびんなんこう	ビフビン軟膏	ime	名詞
びふらみんまつ	ビフラミン末	ime	名詞
びぶあくせいこくしょくしゅ	鼻部悪性黒色腫	ime	名詞
びぶかいほうそう	鼻部開放創	ime	名詞
びぶかつそう	眉部割創	ime	名詞
びぶかつそう	鼻部割創	ime	名詞
びぶかんつうそう	鼻部貫通創	ime	名詞
びぶがいしょうせいいぶつ	鼻部外傷性異物	ime	名詞
びぶがいしょうせいしきそちんちゃく	鼻部外傷性色素沈着	ime	名詞
びぶがいしょうせいしゅちょう	鼻部外傷性腫脹	ime	名詞
びぶがいしょうせいひかいぶつ	鼻部外傷性皮下異物	ime	名詞
びぶきていさいぼうがん	鼻部基底細胞癌	ime	名詞
びぶけっかんしぼうしゅ	鼻部血管脂肪腫	ime	名詞
びぶけっしゅ	眉部血腫	ime	名詞
びぶこうそう	鼻部咬創	ime	名詞
びぶさっかしょう	鼻部擦過傷	ime	名詞
びぶさっかそう	鼻部擦過創	ime	名詞
びぶざしょう	鼻部挫傷	ime	名詞
びぶざそう	鼻部挫創	ime	名詞
びぶしそう	鼻部刺創	ime	名詞
びぶしぼうしゅ	鼻部脂肪腫	ime	名詞
びぶじょうひないこくしょくしゅ	鼻部上皮内黒色腫	ime	名詞
びぶせいしょくぼはん	鼻部青色母斑	ime	名詞
びぶせっかいかじょうひしゅ	鼻部石灰化上皮腫	ime	名詞
びぶせっそう	鼻部切創	ime	名詞
びぶそうしょう	鼻部創傷	ime	名詞
びぶだい	鼻部第	ime	名詞
びぶだい1どねっしょう	鼻部第1度熱傷	ime	名詞
びぶだい2どねっしょう	鼻部第2度熱傷	ime	名詞
びぶだい3どねっしょう	鼻部第3度熱傷	ime	名詞
びぶだいいちどねっしょう	鼻部第1度熱傷	ime	名詞
びぶだいさんどねっしょう	鼻部第3度熱傷	ime	名詞
びぶだいにどねっしょう	鼻部第2度熱傷	ime	名詞
びぶだぼくしょう	鼻部打撲傷	ime	名詞
びぶちゅうししょう	鼻部虫刺傷	ime	名詞
びぶひかけっしゅ	鼻部皮下血腫	ime	名詞
びぶひかしゅっけつ	鼻部皮下出血	ime	名詞
びぶひかしゅりゅう	鼻部皮下腫瘤	ime	名詞
びぶひふがん	鼻部皮膚癌	ime	名詞
びぶひふけっそんそう	鼻部皮膚欠損創	ime	名詞
びぶひふはくりそう	鼻部皮膚剥離創	ime	名詞
びぶひふりょうせいしゅよう	鼻部皮膚良性腫瘍	ime	名詞
びぶへんぺいぼはん	鼻部扁平母斑	ime	名詞
びぶぼはん	鼻部母斑	ime	名詞
びぶぼはんさいぼうぼはん	鼻部母斑細胞母斑	ime	名詞
びぶぼーえんびょう	鼻部ボーエン病	ime	名詞
びぶゆうきょくさいぼうがん	鼻部有棘細胞癌	ime	名詞
びぶりおぞく	ビブリオ属	mac	名詞
びぶれっそう	鼻部裂創	ime	名詞
びへい	鼻閉	both	名詞
びへいかん	鼻閉感	both	名詞
びへいしょう	鼻閉症	ime	名詞
びぺりでんえんさんえん	ビペリデン塩酸塩	ime	名詞
びほう	尾方	mac	名詞
びほなぞーる	ビホナゾール	ime	名詞
びほなぞーるくりーむ	ビホナゾールクリーム	ime	名詞
びますくしきほじょかんきほう	鼻マスク式補助換気法	ime	名詞
びまん	びまん	mac	名詞
びまんしんじゅんがた	びまん浸潤型	mac	名詞
びまんせい	びまん性	both	名詞
びまんせいいしゅくせいまひ	びまん性萎縮性麻痺	ime	名詞
びまんせいかんしつせいはいえん	びまん性間質性肺炎	ime	名詞
びまんせいかんしつせいはいせんいしょう	びまん性間質性肺線維症	ime	名詞
びまんせいかんせん	びまん性乾癬	ime	名詞
びまんせいかんないぞうしょくせいしきゅうたいじんえんね	びまん性管内増殖性糸球体腎炎ネフローゼ	ime	名詞
びまんせいかんないぞうしょくせいしきゅうたいじんえんね	びまん性管内増殖性糸球体腎炎ネフローゼ症候群	ime	名詞
びまんせいがいじえん	びまん性外耳炎	ime	名詞
びまんせいがいじどうえん	びまん性外耳道炎	ime	名詞
びまんせいきかんしえん	びまん性気管支炎	ime	名詞
びまんせいきかんしかくちょうしょう	びまん性気管支拡張症	ime	名詞
びまんせいきょうまくひこう	びまん性胸膜肥厚	ime	名詞
びまんせいこうかしょう	びまん性硬化症	ime	名詞
びまんせいこうさんきゅうせいきんまくえん	びまん性好酸球性筋膜炎	ime	名詞
びまんせいこうじょうせんしゅ	びまん性甲状腺腫	ime	名詞
びまんせいこうはんせいろうそう	びまん性紅斑性狼瘡	ime	名詞
びまんせいしょくどうけいれん	びまん性食道痙攣	ime	名詞
びまんせいしんけいひふえん	びまん性神経皮膚炎	ime	名詞
びまんせいじくさくそんしょう	びまん性軸索損傷	both	名詞
びまんせいずいまくしゅしょう	びまん性髄膜腫症	ime	名詞
びまんせいせいさいぼうしゅ	びまん性星細胞腫	ime	名詞
びまんせいせんいかはいえん	びまん性線維化肺炎	ime	名詞
びまんせいせんてんせいこうじょうせんしゅ	びまん性先天性甲状腺腫	ime	名詞
びまんせいたいかんひかくけっかんしゅ	びまん性体幹被角血管腫	ime	名詞
びまんせいだいさいぼうがたBさいぼうせいりんぱしゅ	びまん性大細胞型B細胞性リンパ腫	ime	名詞
びまんせいだいさいぼうがたてんばーきっとちゅうかんがた	びまん性大細胞型・バーキット中間型分類不能B細胞性リンパ腫	ime	名詞
びまんせいだいさいぼうがたてんほじきんちゅうかんがたぶ	びまん性大細胞型・ホジキン中間型分類不能B細胞性リンパ腫	ime	名詞
びまんせいだいさいぼうせいＢさいぼうせいりんぱしゅ	びまん性大細胞性B細胞性リンパ腫	mac	名詞
びまんせいだつもうしょう	びまん性脱毛症	ime	名詞
びまんせいちゅうどくせいこうじょうせんしゅ	びまん性中毒性甲状腺腫	ime	名詞
びまんせいちゅうひしゅ	びまん性中皮腫	ime	名詞
びまんせいのうそんしょう	びまん性脳損傷	both	名詞
びまんせいはいえん	びまん性肺炎	ime	名詞
びまんせいはいほうしゅっけつ	びまん性肺胞出血	mac	名詞
びまんせいはいほうしょうがい	びまん性肺胞傷害	ime	名詞
びまんせいはいほうしょうがい	びまん性肺胞障害	mac	名詞
びまんせいはくないしょう	びまん性白内障	ime	名詞
びまんせいはんさいきかんしえん	びまん性汎細気管支炎	both	名詞
びまんせいひょうそうかくまくえん	びまん性表層角膜炎	ime	名詞
びまんせいびょうへん	びまん性病変	mac	名詞
びまんせいまくせいしきゅうたいじんえんねふろーぜしょう	びまん性膜性糸球体腎炎ネフローゼ症候群	ime	名詞
びまんせいみゃくらくまくえん	びまん性脈絡膜炎	ime	名詞
びまんせいりんぱしゅ	びまん性リンパ腫	ime	名詞
びまんせいれゔぃしょうたいびょう	びまん性レヴィ小体病	ime	名詞
びめんちん	ビメンチン	mac	名詞
びもう	眉毛	mac	名詞
びもう	鼻毛	mac	名詞
びもうかせいきん	眉毛下制筋	mac	名詞
びもうじょうぼはん	眉毛上母斑	ime	名詞
びもうぶかつそう	眉毛部割創	ime	名詞
びもうぶせっかいかじょうひしゅ	眉毛部石灰化上皮腫	ime	名詞
びもうぶれっそう	眉毛部裂創	ime	名詞
びもうようたいしんけい	鼻毛様体神経	mac	名詞
びゃくごう	ビャクゴウ	ime	名詞
びゃくし	ビャクシ	ime	名詞
びゃくじゅつ	ビャクジュツ	ime	名詞
びゃっこかにんじんとう	白虎加人参湯	ime	名詞
びゅるがーびょう	ビュルガー病	ime	名詞
びゅーしー	ビューシー	ime	名詞
びょういんかんせん	病院感染	ime	名詞
びょういんかんれんかんせん	病院関連感染	ime	名詞
びょういんついきゅう	病因追求	mac	名詞
びょういんにもとづくびょうめい	病因に基づく病名	mac	名詞
びょうきぶんるい	病期分類	mac	名詞
びょうけい	病型	mac	名詞
びょうけいぶんるい	病型分類	mac	名詞
びょうげんいんし	病原因子	mac	名詞
びょうげんせい	病原性	mac	名詞
びょうげんせいじゆうせいかつ	病原性自由生活	ime	名詞
びょうげんせいじゆうせいかつあめーばしょう	病原性自由生活アメーバ症	ime	名詞
びょうげんせいだいちょうきんかんせんしょう	病原性大腸菌感染症	ime	名詞
びょうげんちゅう	病原虫	mac	名詞
びょうげんびせいぶつ	病原微生物	mac	名詞
びょうしき	病識	mac	名詞
びょうせいたはつ	病性多発	ime	名詞
びょうぜんせいかく	病前性格	mac	名詞
びょうそ	病訴	mac	名詞
びょうそうかんせん	病巣感染	mac	名詞
びょうそうかんせんしょう	病巣感染症	mac	名詞
びょうそうせい	病巣性	both	名詞
びょうそうせいこうくう	病巣性口腔	ime	名詞
びょうそうせいこうくうむちんしょう	病巣性口腔ムチン症	ime	名詞
びょうそうせいむちんしょう	病巣性ムチン症	ime	名詞
びょうそうそうはこついしょく	病巣掻爬骨移植	mac	名詞
びょうそうそうはこついしょくじゅつ	病巣掻爬骨移植術	mac	名詞
びょうそうないやくざいちゅうにゅう	病巣内薬剤注入	ime	名詞
びょうそく	病側	mac	名詞
びょうたいしつにん	病態失認	ime	名詞
びょうてき	病的	ime	名詞
びょうてきいぎ	病的意義	ime	名詞
びょうてきえんし	病的遠視	mac	名詞
びょうてきかんせつだっきゅう	病的関節脱臼	ime	名詞
びょうてきかんどうせいせいかく	病的感動性性格	ime	名詞
びょうてきがん	病的眼	mac	名詞
びょうてききょうどううんどう	病的共同運動	mac	名詞
びょうてきこっせつ	病的骨折	both	名詞
びょうてきしきゅうこうけいくつ	病的子宮後傾屈	ime	名詞
びょうてきしせつ	病的歯折	ime	名詞
びょうてきしんいんはんのう	病的心因反応	ime	名詞
びょうてきじんかく	病的人格	ime	名詞
びょうてきせいかく	病的性格	ime	名詞
びょうてきせっとう	病的窃盗	both	名詞
びょうてきたいげ	病的帯下	ime	名詞
びょうてきだっきゅう	病的脱臼	both	名詞
びょうてきとばく	病的賭博	both	名詞
びょうてきひまんしょう	病的肥満症	ime	名詞
びょうてきぶんれつ	病的分裂	mac	名詞
びょうてきほうか	病的放火	mac	名詞
びょうてきめいてい	病的酩酊	both	名詞
びょうぼたい	病母体	ime	名詞
びょうみえ	病みえ	ime	名詞
びょうりい	病理医	mac	名詞
びょうりかいぼう	病理解剖	mac	名詞
びょうりぞう	病理像	mac	名詞
びようげか	美容外科	mac	名詞
びよく	鼻翼	both	名詞
びよくあくせいこくしょくしゅ	鼻翼悪性黒色腫	ime	名詞
びよくきていさいぼうがん	鼻翼基底細胞癌	ime	名詞
びよくこきゅう	鼻翼呼吸	mac	名詞
びよくのうよう	鼻翼膿瘍	ime	名詞
びよくひふがん	鼻翼皮膚癌	ime	名詞
びよくぶ	鼻翼部	ime	名詞
びよくぶせっそう	鼻翼部切創	ime	名詞
びよくぶれっそう	鼻翼部裂創	ime	名詞
びよくぼーえんびょう	鼻翼ボーエン病	ime	名詞
びよくゆうきょくさいぼうがん	鼻翼有棘細胞癌	ime	名詞
びらすえき	ビラス液	ime	名詞
びらすくりーむ	ビラスクリーム	ime	名詞
びらん	びらん	mac	名詞
びらんせい	びらん性	both	名詞
びらんせいいえん	びらん性胃炎	ime	名詞
びらんせいかんせつしょう	びらん性関節症	ime	名詞
びらんせいしにくえん	びらん性歯肉炎	ime	名詞
びらんせいじゅうにしちょうえん	びらん性十二指腸炎	ime	名詞
びらんせいぼうこうえん	びらん性膀胱炎	ime	名詞
びりぐらふぃんしょっく	ビリグラフィンショック	ime	名詞
びりすこぴんでぃーあいしー	ビリスコピン	ime	名詞
びりゅうき	鼻隆起	mac	名詞
びりょうあるぶみんにょう	微量アルブミン尿	mac	名詞
びりょうげんそけつぼうせいひんけつ	微量元素欠乏性貧血	ime	名詞
びりるびんけっせき	ビリルビン結石	both	名詞
びりるびんたいしゃしょうがい	ビリルビン代謝障害	ime	名詞
びりるびんにょう	ビリルビン尿	ime	名詞
びりるびんのうしょう	ビリルビン脳症	mac	名詞
びりるびんふか	ビリルビン負荷	ime	名詞
びりるびんほうごう	ビリルビン抱合	mac	名詞
びるいかん	鼻涙管	both	名詞
びるいかんきょうさくしょう	鼻涙管狭窄症	ime	名詞
びるいかんけっせき	鼻涙管結石	ime	名詞
びるいかんぶじーほう	鼻涙管ブジー法	ime	名詞
びるいかんぶじーほうごやくえきる	鼻涙管ブジー法後薬液涙嚢洗浄	ime	名詞
びるいかんへいさしょう	鼻涙管閉鎖症	ime	名詞
びるいかんへいそく	鼻涙管閉塞	ime	名詞
びるいかんへいそくしょう	鼻涙管閉塞症	ime	名詞
びるいこう	鼻涙溝	mac	名詞
びるはるつじゅうけつきゅうちゅうしょう	ビルハルツ住血吸虫症	both	名詞
びるへきさるかりゅう	ビルヘキサル顆粒	ime	名詞
びるへきさるくりーむ	ビルヘキサルクリーム	ime	名詞
びるみちんくりーむ	ビルミチンクリーム	ime	名詞
びるれくすがんなんこう	ビルレクス眼軟膏	ime	名詞
びるろーと１ほう	ビルロートⅠ法	mac	名詞
びるろーと２ほう	ビルロートⅡ法	mac	名詞
びれつ	鼻裂	both	名詞
びろう	鼻漏	both	名詞
びわよう	ビワヨウ	ime	名詞
びんかあるかろいど	ビンカアルカロイド	mac	名詞
びんかんかんけいねんりょ	敏感関係念慮	ime	名詞
びんかんかんけいもうそう	敏感関係妄想	both	名詞
びんかんど	敏感度	mac	名詞
びんがすとかりゅう	ビンガスト顆粒	ime	名詞
びんくりすちん	ビンクリスチン	mac	名詞
びんすわんがーびょう	ビンスワンガー病	ime	名詞
びんだーしょうこうぐん	ビンダー症候群	ime	名詞
びんでしん	ビンデシン	mac	名詞
びんぶらすちん	ビンブラスチン	mac	名詞
びんろうじ	ビンロウジ	ime	名詞
びーぐんようれんきんかんせんしょう	B群溶連菌感染症	ime	名詞
びーむげん	ビームゲン	ime	名詞
びーるしょうすきーこくないしょうせいかぞくせいはくち	ビールショウスキー黒内障性家族性白痴	ime	名詞
びーるしょうすきーしっかん	ビールショウスキー疾患	ime	名詞
びーるすしょうこうぐん	ビールス症候群	ime	名詞
ぶいふぇんど	ブイフェンド	ime	名詞
ぶいよーしょうこうぐん	ブイヨー症候群	ime	名詞
ぶきよう	不器用	ime	名詞
ぶきようじしょうこうぐん	不器用児症候群	ime	名詞
ぶくりょう	ブクリョウ	ime	名詞
ぶくりょういん	茯苓飲	ime	名詞
ぶし	附子	mac	名詞
ぶしゃーるけっせつ	Bouchard結節	ime	名詞
ぶしゃーるけっせつ	ブシャール結節	ime	名詞
ぶしらみん	ブシラミン	both	名詞
ぶじー	ブジー	ime	名詞
ぶすふぁん	ブスファン	mac	名詞
ぶせれきゅあてんびえき	ブセレキュア点鼻液	ime	名詞
ぶせれりんさくさんえん	ブセレリン酢酸塩	ime	名詞
ぶたくさかふんしょう	ブタクサ花粉症	ime	名詞
ぶたりゅうざんきんびょう	ブタ流産菌病	ime	名詞
ぶちぶろんざざい	ブチブロン坐剤	ime	名詞
ぶちる	ブチル	mac	名詞
ぶちるあるこーるちゅうどく	ブチルアルコール中毒	ime	名詞
ぶちるすこぽらみんしゅうかぶつ	ブチルスコポラミン臭化物	ime	名詞
ぶちろふぇのん	ブチロフェノン	mac	名詞
ぶちろふぇのんけいしんけいよくせいやくちゅうどく	ブチロフェノン系神経抑制薬中毒	ime	名詞
ぶったいけんさ	物体検査	mac	名詞
ぶったいしつにん	物体失認	ime	名詞
ぶつりてきがいりょく	物理的外力	mac	名詞
ぶてなふぃん	ブテナフィン	mac	名詞
ぶてなふぃんえんさんえん	ブテナフィン塩酸塩	ime	名詞
ぶてなふぃんえんさんえんえき	ブテナフィン塩酸塩液	ime	名詞
ぶてなふぃんえんさんえんくりーむ	ブテナフィン塩酸塩クリーム	ime	名詞
ぶてなふぃんえんさんえんすぷれー	ブテナフィン塩酸塩スプレー	ime	名詞
ぶてらじんさいりゅう	ブテラジン細粒	ime	名詞
ぶとうあてとーぜがた	舞踏アテトーゼ型	mac	名詞
ぶとううんどう	舞踏運動	mac	名詞
ぶとうびょう	舞踏病	ime	名詞
ぶとうびょうよううんどう	舞踏病様運動	ime	名詞
ぶときさみん	ブトキサミン	mac	名詞
ぶとるふぁのーる	ブトルファノール	mac	名詞
ぶどうきゅうきん	ブドウ球菌	mac	名詞
ぶどうきゅうきんかんせんしょう	ぶどう球菌感染症	ime	名詞
ぶどうきゅうきんしょくちゅうどく	ぶどう球菌食中毒	ime	名詞
ぶどうきゅうきんせい	ぶどう球菌性	ime	名詞
ぶどうきゅうきんせいいんとうえん	ぶどう球菌性咽頭炎	ime	名詞
ぶどうきゅうきんせいしょくちゅうどく	ぶどう球菌性食中毒	ime	名詞
ぶどうきゅうきんせいしょくちゅうどく	ブドウ球菌性食中毒	mac	名詞
ぶどうきゅうきんせいねっしょうようひふしょうこうぐん	ぶどう球菌性熱傷様皮膚症候群	ime	名詞
ぶどうきゅうきんせいねっしょうようひふしょうこうぐん	ブドウ球菌性熱傷様皮膚症候群	mac	名詞
ぶどうきゅうきんせいはいえん	ブドウ球菌性肺炎	mac	名詞
ぶどうきゅうきんねっしょうようひふしょうこうぐん	ブドウ球菌熱傷様皮膚症候群	mac	名詞
ぶどうきゅうきんめちしりんたいせいい	ブドウ球菌メチシリン耐性遺伝子同定	ime	名詞
ぶどうしゅ	ブドウ酒	ime	名詞
ぶどうしゅようけっかんしゅ	ぶどう酒様血管腫	ime	名詞
ぶどうじょうけっかんしゅ	ブドウ状血管腫	ime	名詞
ぶどうとう	ブドウ糖	both	名詞
ぶどうとうちゅう	ブドウ糖注	ime	名詞
ぶどうとうとうふかけっとうちとうけい	ブドウ糖等負荷血糖値等経時検査	ime	名詞
ぶどうとうふかしけん	ブドウ糖負荷試験	mac	名詞
ぶどうとうふかしけんいじょう	ぶどう糖負荷試験異常	ime	名詞
ぶどうとうふかしけん２じかんち	ブドウ糖負荷試験2時間値	mac	名詞
ぶどうまく	ぶどう膜	both	名詞
ぶどうまくあくせいこくしょくしゅ	ぶどう膜悪性黒色腫	ime	名詞
ぶどうまくえん	ぶどう膜炎	both	名詞
ぶどうまくかくまくえん	ぶどう膜角膜炎	ime	名詞
ぶどうまくけっそん	ぶどう膜欠損	both	名詞
ぶどうまくしゅよう	ぶどう膜腫瘍	mac	名詞
ぶどうまくじかせんねつ	ぶどう膜耳下腺熱	ime	名詞
ぶどうまくめらのーま	ぶどう膜メラノーマ	ime	名詞
ぶぴばかいん	ブピバカイン	mac	名詞
ぶぶれしょうこうぐん	ブブレ症候群	ime	名詞
ぶぶん	部分	ime	名詞
ぶぶんかっせいやく	部分活性薬	mac	名詞
ぶぶんけんぼう	部分健忘	mac	名詞
ぶぶんしょう	部分症	mac	名詞
ぶぶんせい	部分性	ime	名詞
ぶぶんせいほうじょうきたい	部分性胞状奇胎	ime	名詞
ぶぶんぜんちたいばん	部分前置胎盤	ime	名詞
ぶぶんそうこう	部分奏功	mac	名詞
ぶぶんたいじょうみゃくかんりゅういじょう	部分体静脈還流異常	ime	名詞
ぶぶんちょうせつせいないしゃし	部分調節性内斜視	ime	名詞
ぶぶんてき	部分的	ime	名詞
ぶぶんてきいしきそうしつ	部分的意識喪失	ime	名詞
ぶぶんてきむししょう	部分的無歯症	ime	名詞
ぶぶんてんかん	部分てんかん	ime	名詞
ぶぶんはいじょうみゃくかんりゅういじょう	部分肺静脈還流異常	ime	名詞
ぶぶんほうじょうきたい	部分胞状奇胎	ime	名詞
ぶぶんほっさ	部分発作	mac	名詞
ぶぶんほっさじゅうえんじょうたい	部分発作重延状態	ime	名詞
ぶぶんむきはい	部分無気肺	ime	名詞
ぶぶんむししょう	部分無歯症	ime	名詞
ぶぶんゆちゃくたいばん	部分癒着胎盤	ime	名詞
ぶぷれのるふぃん	ブプレノルフィン	mac	名詞
ぶほるみん	ブホルミン	mac	名詞
ぶら	ブラ	ime	名詞
ぶらうしょうこうぐん	ブラウ症候群	ime	名詞
ぶらうんせかーるしょうこうぐん	ブラウン・セカール症候群	ime	名詞
ぶらうんとびょう	ブラウント病	ime	名詞
ぶらじきにん	ブラジキニン	mac	名詞
ぶらじるこうちゅうしょう	ブラジル鉤虫症	ime	名詞
ぶらじるしゅっけつねつ	ブラジル出血熱	ime	名詞
ぶらじるてんぽうそう	ブラジル天疱瘡	ime	名詞
ぶらすとみせすかんせん	ブラストミセス感染	ime	名詞
ぶらすとみせすしょう	ブラストミセス症	ime	名詞
ぶらすとみせすせいしかんびらんしょう	ブラストミセス性指間びらん症	ime	名詞
ぶらせいはいきしゅ	ブラ性肺気腫	ime	名詞
ぶらだろんかりゅう	ブラダロン顆粒	ime	名詞
ぶらっくあい	ブラックアイ	both	名詞
ぶらっくひーる	ブラックヒール	ime	名詞
ぶらんこざつおん	ブランコ雑音	ime	名詞
ぶらんでぃんぬーんのうほう	ブランディン・ヌーン嚢胞	ime	名詞
ぶらんどほわいとがーらんどしょうこうぐん	Bland-White-Garland症候群	ime	名詞
ぶりおんびょう	ブリオン病	ime	名詞
ぶりかにーるしろっぷ	ブリカニールシロップ	ime	名詞
ぶりけしょうこうぐん	ブリケ症候群	mac	名詞
ぶりけーしょうがい	ブリケー障害	ime	名詞
ぶりっじそぞう	ブリッジ粗造	ime	名詞
ぶりっじだつらく	ブリッジ脱落	ime	名詞
ぶりっじだつり	ブリッジ脱離	ime	名詞
ぶりっじていい	ブリッジ低位	ime	名詞
ぶりっじはそん	ブリッジ破損	ime	名詞
ぶりっじふてきごう	ブリッジ不適合	ime	名詞
ぶりゅっけきん	ブリュッケ筋	mac	名詞
ぶりるびょう	ブリル病	ime	名詞
ぶるがだしょうこうぐん	Brugada症候群	ime	名詞
ぶるがだしょうこうぐん	ブルガダ症候群	both	名詞
ぶるせら	ブルセラ	mac	名詞
ぶるせらぎょうしゅう	ブルセラ凝集	ime	名詞
ぶるせらこうたいていせい	ブルセラ抗体定性	ime	名詞
ぶるせらこうたいはんていりょう	ブルセラ抗体半定量	ime	名詞
ぶるせらしょう	ブルセラ症	ime	名詞
ぶるせらしょうせいせきついえん	ブルセラ症性脊椎炎	ime	名詞
ぶるせらぞく	ブルセラ属	mac	名詞
ぶるとんがたむがんまぐろぶりんけっしょう	ブルトン型無ガンマグロブリン血症	ime	名詞
ぶるなー	β-ラクタマーゼ非産生アンピシリン耐性インフルエンザ菌	mac	名詞
ぶるぬゔぃーゆぷりんぐるしょうこうぐん	ブルヌヴィーユ・プリングル症候群	ime	名詞
ぶるぱー	β-ラクタマーゼ産生アンピシリン耐性インフルエンザ菌	mac	名詞
ぶるふぁにっく	ブルファニック	ime	名詞
ぶるふぇんかりゅう	ブルフェン顆粒	ime	名詞
ぶるむしょうこうぐん	ブルム症候群	ime	名詞
ぶるんすがんしん	Bruns眼振	ime	名詞
ぶるんねるせん	ブルンネル腺	mac	名詞
ぶるんべるぐちょうこう	Blumberg徴候	ime	名詞
ぶるーすたーち	ブルースターチ	mac	名詞
ぶるーとうしょうこうぐん	ブルートウ症候群	ime	名詞
ぶるーとんがたむがんまぐろぶりんけっしょう	ブルートン型無ガンマグロブリン血症	ime	名詞
ぶるーむしょうこうぐん	ブルーム症候群	ime	名詞
ぶれありんさいりゅう	ブレアリン細粒	ime	名詞
ぶれいるすふぉーどびょう	ブレイルスフォード病	ime	名詞
ぶれおまいしん	ブレオマイシン	mac	名詞
ぶれくるすさいりゅう	ブレクルス細粒	ime	名詞
ぶれぐま	ブレグマ	mac	名詞
ぶれぶ	ブレブ	both	名詞
ぶろきれーとてんがんえき	ブロキレート点眼液	ime	名詞
ぶろきれーとぴーえふてんがんえき	ブロキレートPF点眼液	ime	名詞
ぶろちぞらむ	ブロチゾラム	both	名詞
ぶろちんえき	ブロチン液	ime	名詞
ぶろちんしろっぷ	ブロチンシロップ	ime	名詞
ぶろちんまつ	ブロチン末	ime	名詞
ぶろっかー	ブロッカー	mac	名詞
ぶろでぃーこつのうよう	ブロディー骨膿瘍	ime	名詞
ぶろなっくてんがんえき	ブロナック点眼液	ime	名詞
ぶろにかかりゅう	ブロニカ顆粒	ime	名詞
ぶろばりんげんまつ	ブロバリン原末	ime	名詞
ぶろまぜぱむ	ブロマゼパム	ime	名詞
ぶろむ	ブロム	mac	名詞
ぶろむふぇなく	ブロムフェナク	ime	名詞
ぶろむふぇなくなとりうむすいわぶつ	ブロムフェナクナトリウム水和物	ime	名詞
ぶろむへきしんえんさんえん	ブロムヘキシン塩酸塩	ime	名詞
ぶろむへきしんえんさんえんしろっぷ	ブロムヘキシン塩酸塩シロップ	ime	名詞
ぶろむぺりどーる	ブロムペリドール	ime	名詞
ぶろむぺりどーるさいりゅう	ブロムペリドール細粒	ime	名詞
ぶろむわれりるにょうそ	ブロムワレリル尿素	both	名詞
ぶろも	ブロモ	mac	名詞
ぶろもくりぷちん	ブロモクリプチン	mac	名詞
ぶろもくりぷちんめしるさんえん	ブロモクリプチンメシル酸塩	ime	名詞
ぶろもばれりるにょうそ	ブロモバレリル尿素	ime	名詞
ぶろもへきしん	ブロモヘキシン	mac	名詞
ぶろんずべびーしょうこうぐん	ブロンズベビー症候群	ime	名詞
ぶろーかしつご	Broca失語	ime	名詞
ぶろーかしつごしょう	ブローカ失語症	ime	名詞
ぶろーかや	ブローカ野	mac	名詞
ぶわんばねつ	ブワンバ熱	ime	名詞
ぶんいしつごしょう	文意失語症	ime	名詞
ぶんいん	分院	ime	名詞
ぶんかいこう	分界溝	mac	名詞
ぶんかいこうしん	分解亢進	mac	名詞
ぶんかいじょう	分化異常	mac	名詞
ぶんかいじょう	分界条	mac	名詞
ぶんかいせん	分界線	mac	名詞
ぶんかいりょう	分界稜	mac	名詞
ぶんかがた	分化型	mac	名詞
ぶんかく	分画	mac	名詞
ぶんかさいぼう	分化細胞	mac	名詞
ぶんかしょうがい	分化障害	mac	名詞
ぶんかしょっく	文化ショック	ime	名詞
ぶんかつこう	分割溝	mac	名詞
ぶんかつし	分割櫛	mac	名詞
ぶんかど	分化度	mac	名詞
ぶんかのう	分化能	mac	名詞
ぶんがきんしょう	分芽菌症	ime	名詞
ぶんがきんせい	分芽菌性	ime	名詞
ぶんがきんせいかんさつしん	分芽菌性間擦疹	ime	名詞
ぶんがきんせいこうないえん	分芽菌性口内炎	ime	名詞
ぶんがきんせいこうはん	分芽菌性紅斑	ime	名詞
ぶんがきんせいしかんびらんしょう	分芽菌性指間びらん症	ime	名詞
ぶんがきんせいししかんびらんしょう	分芽菌性指趾間びらん症	ime	名詞
ぶんがきんせいそういえん	分芽菌性爪囲炎	ime	名詞
ぶんがきんせいそうかくえん	分芽菌性爪郭炎	ime	名詞
ぶんがきんせいにくげしゅ	分芽菌性肉芽腫	ime	名詞
ぶんがたいひしかんびらんしょう	分芽苔皮指間びらん症	ime	名詞
ぶんきせんじょういんえい	分岐線状陰影	mac	名詞
ぶんさあるふぁけとさんだっすいこうそ	分鎖α-ケト酸脱水酵素	mac	名詞
ぶんしがた	分枝型	both	名詞
ぶんしぎたい	分子擬態	mac	名詞
ぶんしさあみのさん	分枝鎖アミノ酸	mac	名詞
ぶんしし	分子死	mac	名詞
ぶんしじゅくしゅがたこうそく	分枝粥腫型梗塞	ime	名詞
ぶんしすいかん	分枝膵管	mac	名詞
ぶんしそう	分子層	mac	名詞
ぶんしそうどう	分子相同	mac	名詞
ぶんしそうどうせい	分子相同性	mac	名詞
ぶんしひょうてきちりょう	分子標的治療	mac	名詞
ぶんしひょうてきちりょうやく	分子標的治療薬	mac	名詞
ぶんしひょうてきやく	分子標的薬	mac	名詞
ぶんしひょうてきりょうほう	分子標的療法	mac	名詞
ぶんしょうかんせいほうてすと	文章完成法テスト	mac	名詞
ぶんじん	分腎	mac	名詞
ぶんじんきのう	分腎機能	ime	名詞
ぶんじんきのうけんさ	分腎機能検査	mac	名詞
ぶんじんにょう	分腎尿	mac	名詞
ぶんすいかいこうそく	分水界梗塞	ime	名詞
ぶんすいれいこうそく	分水嶺梗塞	ime	名詞
ぶんせいし	分生子	mac	名詞
ぶんせつうんどう	分節運動	mac	名詞
ぶんせつじょう	分節状	mac	名詞
ぶんせつますい	分節麻酔	mac	名詞
ぶんせん	分染	mac	名詞
ぶんそうしょくひ	分層植皮	mac	名詞
ぶんぴがた	分泌型	mac	名詞
ぶんぴがたＩｇＡ	分泌型IgA	mac	名詞
ぶんぴき	分泌期	mac	名詞
ぶんぴこうしん	分泌亢進	mac	名詞
ぶんぴせん	分泌腺	mac	名詞
ぶんぴつき	分泌期	ime	名詞
ぶんぷようせき	分布容積	mac	名詞
ぶんべん	分娩	ime	名詞
ぶんべんかんしそうち	分娩監視装置	ime	名詞
ぶんべんがいしょう	分娩外傷	mac	名詞
ぶんべんきてん	分娩機転	ime	名詞
ぶんべんこういしょうにょうどうきょうさく	分娩後遺症尿道狭窄	ime	名詞
ぶんべんご	分娩後	ime	名詞
ぶんべんごDIC	分娩後DIC	ime	名詞
ぶんべんごいじょうしゅっけつ	分娩後異常出血	ime	名詞
ぶんべんごきゅうせいじんふぜん	分娩後急性腎不全	ime	名詞
ぶんべんごぎょうこしょうがい	分娩後凝固障害	ime	名詞
ぶんべんごこうじょうせんえん	分娩後甲状腺炎	ime	名詞
ぶんべんごこうじょうせんきのうこうしんしょう	分娩後甲状腺機能亢進症	ime	名詞
ぶんべんごこうじょうせんきのうていかしょう	分娩後甲状腺機能低下症	ime	名詞
ぶんべんごこつばんけっせんせいじょうみゃくえん	分娩後骨盤血栓性静脈炎	ime	名詞
ぶんべんごしきゅうけいかんえん	分娩後子宮頚管炎	ime	名詞
ぶんべんごしきゅうないはんしょう	分娩後子宮内反症	ime	名詞
ぶんべんごしきゅうはれつ	分娩後子宮破裂	ime	名詞
ぶんべんごしゅっけつ	分娩後出血	ime	名詞
ぶんべんごしんざいじょうみゃくけっせんしょう	分娩後深在静脈血栓症	ime	名詞
ぶんべんごじかく	分娩後痔核	ime	名詞
ぶんべんごちつえん	分娩後腟炎	ime	名詞
ぶんべんごにゅうぼういしゅく	分娩後乳房萎縮	ime	名詞
ぶんべんごにょうろかんせんしょう	分娩後尿路感染症	ime	名詞
ぶんべんごふぞくきえん	分娩後付属器炎	ime	名詞
ぶんべんごむふぃぶりのげんけっしょう	分娩後無フィブリノゲン血症	ime	名詞
ぶんべんごらんそうきのうふぜん	分娩後卵巣機能不全	ime	名詞
ぶんべんしかん	分娩子癇	ime	名詞
ぶんべんじ	分娩時	ime	名詞
ぶんべんじいじょうしゅっけつ	分娩時異常出血	ime	名詞
ぶんべんじえいんそくせっかいほうごうぶゆごうふぜん	分娩時会陰側切開縫合部癒合不全	ime	名詞
ぶんべんじえいんれっしょう	分娩時会陰裂傷	ime	名詞
ぶんべんじかし	分娩時仮死	ime	名詞
ぶんべんじかん	分娩時間	mac	名詞
ぶんべんじけいかんれっしょう	分娩時頚管裂傷	ime	名詞
ぶんべんじけいぶせっかいじゅつ	分娩時頚部切開術	ime	名詞
ぶんべんじさいたいけっかんそんしょう	分娩時臍帯血管損傷	ime	名詞
ぶんべんじしゅっけつ	分娩時出血	ime	名詞
ぶんべんじしょっく	分娩時ショック	ime	名詞
ぶんべんじしんせいじ	分娩時新生児	ime	名詞
ぶんべんじしんせいじくもまくかしゅっけつ	分娩時新生児くも膜下出血	ime	名詞
ぶんべんじしんせいじこうまくかしゅっけつ	分娩時新生児硬膜下出血	ime	名詞
ぶんべんじしんせいじてんとれっしょう	分娩時新生児テント裂傷	ime	名詞
ぶんべんじしんせいじとうがいないしゅっけつ	分娩時新生児頭蓋内出血	ime	名詞
ぶんべんじしんせいじとうがいないれっしょう	分娩時新生児頭蓋内裂傷	ime	名詞
ぶんべんじしんせいじのうしつないしゅっけつ	分娩時新生児脳室内出血	ime	名詞
ぶんべんじしんせいじのうしゅっけつ	分娩時新生児脳出血	ime	名詞
ぶんべんじしんぞうがっぺいしょう	分娩時心臓合併症	ime	名詞
ぶんべんじじがいしょう	分娩時児外傷	ime	名詞
ぶんべんじじそんしょう	分娩時児損傷	ime	名詞
ぶんべんじちつへきけっしゅけいせい	分娩時膣壁血腫形成	ime	名詞
ぶんべんじちゅうすうしんけいけいがっぺいしょう	分娩時中枢神経系合併症	ime	名詞
ぶんべんじどんせいけいかんかくち	分娩時鈍性頚管拡張法	ime	名詞
ぶんべんじなんさんどうそんしょう	分娩時軟産道損傷	ime	名詞
ぶんべんじのうけっかんしっかんがっぺいしょう	分娩時脳血管疾患合併症	ime	名詞
ぶんべんじのうしょうがい	分娩時脳障害	ime	名詞
ぶんべんじはいがっぺいしょう	分娩時肺合併症	ime	名詞
ぶんべんじむさんそのうしょう	分娩時無酸素脳症	ime	名詞
ぶんべんせんえん	分娩遷延	ime	名詞
ぶんべんぜんしきゅうはれつ	分娩前子宮破裂	ime	名詞
ぶんべんぜんしゅっけつ	分娩前出血	ime	名詞
ぶんべんぜんしゅっけつしんせいじ	分娩前出血新生児	ime	名詞
ぶんべんぜんしゅっけつたいじ	分娩前出血胎児	ime	名詞
ぶんべんそんしょう	分娩損傷	ime	名詞
ぶんべんそんしょうによるこっかく	分娩損傷による骨格	ime	名詞
ぶんべんだい2きいじょうちえん	分娩第2期異常遅延	ime	名詞
ぶんべんだい2きちえん	分娩第2期遅延	ime	名詞
ぶんべんちえん	分娩遅延	ime	名詞
ぶんべんちゅう	分娩中	ime	名詞
ぶんべんちゅうしきゅうはれつ	分娩中子宮破裂	ime	名詞
ぶんべんちゅうたいじじすとれす	分娩中胎児ジストレス	ime	名詞
ぶんべんちゅうのはつねつ	分娩中の発熱	ime	名詞
ぶんべんていし	分娩停止	ime	名詞
ぶんべんにかんれんするかんぼつにゅうとう	分娩に関連する陥没乳頭	ime	名詞
ぶんべんにかんれんするにゅうとうきれつ	分娩に関連する乳頭亀裂	ime	名詞
ぶんべんのためのじはかいしゅじゅつ	分娩のための児破壊手術	ime	名詞
ぶんべんまひ	分娩麻痺	ime	名詞
ぶんべんゆうはつ	分娩誘発	both	名詞
ぶんべんゆうはつざい	分娩誘発剤	mac	名詞
ぶんべんよていびちょうか	分娩予定日超過	ime	名詞
ぶんまわしうんどう	分回し運動	mac	名詞
ぶんよう	分葉	mac	名詞
ぶんようかく	分葉核	mac	名詞
ぶんようかくきゅう	分葉核球	mac	名詞
ぶんようじょう	分葉状	mac	名詞
ぶんようじょうけいかんせんかけいせい	分葉状頸管線過形成	mac	名詞
ぶんようじん	分葉腎	ime	名詞
ぶんようひ	分葉脾	ime	名詞
ぶんりげねつ	分利解熱	ime	名詞
ぶんりせいじゅうふくしきゅう	分離性重複子宮	ime	名詞
ぶんりはいかんき	分離肺換気	ime	名詞
ぶんりひ	分離比	mac	名詞
ぶんりふあん	分離不安	ime	名詞
ぶんりふあんしょうがい	分離不安障害	ime	名詞
ぶんりぼはん	分離母斑	ime	名詞
ぶんりますい	分離麻酔	mac	名詞
ぶんるいこん	分類困難	ime	名詞
ぶんるいこんなんなしんたいひょうげんせいしょうがい	分類困難な身体表現性障害	ime	名詞
ぶんるいふのうがたこつずいいけいせいしょうこうぐん	分類不能型骨髄異形成症候群	ime	名詞
ぶんるいふのうめんえきふぜんしょう	分類不能免疫不全症	ime	名詞
ぶんれつかんじょうしょうがい	分裂感情障害	ime	名詞
ぶんれつき	分裂期	mac	名詞
ぶんれつきしつ	分裂気質	mac	名詞
ぶんれつさいぼう	分裂細胞	mac	名詞
ぶんれつしつがいこつ	分裂膝蓋骨	ime	名詞
ぶんれつじょうどうがたせいしんびょう	分裂情動型精神病	ime	名詞
ぶんれつのう	分裂能	mac	名詞
ぶんれつはな	分裂鼻	ime	名詞
ぶんれつびょう	分裂病	ime	名詞
ぶんれつびょうがたしょうがい	分裂病型障害	ime	名詞
ぶんれつびょうがたじんかくしょうがい	分裂病型人格障害	ime	名詞
ぶんれつびょうごよくうつ	分裂病後抑うつ	ime	名詞
ぶんれつびょうしつ	分裂病質	ime	名詞
ぶんれつびょうしつせいじんかく	分裂病質性人格	ime	名詞
ぶんれつびょうしつせいじんかくいじょう	分裂病質性人格異常	ime	名詞
ぶんれつびょうしつせいじんかくしょうがい	分裂病質性人格障害	ime	名詞
ぶんれつびょうしょうじょう	分裂病症状	ime	名詞
ぶんれつびょうしんわせいせいかくしょうがい	分裂病親和性性格障害	ime	名詞
ぶんれつびょうせいきんちょうびょう	分裂病性緊張病	ime	名詞
ぶんれつびょうせいけっかんじょうたい	分裂病性欠陥状態	ime	名詞
ぶんれつびょうせいざんいじょうたい	分裂病性残遺状態	ime	名詞
ぶんれつびょうせいじんかくいじょう	分裂病性人格異常	ime	名詞
ぶんれつびょうせいはんのう	分裂病性反応	ime	名詞
ぶんれつびょうようじょうたい	分裂病様状態	ime	名詞
ぶーるはーふぇしょうこうぐん	Bouerhaave症候群	ime	名詞
べあめたる	ベアメタル	mac	名詞
べあめたるすてんと	ベアメタルステント	mac	名詞
べいんぶりっじはんしゃ	ベインブリッジ反射	mac	名詞
べがもっくすてんがんえき	ベガモックス点眼液	ime	名詞
べきしこう	べき思考	mac	名詞
べぎんくりーむ	ベギンクリーム	ime	名詞
べぎんなんこう	ベギン軟膏	ime	名詞
べぎーたげる	ベギータゲル	ime	名詞
べぎーたざざい	ベギータ坐剤	ime	名詞
べぎーたてんがんえき	ベギータ点眼液	ime	名詞
べくとみらんなんこう	ベクトミラン軟膏	ime	名詞
べくとるしんでんずいじょう	ベクトル心電図異常	ime	名詞
べくらしんくりーむ	ベクラシンクリーム	ime	名詞
べくらしんなんこう	ベクラシン軟膏	ime	名詞
べくろにうむ	ベクロニウム	mac	名詞
べくろめたぞんてんびえき	ベクロメタゾン点鼻液	ime	名詞
べくろめたぞんぷろぴおんさんえすてる	ベクロメタゾンプロピオン酸エステル	ime	名詞
べくろーぜてんびえき	ベクローゼ点鼻液	ime	名詞
べさこりんさん	ベサコリン散	ime	名詞
べざふぃぶらーと	ベザフィブラート	ime	名詞
べしかむくりーむ	ベシカムクリーム	ime	名詞
べしかむなんこう	ベシカム軟膏	ime	名詞
べじぇる	ベジェル	ime	名詞
べすたぞんくりーむ	ベスタゾンクリーム	ime	名詞
べすたぞんなんこう	ベスタゾン軟膏	ime	名詞
べすれむみおぱちー	ベスレムミオパチー	ime	名詞
べせすだしすてむ	ベセスダシステム	mac	名詞
べせるなくりーむ	ベセルナクリーム	ime	名詞
べぜとんえき	ベゼトン液	ime	名詞
べたきそろーるえんさんえん	ベタキソロール塩酸塩	ime	名詞
べたきそろーるてんがんえき	ベタキソロール点眼液	ime	名詞
べたきそんてんがんえき	ベタキソン点眼液	ime	名詞
べたひすちんめしるさんえん	ベタヒスチンメシル酸塩	ime	名詞
べたふるぞんなんこう	ベタフルゾン軟膏	ime	名詞
べたみぷろん	ベタミプロン	mac	名詞
べためたぞん	ベタメタゾン	both	名詞
べためたぞんきっそうさんえすてる	ベタメタゾン吉草酸エステル	ime	名詞
べためたぞんきっそうさんえすてるげんたまいしんりゅうさんえん	ベタメタゾン吉草酸エステル・ゲンタマイシン硫酸塩	ime	名詞
べためたぞんきつそうさんえすてる	ベタメタゾン吉草酸エステル	ime	名詞
べためたぞんじぷろぴおんさんえすてる	ベタメタゾンジプロピオン酸エステル	ime	名詞
べためたぞんじぷろぴおんさんえすてるくりーむ	ベタメタゾンジプロピオン酸エステルクリーム	ime	名詞
べためたぞんじぷろぴおんさんえすてるなんこう	ベタメタゾンジプロピオン酸エステル軟膏	ime	名詞
べためたぞんでぃーくろるふぇにらみんまれいんさんえん	ベタメタゾン・ｄ－クロルフェニラミンマレイン酸塩	ime	名詞
べためたぞんらくさんえすてるぷろぴおんさんえすてる	ベタメタゾン酪酸エステルプロピオン酸エステル	ime	名詞
べためたぞんりんさんえすてるなとりうむ	ベタメタゾンリン酸エステルナトリウム	ime	名詞
べっかーがたきんじすとろふぃー	ベッカー型筋ジストロフィー	ime	名詞
べっかーびょう	ベッカー病	ime	名詞
べっかーぼはん	ベッカー母斑	ime	名詞
べっくうぃずうぃーでまんしょうこうぐん	ベックウィズ・ウィーデマン症候群	ime	名詞
べっくうぃずゔぃーでまんしょうこうぐん	ベックウィズ・ヴィーデマン症候群	ime	名詞
べっくかりゅう	ベック顆粒	ime	名詞
べっくさるこいど	ベックサルコイド	ime	名詞
べっくさんちょう	ベック三徴	mac	名詞
べっくしっかん	ベック疾患	ime	名詞
べっくるいろうそう	ベック類狼瘡	ime	名詞
べっつさいぼう	ベッツ細胞	mac	名詞
べっと	別途	ime	名詞
べとぷてぃっくてんがんえき	ベトプティック点眼液	ime	名詞
べどなーあふた	ベドナーアフタ	ime	名詞
べなぜぷりるえんさんえん	ベナゼプリル塩酸塩	ime	名詞
べなぱすたなんこう	ベナパスタ軟膏	ime	名詞
べなぴーどらいしろっぷ	ベナピードライシロップ	ime	名詞
べなりーるしろっぷ	ベナリールシロップ	ime	名詞
べなんざてんがんえき	ベナンザ点眼液	ime	名詞
べなんばっくす	ベナンバックス	ime	名詞
べにえようしん	ベニエ痒疹	ime	名詞
べにじぴんえんさんえん	ベニジピン塩酸塩	ime	名詞
べねじくとしょうこうぐん	ベネジクト症候群	ime	名詞
べねじくとまひ	ベネジクト麻痺	ime	名詞
べねずえらうまのうせきずいえんういるすびょう	ベネズエラ馬脳脊髄炎ウイルス病	ime	名詞
べねずえらしゅっけつねつ	ベネズエラ出血熱	ime	名詞
べねっとこっせつ	ベネット骨折	ime	名詞
べねでぃくと	ベネディクト	ime	名詞
べねでぃくとしょうこうぐん	ベネディクト症候群	ime	名詞
べねとりんしろっぷ	ベネトリンシロップ	ime	名詞
べねんしろっぷ	ベネンシロップ	ime	名詞
べのきしーるてんがんえき	ベノキシール点眼液	ime	名詞
べばしずまぶ	ベバシズマブ	mac	名詞
べぷりじる	ベプリジル	mac	名詞
べべろんしろっぷ	ベベロンシロップ	ime	名詞
べらちんどらいしろっぷしょうによう	ベラチンドライシロップ小児用	ime	名詞
べらどんな	ベラドンナ	mac	名詞
べらぱみる	ベラパミル	mac	名詞
べらぱみるえんさんえん	ベラパミル塩酸塩	ime	名詞
べらぷろすと	ベラプロスト	ime	名詞
べらぷろすとなとりうむ	ベラプロストナトリウム	ime	名詞
べらほるてん	ベラホルテン	ime	名詞
べりちーむかりゅう	ベリチーム顆粒	ime	名詞
べりちーむはいごうかりゅう	ベリチーム配合顆粒	ime	名詞
べりなーと	ベリナート	ime	名詞
べりりうむちゅうどく	ベリリウム中毒	ime	名詞
べりりうむはいしょう	ベリリウム肺症	ime	名詞
べりりうむはいしょうせいかんにくげしゅ	ベリリウム肺症性肝肉芽腫	ime	名詞
べりーじんたい	Berry靭帯	ime	名詞
べりーずざざい	ベリーズ坐剤	ime	名詞
べるがくうのうほう	ベルガ腔嚢胞	ime	名詞
べるくすろんかりゅう	ベルクスロン顆粒	ime	名詞
べるくすろんなんこう	ベルクスロン軟膏	ime	名詞
べるげるかんかくいじょう	ベルゲル感覚異常	ime	名詞
べるごにーとりぼんどーのほうそく	Bergonié-Tribondeauの法則	ime	名詞
べるさん	ベルサン	ime	名詞
べるしょうこう	ベル症候	ime	名詞
べるとりどざざい	ベルトリド坐剤	ime	名詞
べるなーるすーりえしょうこうぐん	ベルナール・スーリエ症候群	ime	名詞
べるぬーいのていり	ベルヌーイの定理	mac	名詞
べるふぜんまひ	ベル不全麻痺	ime	名詞
べるべりんえんかぶつすいわぶつげんのしょうこえきす	ベルベリン塩化物水和物・ゲンノショウコエキス	ime	名詞
べるまひ	Bell麻痺	ime	名詞
べるまひ	ベル麻痺	both	名詞
べるろっくひふえん	ベルロック皮膚炎	ime	名詞
べろっくたんぽん	ベロックタンポン	mac	名詞
べろてっくえろぞる	ベロテックエロゾル	ime	名詞
べろてっくしろっぷ	ベロテックシロップ	ime	名詞
べろどくそ	ベロ毒素	mac	名詞
べんいじょう	便異常	ime	名詞
べんかくちょうよう	弁拡張用	ime	名詞
べんかくちょうようかてーてる	弁拡張用カテーテル	ime	名詞
べんかくちょうようかてーてるようがい	弁拡張用カテーテル用ガイドワイヤー	ime	名詞
べんけいせいじゅつ	弁形成術	ime	名詞
べんけいせいじゅつ	弁形成術（2弁）	ime	名詞
べんけいせいじゅつ	弁形成術（3弁）	ime	名詞
べんこうぞう	弁構造	mac	名詞
べんこうめんせき	弁口面積	both	名詞
べんざみど	ベンザミド	mac	名詞
べんざりんさいりゅう	ベンザリン細粒	ime	名詞
べんしき	弁識	mac	名詞
べんしっきん	便失禁	ime	名詞
べんしゅつりょく	娩出力	mac	名詞
べんしゅつりょくいじょう	娩出力異常	ime	名詞
べんしょくいじょう	便色異常	ime	名詞
べんじじん	ベンジジン	mac	名詞
べんじょうそう	弁状創	mac	名詞
べんすじょーんずがたたはつせいこつずいしゅ	ベンスジョーンズ型多発性骨髄腫	ime	名詞
べんすじょーんずたんぱく	Bence-Jones蛋白	ime	名詞
べんすじょーんずたんぱく	ベンス・ジョーンズ蛋白	mac	名詞
べんすじょーんずたんぱくしつ	ベンス・ジョーンズ蛋白質	mac	名詞
べんすじょーんずたんぱくにょうしょう	ベンス・ジョーンズ蛋白尿症	ime	名詞
べんずぶろまろん	ベンズブロマロン	both	名詞
べんせいいれうす	便性イレウス	ime	名詞
べんせらじど	ベンセラジド	mac	名詞
べんせんけつ	便潜血	ime	名詞
べんぜとにうむえんかぶつ	ベンゼトニウム塩化物	ime	名詞
べんぜとにうむえんかぶつうがいえき	ベンゼトニウム塩化物うがい液	ime	名詞
べんぜんかく	ベンゼン核	mac	名詞
べんぜんちゅうどく	ベンゼン中毒	ime	名詞
べんぜんのどうぞくたいのどくさよう	ベンゼンの同族体の毒作用	ime	名詞
べんぞじあぜぴん	ベンゾジアゼピン	mac	名詞
べんぞじあぜぴんいぞんしょう	ベンゾジアゼピン依存症	ime	名詞
べんぞじあぜぴんちゅうどく	ベンゾジアゼピン中毒	ime	名詞
べんだざっく	ベンダザック	ime	名詞
べんだざっくなんこう	ベンダザック軟膏	ime	名詞
べんち	胼胝	both	名詞
べんちかんじゅつ	弁置換術	ime	名詞
べんちかんじゅつ	弁置換術（2弁）	ime	名詞
べんちかんじゅつ	弁置換術（3弁）	ime	名詞
べんちゅう	便中	mac	名詞
べんちゅう	便柱	mac	名詞
べんちゅう	鞭虫	mac	名詞
べんちゅうきょうしょうか	便柱狭小化	mac	名詞
べんちゅうしょう	鞭虫症	both	名詞
べんつういじょう	便通異常	ime	名詞
べんつきぐらふと	弁付きグラフト	ime	名詞
べんとかてーてる	ベントカテーテル	ime	名詞
べんとないと	ベントナイト	ime	名詞
べんはかい	弁破壊	mac	名詞
べんぴがたかびんせいちょうしょうこうぐん	便秘型過敏性腸症候群	ime	名詞
べんぴしょう	便秘症	ime	名詞
べんふぉちあみんびーろくびーじゅうにはいごうざい	ベンフォチアミン・Ｂ６・Ｂ１２配合剤	ime	名詞
べんふぜん	弁不全	mac	名詞
べんまくえん	弁膜炎	ime	名詞
べんまくしょう	弁膜症	ime	名詞
べんまくしょうせいしんぼうさいどう	弁膜症性心房細動	ime	名詞
べんまくせいしんしっかん	弁膜性心疾患	ime	名詞
べんまくへいさふぜんしょう	弁膜閉鎖不全症	ime	名詞
べんりんかくだいじゅつ	弁輪拡大術	ime	名詞
べんりんかくだいじゅつをともなうた	弁輪拡大術を伴う大動脈弁置換術	ime	名詞
べーあどびょう	ベーアド病	ime	名詞
べーかーのうしゅ	ベーカー嚢腫	ime	名詞
べーた1	β1	ime	名詞
べーた1さどうやく	β1作動薬	ime	名詞
べーた2	β2	ime	名詞
べーた2さどうやく	β2作動薬	ime	名詞
べーた2しげきやく	β2刺激薬	ime	名詞
べーた2みくろぐろぶりん	β2ミクログロブリン	ime	名詞
べーた3	β3	ime	名詞
べーたDぐるかん	β-D-グルカン	ime	名詞
べーたあみのさんたいしゃしょうがい	ベータアミノ酸代謝障害	ime	名詞
べーたあらにん	β-アラニン	mac	名詞
べーたえらー	βエラー	mac	名詞
べーたかろてん	β-カロテン	mac	名詞
べーたくろすらぷす	βクロスラプス	ime	名詞
べーたぐるかん	β-グルカン	mac	名詞
べーたぐるくろにだーぜけっそんしょう	ベータグルクロニダーゼ欠損症	ime	名詞
べーたぐろびん	β-グロビン	mac	名詞
べーたぐろぶりん	β-グロブリン	mac	名詞
べーたさいぼう	β細胞	mac	名詞
べーたさいぼうきのう	β細胞機能	mac	名詞
べーたさどうやく	β作動薬	ime	名詞
べーたさぶゆにっと	βサブユニット	mac	名詞
べーたさよう	β作用	mac	名詞
べーたさらせみあ	ベータサラセミア	ime	名詞
べーたさんか	β酸化	mac	名詞
べーたしげき	β刺激	mac	名詞
べーたしゃだん	β遮断	mac	名詞
べーたしゃだんやく	β遮断薬	mac	名詞
べーたしーと	β-シート	mac	名詞
べーたじゅようたい	β受容体	mac	名詞
べーたせん	β線	mac	名詞
べーたつー	β2	ime	名詞
べーたでぃーぐるかん	β-D-グルカン	ime	名詞
べーたとろんぼぐろぶりん	β-トロンボグロブリン	ime	名詞
べーたなふちるあみん	β-ナフチルアミン	mac	名詞
べーたは	β波	mac	名詞
べーたひどろきしらくさん	β-ヒドロキシ酪酸	mac	名詞
べーたぷれしん	ベータプレシン	ime	名詞
べーたへるぺすあか	βヘルペス亜科	mac	名詞
べーたほうかい	β崩壊	mac	名詞
べーたまんのしどーしす	β-マンノシドーシス	ime	名詞
べーたようけつ	β溶血	mac	名詞
べーたようれんきん	β溶連菌	mac	名詞
べーたらくたまーぜ	β-ラクタマーゼ	mac	名詞
べーたらくたまーぜさんせいあんぴしりんたいせいいんふるえんざきん	β-ラクタマーゼ産生アンピシリン耐性インフルエンザ菌	mac	名詞
べーたらくたまーぜひさんせいあんぴしりんたいせいいんふるえんざきん	β-ラクタマーゼ非産生アンピシリン耐性インフルエンザ菌	mac	名詞
べーたらくたむ	β-ラクタム	mac	名詞
べーたらくたむけい	β-ラクタム系	mac	名詞
べーた１じゅようたい	β1受容体	mac	名詞
べーた２じゅようたい	β2受容体	mac	名詞
べーた２みくろぐろぶりん	β2-ミクログロブリン	mac	名詞
べーちぇっとしょうこうぐん	ベーチェット症候群	ime	名詞
べーちぇっとびょう	Behçet病	ime	名詞
べーちぇっとびょう	ベーチェット病	both	名詞
べーるびょう	ベール病	ime	名詞
ぼあらくりーむ	ボアラクリーム	ime	名詞
ぼあらなんこう	ボアラ軟膏	ime	名詞
ぼありーししゅじゅつ	ボアリー氏手術	ime	名詞
ぼいだんさん	ボイダン散	ime	名詞
ぼいどきんせきり	ボイド菌赤痢	ime	名詞
ぼいどせつだんじゅつご	ボイド切断術後	ime	名詞
ぼうあんぶしゅよう	傍鞍部腫瘍	ime	名詞
ぼうあんぶるいひょうひのうほう	傍鞍部類表皮嚢胞	ime	名詞
ぼうい	ボウイ	ime	名詞
ぼういおうぎとう	防已黄耆湯	ime	名詞
ぼうえいきじょ	防衛機序	mac	名詞
ぼうえいきせい	防衛機制	mac	名詞
ぼうえんびょう	ボウエン病	ime	名詞
ぼうか	膨化	mac	名詞
ぼうかい	傍回	mac	名詞
ぼうかんしょう	乏汗症	ime	名詞
ぼうきょうこつ	傍胸骨	mac	名詞
ぼうきょうこつちょうじくだんめん	傍胸骨長軸断面	mac	名詞
ぼうぎょそう	防御創	mac	名詞
ぼうぎょのう	防御能	mac	名詞
ぼうけつ	乏血	mac	名詞
ぼうけつうんどうふか	乏血運動負荷	ime	名詞
ぼうけつうんどうふかてすと	乏血運動負荷テスト	ime	名詞
ぼうこう	膀胱	both	名詞
ぼうこうあくせいしゅよう	膀胱悪性腫瘍	ime	名詞
ぼうこうあくせいしゅようしゅじゅつ	膀胱悪性腫瘍手術	ime	名詞
ぼうこういしゅく	膀胱萎縮	ime	名詞
ぼうこういぶつ	膀胱異物	ime	名詞
ぼうこういぶつてきしゅつじゅつ	膀胱異物摘出術	ime	名詞
ぼうこうえん	膀胱炎	both	名詞
ぼうこうえんがいあくせいしゅよう	膀胱円蓋悪性腫瘍	ime	名詞
ぼうこうえんがいぶぼうこうがん	膀胱円蓋部膀胱癌	ime	名詞
ぼうこうおん	膀胱温	ime	名詞
ぼうこうかいよう	膀胱潰瘍	ime	名詞
ぼうこうかすい	膀胱下垂	ime	名詞
ぼうこうかたる	膀胱カタル	ime	名詞
ぼうこうかつやくきん	膀胱括約筋	mac	名詞
ぼうこうかびんしょう	膀胱過敏症	ime	名詞
ぼうこうがいしょう	膀胱外傷	ime	名詞
ぼうこうがいはん	膀胱外反	mac	名詞
ぼうこうがいはんしょう	膀胱外反症	both	名詞
ぼうこうがん	膀胱癌	both	名詞
ぼうこうがんけんしん	膀胱癌検診	ime	名詞
ぼうこうきのうけんさいじょう	膀胱機能検査異常	ime	名詞
ぼうこうきのうしょうがい	膀胱機能障害	ime	名詞
ぼうこうきのうふぜん	膀胱機能不全	ime	名詞
ぼうこうきょう	膀胱鏡	mac	名詞
ぼうこうけいしつ	膀胱憩室	ime	名詞
ぼうこうけいしつえん	膀胱憩室炎	ime	名詞
ぼうこうけいしつけっせき	膀胱憩室結石	ime	名詞
ぼうこうけいしつしゅういえん	膀胱憩室周囲炎	ime	名詞
ぼうこうけいしつせつじょじゅつ	膀胱憩室切除術	ime	名詞
ぼうこうけいぶ	膀胱頚部	ime	名詞
ぼうこうけいぶあくせいしゅよう	膀胱頚部悪性腫瘍	ime	名詞
ぼうこうけいぶきょうさく	膀胱頚部狭窄	ime	名詞
ぼうこうけいぶこうかしょう	膀胱頚部硬化症	ime	名詞
ぼうこうけいぶひこう	膀胱頚部肥厚	ime	名詞
ぼうこうけいぶへいさ	膀胱頚部閉鎖	ime	名詞
ぼうこうけいぶへいそく	膀胱頚部閉塞	ime	名詞
ぼうこうけいぶぼうこうがん	膀胱頚部膀胱癌	ime	名詞
ぼうこうけいぶぽりーぷ	膀胱頚部ポリープ	ime	名詞
ぼうこうけっかく	膀胱結核	ime	名詞
ぼうこうけっかんしゅ	膀胱血管腫	ime	名詞
ぼうこうけっせき	膀胱結石	ime	名詞
ぼうこうけっせきしょう	膀胱結石症	ime	名詞
ぼうこうけっせきてきしゅつじゅつ	膀胱結石摘出術	ime	名詞
ぼうこうこうしゅようてきしゅつじゅつ	膀胱後腫瘍摘出術	ime	名詞
ぼうこうこうぶのうよう	膀胱後部膿瘍	ime	名詞
ぼうこうこうへきあくせいしゅよう	膀胱後壁悪性腫瘍	ime	名詞
ぼうこうこうへきぶぼうこうがん	膀胱後壁部膀胱癌	ime	名詞
ぼうこうさんかく	膀胱三角	mac	名詞
ぼうこうさんかくあくせいしゅよう	膀胱三角悪性腫瘍	ime	名詞
ぼうこうさんかくぶえん	膀胱三角部炎	ime	名詞
ぼうこうさんかくぶぼうこうがん	膀胱三角部膀胱癌	ime	名詞
ぼうこうしきゅうか	膀胱子宮窩	mac	名詞
ぼうこうしきゅうけいろう	膀胱子宮頚瘻	ime	名詞
ぼうこうしきゅうじんたい	膀胱子宮靱帯	mac	名詞
ぼうこうしきゅうろう	膀胱子宮瘻	ime	名詞
ぼうこうしきゅうろうへいさじゅつ	膀胱子宮瘻閉鎖術	ime	名詞
ぼうこうしゅういえん	膀胱周囲炎	ime	名詞
ぼうこうしゅういのうよう	膀胱周囲膿瘍	ime	名詞
ぼうこうしゅういのうようせっかいじゅ	膀胱周囲膿瘍切開術	ime	名詞
ぼうこうしゅっけつ	膀胱出血	ime	名詞
ぼうこうしゅよう	膀胱腫瘍	both	名詞
ぼうこうしゅようてきしゅつじゅつ	膀胱腫瘍摘出術	ime	名詞
ぼうこうしゅりゅう	膀胱腫瘤	ime	名詞
ぼうこうしんけいしょう	膀胱神経症	ime	名詞
ぼうこうしんけいしょうがい	膀胱神経障害	ime	名詞
ぼうこうじょうひないがん	膀胱上皮内癌	ime	名詞
ぼうこうせいにょうしっきん	膀胱性尿失禁	ime	名詞
ぼうこうせっかいか	膀胱石灰化	ime	名詞
ぼうこうせんし	膀胱穿刺	both	名詞
ぼうこうせんしにょう	膀胱穿刺尿	mac	名詞
ぼうこうせんじょう	膀胱洗浄	ime	名詞
ぼうこうせんじょうおよ	膀胱洗浄及	ime	名詞
ぼうこうせんてんせいいじょう	膀胱先天性異常	ime	名詞
ぼうこうぜんぺきあくせいしゅよう	膀胱前壁悪性腫瘍	ime	名詞
ぼうこうぜんぺきぶぼうこうがん	膀胱前壁部膀胱癌	ime	名詞
ぼうこうそくへきあくせいしゅよう	膀胱側壁悪性腫瘍	ime	名詞
ぼうこうそくへきぶぼうこうがん	膀胱側壁部膀胱癌	ime	名詞
ぼうこうそんしょう	膀胱損傷	ime	名詞
ぼうこうたんじゅんてきじょじゅつ	膀胱単純摘除術	ime	名詞
ぼうこうたんぽなーで	膀胱タンポナーデ	ime	名詞
ぼうこうだいちょうろう	膀胱大腸瘻	ime	名詞
ぼうこうだっしゅつ	膀胱脱出	ime	名詞
ぼうこうだつ	膀胱脱	ime	名詞
ぼうこうだつしゅじゅつ	膀胱脱手術	ime	名詞
ぼうこうちつろう	膀胱腟瘻	ime	名詞
ぼうこうちつろう	膀胱膣瘻	ime	名詞
ぼうこうちつろうへいさじゅつ	膀胱腟瘻閉鎖術	ime	名詞
ぼうこうちょうろう	膀胱腸瘻	ime	名詞
ぼうこうちょうろうへいさじゅつ	膀胱腸瘻閉鎖術	ime	名詞
ぼうこうちょくちょうか	膀胱直腸窩	both	名詞
ぼうこうちょくちょうしょうがい	膀胱直腸障害	both	名詞
ぼうこうちょくちょうふぃすてる	膀胱直腸フィステル	ime	名詞
ぼうこうちょくちょうろう	膀胱直腸瘻	ime	名詞
ぼうこうつう	膀胱痛	ime	名詞
ぼうこうてねすむす	膀胱テネスムス	ime	名詞
ぼうこうないあつ	膀胱内圧	ime	名詞
ぼうこうないいぶつ	膀胱内異物	ime	名詞
ぼうこうないぎょうけつじょきょじ	膀胱内凝血除去術	ime	名詞
ぼうこうにくしゅ	膀胱肉腫	ime	名詞
ぼうこうにゅうとうしゅ	膀胱乳頭腫	ime	名詞
ぼうこうにょうかんぎゃくりゅう	膀胱尿管逆流	both	名詞
ぼうこうにょうかんぎゃくりゅうげんしょう	膀胱尿管逆流現象	both	名詞
ぼうこうにょうかんぎゃくりゅうしゅし	膀胱尿管逆流手術	ime	名詞
ぼうこうにょうかんぎゃくりゅうしょう	膀胱尿管逆流症	ime	名詞
ぼうこうにょうかんしんふんごうじゅつ	膀胱尿管新吻合術	ime	名詞
ぼうこうにょうかんちつろう	膀胱尿管腟瘻	ime	名詞
ぼうこうにょうどうえん	膀胱尿道炎	ime	名詞
ぼうこうにょうろじょうひがん	膀胱尿路上皮癌	ime	名詞
ぼうこうのうよう	膀胱膿瘍	ime	名詞
ぼうこうのじょうひないがん	膀胱の上皮内癌	ime	名詞
ぼうこうはくばんしょう	膀胱白板症	ime	名詞
ぼうこうはれつ	膀胱破裂	ime	名詞
ぼうこうはれつへいさじゅつ	膀胱破裂閉鎖術	ime	名詞
ぼうこうひふろう	膀胱皮膚瘻	ime	名詞
ぼうこうひふろうへいさじゅつ	膀胱皮膚瘻閉鎖術	ime	名詞
ぼうこうふぜんしょう	膀胱不全症	ime	名詞
ぼうこうへいかつきん	膀胱平滑筋	mac	名詞
ぼうこうへいかつきんしゅ	膀胱平滑筋腫	ime	名詞
ぼうこうへき	膀胱壁	mac	名詞
ぼうこうへきせつじょじゅつ	膀胱壁切除術	ime	名詞
ぼうこうへるにあ	膀胱ヘルニア	ime	名詞
ぼうこうへんぺいじょうひがん	膀胱扁平上皮癌	ime	名詞
ぼうこうぽりーぷ	膀胱ポリープ	ime	名詞
ぼうこうりゅう	膀胱瘤	ime	名詞
ぼうこうりゅうちかてーてる	膀胱留置カテーテル	mac	名詞
ぼうこうりゅうちようでぃすぽーざ	膀胱留置用ディスポーザブルカテーテル	ime	名詞
ぼうこうりょうせいしゅよう	膀胱良性腫瘍	ime	名詞
ぼうこうりんしつ	膀胱淋疾	ime	名詞
ぼうこうろう	膀胱瘻	ime	名詞
ぼうこうろうかいこうぶ	膀胱瘻開口部	ime	名詞
ぼうこうろうぞうせつじゅつ	膀胱瘻造設術	ime	名詞
ぼうこうろうぞうせつじょうたい	膀胱瘻造設状態	ime	名詞
ぼうこつせい	傍骨性	ime	名詞
ぼうこつせいこつにくしゅ	傍骨性骨肉腫	ime	名詞
ぼうこん	ボウコン	ime	名詞
ぼうさいぼうけいろ	傍細胞経路	mac	名詞
ぼうしきゅうたいさいぼう	傍糸球体細胞	mac	名詞
ぼうしきゅうたいさいぼうしゅ	傍糸球体細胞腫	mac	名詞
ぼうしきゅうたいそうち	傍糸球体装置	mac	名詞
ぼうしじょうどうずいまくしゅ	傍矢状洞髄膜腫	ime	名詞
ぼうしじょうどうぶこうまくがいけっしゅ	傍矢状洞部硬膜外血腫	mac	名詞
ぼうしつ	房室	both	名詞
ぼうしつかいきせいひんぱく	房室回帰性頻拍	mac	名詞
ぼうしつかいり	房室解離	ime	名詞
ぼうしつかん	房室管	mac	名詞
ぼうしつかんかいぞん	房室管開存	mac	名詞
ぼうしつかんこう	房室間溝	mac	名詞
ぼうしつけっせつ	房室結節	mac	名詞
ぼうしつけっせつせいきがいしゅうしゅく	房室結節性期外収縮	ime	名詞
ぼうしつしんないまくりゅうき	房室心内膜隆起	mac	名詞
ぼうしつせつごうぶきがいしゅうしゅく	房室接合部期外収縮	ime	名詞
ぼうしつそく	房室束	mac	名詞
ぼうしつちゅうかくけっそんしょう	房室中隔欠損症	both	名詞
ぼうしつでんどう	房室伝導	mac	名詞
ぼうしつでんどうしょうがい	房室伝導障害	ime	名詞
ぼうしつぶろっく	房室ブロック	both	名詞
ぼうしつべん	房室弁	mac	名詞
ぼうしつれんけつぶ	房室連結部	mac	名詞
ぼうしゅようせい	傍腫瘍性	mac	名詞
ぼうしゅようせいおぷそくろーぬすみおくろーぬすしょうこうぐん	傍腫瘍性オプソクローヌス・ミオクローヌス症候群	mac	名詞
ぼうしゅようせいしょうのうへんせいしょう	傍腫瘍性小脳変性症	mac	名詞
ぼうしゅようせいしんけいしょうこうぐん	傍腫瘍性神経症候群	mac	名詞
ぼうしゅようせいのうせきずいえん	傍腫瘍性脳脊髄炎	mac	名詞
ぼうしゅようせいもうまくへんせいしょう	傍腫瘍性網膜変性症	mac	名詞
ぼうしょくどう	傍食道	ime	名詞
ぼうしょくどうへるにあ	傍食道ヘルニア	ime	名詞
ぼうしん	膨疹	mac	名詞
ぼうしんけいせつ	傍神経節	mac	名詞
ぼうしんけいせつしゅ	傍神経節腫	ime	名詞
ぼうじゅうにしちょう	傍十二指腸	ime	名詞
ぼうじゅうにしちょうにゅうとうけいしつ	傍十二指腸乳頭憩室	ime	名詞
ぼうじゅうにしちょうへるにあ	傍十二指腸ヘルニア	ime	名詞
ぼうじゅんあつ	膨潤圧	mac	名詞
ぼうじょうき	帽状期	mac	名詞
ぼうじょうけんまく	帽状腱膜	both	名詞
ぼうじょうけんまくかけっしゅ	帽状腱膜下血腫	mac	名詞
ぼうじょうけんまくかしゅっけつ	帽状腱膜下出血	ime	名詞
ぼうじんう	傍腎盂	ime	名詞
ぼうじんうのうほう	傍腎盂嚢胞	ime	名詞
ぼうすい	房水	mac	名詞
ぼうすいがた	紡錘型	mac	名詞
ぼうすいけい	紡錘形	mac	名詞
ぼうすいけいさいぼう	紡錘形細胞	mac	名詞
ぼうすいけいさいぼうにくしゅ	紡錘形細胞肉腫	ime	名詞
ぼうすいし	紡錘糸	mac	名詞
ぼうすいじょうきん	紡錘状筋	mac	名詞
ぼうすいじょうどうみゃくりゅう	紡錘状動脈瘤	mac	名詞
ぼうすいじょうのうどうみゃくりゅう	紡錘状脳動脈瘤	ime	名詞
ぼうすいは	紡錘波	mac	名詞
ぼうすとーまへるにあ	傍ストーマヘルニア	ime	名詞
ぼうせいししょう	乏精子症	ime	名詞
ぼうせいちゅうもうようたい	傍正中網様体	mac	名詞
ぼうせきついぶ	傍脊椎部	mac	名詞
ぼうだいどうみゃく	傍大動脈	both	名詞
ぼうだいどうみゃくぶ	傍大動脈部	mac	名詞
ぼうだいどうみゃくりょういき	傍大動脈領域	mac	名詞
ぼうだいどうみゃくりんぱせつ	傍大動脈リンパ節	ime	名詞
ぼうだいのうかまけっしゅ	傍大脳鎌血腫	ime	名詞
ぼうだいぶ	膨大部	mac	名詞
ぼうだいぶきゃく	膨大部脚	mac	名詞
ぼうだいぶりょう	膨大部稜	mac	名詞
ぼうちゅうしんあんてん	傍中心暗点	both	名詞
ぼうちゅうじんかん	傍中腎管	mac	名詞
ぼうちょうせい	膨張性	mac	名詞
ぼうとっきこうしゅ	乏突起膠腫	mac	名詞
ぼうとっきさいぼう	乏突起細胞	mac	名詞
ぼうとっきさいぼうしゅ	乏突起細胞腫	mac	名詞
ぼうとっきしんけいこうしゅ	乏突起神経膠腫	ime	名詞
ぼうとるこあんぶ	傍トルコ鞍部	mac	名詞
ぼうにょう	乏尿	both	名詞
ぼうひしつ	傍皮質	mac	名詞
ぼうふう	ボウフウ	ime	名詞
ぼうふうつうしょうさん	防風通聖散	ime	名詞
ぼうふくちょっきんせっかいほう	傍腹直筋切開法	mac	名詞
ぼうぶんぴ	傍分泌	mac	名詞
ぼうまん	膨満	mac	名詞
ぼうまんかん	膨満感	mac	名詞
ぼうらんかん	傍卵管	ime	名詞
ぼうらんかんのうほう	傍卵管嚢胞	ime	名詞
ぼうらんそう	傍卵巣	ime	名詞
ぼうらんそうのうほう	傍卵巣嚢胞	ime	名詞
ぼうりゅう	膨隆	mac	名詞
ぼうりゅうこうさい	膨隆虹彩	ime	名詞
ぼうりょくこうい	暴力行為	ime	名詞
ぼうろほう	傍濾胞	mac	名詞
ぼうろほうさいぼう	傍濾胞細胞	mac	名詞
ぼきしろんさいりゅうしょうによう	ボキシロン細粒小児用	ime	名詞
ぼくさーこっせつ	ボクサー骨折	ime	名詞
ぼくそく	ボクソク	ime	名詞
ぼぐりぼーす	ボグリボース	ime	名詞
ぼぐりぼーすおーでぃーふぃるむ	ボグリボースODフィルム	ime	名詞
ぼし	母趾	mac	名詞
ぼしCMかんせつあだっきゅう	母指CM関節亜脱臼	ime	名詞
ぼしCMかんせつしょう	母指CM関節症	ime	名詞
ぼしCMかんせつだっきゅう	母指CM関節脱臼	ime	名詞
ぼしCMかんせつへんけいせいかんせつしょう	母指CM関節変形性関節症	ime	名詞
ぼしIPかんせつしゃくそくそくふくじんたいそんしょう	母指IP関節尺側側副靱帯損傷	ime	名詞
ぼしIPかんせつそくふくじんたいそんしょう	母指IP関節側副靱帯損傷	ime	名詞
ぼしIPかんせつそくふくじんたいそんしょう	母趾IP関節側副靱帯損傷	ime	名詞
ぼしIPかんせつとうそくそくふくじんたいそんしょう	母指IP関節橈側側副靱帯損傷	ime	名詞
ぼしMPかんせつしゃくそくそくふくじんたいそんしょう	母指MP関節尺側側副靱帯損傷	ime	名詞
ぼしMPかんせつしゃくそくそくふくじんたいだんれつ	母指MP関節尺側側副靱帯断裂	ime	名詞
ぼしMPかんせつそくふくじんたいそんしょう	母指MP関節側副靱帯損傷	ime	名詞
ぼしMPかんせつそくふくじんたいそんしょう	母趾MP関節側副靱帯損傷	ime	名詞
ぼしMPかんせつそくふくじんたいだんれつ	母指MP関節側副靱帯断裂	ime	名詞
ぼしMPかんせつつう	母指MP関節痛	ime	名詞
ぼしMPかんせつとうそくそくふくじんたいそんしょう	母指MP関節橈側側副靱帯損傷	ime	名詞
ぼしMPかんせつとうそくそくふくじんたいだんれつ	母指MP関節橈側側副靱帯断裂	ime	名詞
ぼしあくせいこくしょくしゅ	母指悪性黒色腫	ime	名詞
ぼしあくせいこくしょくしゅ	母趾悪性黒色腫	ime	名詞
ぼしあっこんぞう	拇指圧痕像	ime	名詞
ぼしあっこんぞう	母趾圧痕像	mac	名詞
ぼしかいほうこっせつ	母指開放骨折	ime	名詞
ぼしかいほうこっせつ	母趾開放骨折	ime	名詞
ぼしかしゅじゅつ	母指化手術	ime	名詞
ぼしかのうせいけんしょうえん	母指化膿性腱鞘炎	ime	名詞
ぼしかんせつしょう	母指関節症	ime	名詞
ぼしかんせつだっきゅう	母指関節脱臼	ime	名詞
ぼしかんせつつう	母趾関節痛	ime	名詞
ぼしかんせつねんざ	母指関節捻挫	ime	名詞
ぼしかんせん	母子感染	ime	名詞
ぼしかんせんよぼうじぎょう	母子感染予防事業	mac	名詞
ぼしがいてんきん	母趾外転筋	mac	名詞
ぼしがいてんきんだんれつ	母指外転筋断裂	ime	名詞
ぼしがいはんしょう	母趾外反症	ime	名詞
ぼしがんぐりおん	母指ガングリオン	ime	名詞
ぼしがんぐりおん	母趾ガングリオン	ime	名詞
ぼしきせつかいほうこっせつ	母指基節開放骨折	ime	名詞
ぼしきせつこっせつ	母指基節骨折	ime	名詞
ぼしきせつこつ	母指基節骨	ime	名詞
ぼしきせつこつかいほうこっせつ	母指基節骨開放骨折	ime	名詞
ぼしきせつこつかいほうこっせつ	母趾基節骨開放骨折	ime	名詞
ぼしきせつこつこっせつ	母指基節骨骨折	ime	名詞
ぼしきせつこつこっせつ	母趾基節骨骨折	ime	名詞
ぼしきせつこつこったんせんそんしょう	母指基節骨骨端線損傷	ime	名詞
ぼしきせつこつこったんせんそんしょう	母趾基節骨骨端線損傷	ime	名詞
ぼしきていさいぼうがん	母指基底細胞癌	ime	名詞
ぼしきていさいぼうがん	母趾基底細胞癌	ime	名詞
ぼしきゅう	母指球	mac	名詞
ぼしきゅうきん	母指球筋	mac	名詞
ぼしきゅうぶだい	母指球部第	ime	名詞
ぼしきゅうぶだい1どねっしょう	母指球部第1度熱傷	ime	名詞
ぼしきゅうぶだい2どねっしょう	母指球部第2度熱傷	ime	名詞
ぼしきゅうぶだい3どねっしょう	母指球部第3度熱傷	ime	名詞
ぼしきゅうぶだいいちどねっしょう	母指球部第1度熱傷	ime	名詞
ぼしきゅうぶだいさんどねっしょう	母指球部第3度熱傷	ime	名詞
ぼしきゅうぶだいにどねっしょう	母指球部第2度熱傷	ime	名詞
ぼしきゅうぶつう	母指球部痛	ime	名詞
ぼしきょうさくせいけんしょうえん	母指狭窄性腱鞘炎	ime	名詞
ぼしくっきょくこうしゅく	母指屈曲拘縮	ime	名詞
ぼしくっきんけんけんしょうえん	母指屈筋腱腱鞘炎	ime	名詞
ぼしくっきんけんゆちゃく	母指屈筋腱癒着	ime	名詞
ぼしけっかんしゅ	母指血管腫	ime	名詞
ぼしけっかんそんしょう	母指血管損傷	ime	名詞
ぼしけんしょうえん	母指腱鞘炎	ime	名詞
ぼしけんしょうきょさいぼうしゅ	母指腱鞘巨細胞腫	ime	名詞
ぼしけんせいまれっとゆび	母指腱性マレット指	ime	名詞
ぼしこうそう	母指咬創	ime	名詞
ぼしこっせつ	母指骨折	ime	名詞
ぼしこっせつ	母趾骨折	ime	名詞
ぼしこつこっせつ	母趾骨骨折	ime	名詞
ぼしこつずいえん	母指骨髄炎	ime	名詞
ぼしこつずいえん	母趾骨髄炎	ime	名詞
ぼしこつせいまれっとゆび	母指骨性マレット指	ime	名詞
ぼしさんしせつしょう	母指三指節症	ime	名詞
ぼしざしょう	母指挫傷	ime	名詞
ぼしざそう	母指挫創	ime	名詞
ぼしざそう	母趾挫創	ime	名詞
ぼししそう	母指刺創	ime	名詞
ぼししゅしこつしょうがい	母趾種子骨障害	ime	名詞
ぼししゅどうみゃく	母指主動脈	mac	名詞
ぼししゅりゅう	母指腫瘤	ime	名詞
ぼししんきんけんだんれつ	母指伸筋腱断裂	ime	名詞
ぼししんきんけんゆちゃく	母指伸筋腱癒着	ime	名詞
ぼししんけいえん	母指神経炎	ime	名詞
ぼししんけいそんしょう	母指神経損傷	ime	名詞
ぼししーえむかんせつあだっきゅう	母指CM関節亜脱臼	ime	名詞
ぼししーえむかんせつしょう	母指CM関節症	ime	名詞
ぼししーえむかんせつだっきゅう	母指CM関節脱臼	ime	名詞
ぼししーえむかんせつへんけいせいかんせつしょう	母指CM関節変形性関節症	ime	名詞
ぼしじしかんせっそう	母指示指間切創	ime	名詞
ぼしせっそう	母指切創	ime	名詞
ぼしせつだん	母指切断	ime	名詞
ぼしそうかけっしゅ	母指爪下血腫	ime	名詞
ぼしそうしょうけっしゅ	母趾爪床血腫	ime	名詞
ぼしそくふくじんたいそんしょう	母指側副靱帯損傷	ime	名詞
ぼしそくふくじんたいだんれつ	母指側副靱帯断裂	ime	名詞
ぼしたいりつきん	母指対立筋	mac	名詞
ぼしたいりつさいけんじゅつ	母指対立再建術	ime	名詞
ぼしだい	母指第	ime	名詞
ぼしだい1どねっしょう	母指第1度熱傷	ime	名詞
ぼしだい2どねっしょう	母指第2度熱傷	ime	名詞
ぼしだい3どねっしょう	母指第3度熱傷	ime	名詞
ぼしだいいちどねっしょう	母指第1度熱傷	ime	名詞
ぼしだいさんどねっしょう	母指第3度熱傷	ime	名詞
ぼしだいにどねっしょう	母指第2度熱傷	ime	名詞
ぼしだぼくざそう	母指打撲挫創	ime	名詞
ぼしだぼくしょう	母指打撲傷	ime	名詞
ぼしだぼくしょう	母趾打撲傷	ime	名詞
ぼしだんぱつし	母指弾撥指	ime	名詞
ぼしちゅうしゅこつかいほうこっせつ	母指中手骨開放骨折	ime	名詞
ぼしちゅうしゅこつこっせつ	母指中手骨骨折	ime	名詞
ぼしちゅうせつこつ	母指中節骨	ime	名詞
ぼしちゅうせつこつこったんせんそんしょう	母指中節骨骨端線損傷	ime	名詞
ぼしちゅうせつこつこったんせんそんしょう	母趾中節骨骨端線損傷	ime	名詞
ぼしちんきゅうせいざしょう	母指陳旧性挫傷	ime	名詞
ぼしつう	母指痛	ime	名詞
ぼしつう	母趾痛	ime	名詞
ぼしとうだい	拇指頭大	ime	名詞
ぼしないそくぶつう	母趾内側部痛	mac	名詞
ぼしないてんきん	母指内転筋	mac	名詞
ぼしないてんきん	母趾内転筋	mac	名詞
ぼしなんちせいひふかいよう	母趾難治性皮膚潰瘍	ime	名詞
ぼしねっしょう	母指熱傷	ime	名詞
ぼしねんざ	母趾捻挫	ime	名詞
ぼしのうよう	母指膿瘍	ime	名詞
ぼしばねゆび	母指ばね指	ime	名詞
ぼしひかいぶつ	母指皮下異物	ime	名詞
ぼしひふかいよう	母趾皮膚潰瘍	ime	名詞
ぼしひふがん	母指皮膚癌	ime	名詞
ぼしひふがん	母趾皮膚癌	ime	名詞
ぼしひふけっそんそう	母指皮膚欠損創	ime	名詞
ぼしひふけっそんそう	母趾皮膚欠損創	ime	名詞
ぼしへんけい	母指変形	ime	名詞
ぼしぼはんさいぼうぼはん	母指母斑細胞母斑	ime	名詞
ぼしぼはんさいぼうぼはん	母趾母斑細胞母斑	ime	名詞
ぼしぼーえんびょう	母指ボーエン病	ime	名詞
ぼしぼーえんびょう	母趾ボーエン病	ime	名詞
ぼしまっせつこつ	母指末節骨	ime	名詞
ぼしまっせつこつかいほうこっせつ	母指末節骨開放骨折	ime	名詞
ぼしまっせつこつかいほうこっせつ	母趾末節骨開放骨折	ime	名詞
ぼしまっせつこつこっせつ	母指末節骨骨折	ime	名詞
ぼしまっせつこつこっせつ	母趾末節骨骨折	ime	名詞
ぼしまっせつこつこったんせんそんしょう	母指末節骨骨端線損傷	ime	名詞
ぼしまっせつこつこったんせんそんしょう	母趾末節骨骨端線損傷	ime	名詞
ぼしまっせつぶざそう	母指末節部挫創	ime	名詞
ぼしまれっとゆび	母指マレット指	ime	名詞
ぼしゆうきょくさいぼうがん	母指有棘細胞癌	ime	名詞
ぼしゆうきょくさいぼうがん	母趾有棘細胞癌	ime	名詞
ぼじ	母児	mac	名詞
ぼじかんけつえきがたふてきごう	母児間血液型不適合	ime	名詞
ぼじかんゆけつしょうこうぐん	母児間輸血症候群	ime	名詞
ぼじしゅうちゅうかんり	母児集中管理	mac	名詞
ぼすちにぶ	ボスチニブ	ime	名詞
ぼすとんほっしん	ボストン発疹	ime	名詞
ぼすみんえき	ボスミン液	ime	名詞
ぼすみんがいようえき	ボスミン外用液	ime	名詞
ぼせいいでん	母性遺伝	mac	名詞
ぼせいふぇにるけとんにょうしょう	母性フェニルケトン尿症	ime	名詞
ぼせるもんけっしょうふゆうえき	ボセルモン結晶浮游液	ime	名詞
ぼせるもんでぽー	ボセルモンデポー	ime	名詞
ぼせんたんすいわぶつ	ボセンタン水和物	ime	名詞
ぼたい	母体	ime	名詞
ぼたいいんし	母体因子	ime	名詞
ぼたいいんしによるようすいかたしょう	母体因子による羊水過多症	ime	名詞
ぼたいかん	母胎間	mac	名詞
ぼたいきゅうはく	母体窮迫	ime	名詞
ぼたいけっせいすくりーにんぐしけん	母体血清スクリーニング試験	mac	名詞
ぼたいけつ	母体血	mac	名詞
ぼたいけつえきえんげめれな	母体血液嚥下メレナ	ime	名詞
ぼたいし	母体死	mac	名詞
ぼたいじ	母体児	ime	名詞
ぼたいじゅんかん	母体循環	ime	名詞
ぼたいじゅんかんへのたいじしっけつ	母体循環への胎児失血	ime	名詞
ぼたいにゅうぼう	母体乳房	ime	名詞
ぼたいにゅうぼうからのしんせいじほにゅうこんなん	母体乳房からの新生児哺乳困難	ime	名詞
ぼたいのていけつあつしょうこうぐん	母体の低血圧症候群	ime	名詞
ぼたいぶ	母体部	mac	名詞
ぼたいほごほう	母体保護法	mac	名詞
ぼたろーかんかいぞんへいさじゅつ	ボタロー管開存閉鎖術	ime	名詞
ぼたろーしかんへいぞんしょう	ボタロー氏管閉存症	ime	名詞
ぼたんねつ	ボタン熱	ime	名詞
ぼたんぴ	ボタンピ	ime	名詞
ぼたんほーるへんけい	ボタンホール変形	ime	名詞
ぼち	母地	mac	名詞
ぼちしーと	ボチシート	ime	名詞
ぼっきしょうがい	勃起障害	mac	名詞
ぼっきふぜん	勃起不全	ime	名詞
ぼっくはるとのうかしん	ボックハルト膿痂疹	ime	名詞
ぼつりぬすきん	ボツリヌス菌	mac	名詞
ぼつりぬすきんしょくちゅうどく	ボツリヌス菌食中毒	ime	名詞
ぼつりぬすしょう	ボツリヌス症	mac	名詞
ぼつりぬすしょくちゅうどく	ボツリヌス食中毒	ime	名詞
ぼつりぬすちゅうどく	ボツリヌス中毒	ime	名詞
ぼでぃますしすう	ボディマス指数	mac	名詞
ぼとうにょうびょうじ	母糖尿病児	ime	名詞
ぼとりおみこーぜ	ボトリオミコーゼ	ime	名詞
ぼなふぇっくざざい	ボナフェック坐剤	ime	名詞
ぼなふぇっくてんがんえき	ボナフェック点眼液	ime	名詞
ぼなろんけいこうぜりー	ボナロン経口ゼリー	ime	名詞
ぼにえしょうこうぐん	ボニエ症候群	ime	名詞
ぼにゅうえいよう	母乳栄養	mac	名詞
ぼにゅうかんせん	母乳感染	mac	名詞
ぼにゅうせいおうだん	母乳性黄疸	ime	名詞
ぼねびーうるりっひしょうこうぐん	ボネビー・ウルリッヒ症候群	ime	名詞
ぼはん	母斑	ime	名詞
ぼはんさいぼうぼはん	母斑細胞母斑	ime	名詞
ぼはんしょう	母斑症	both	名詞
ぼはんようげんきょくせいたいかんひかくけっかんしゅ	母斑様限局性体幹被角血管腫	ime	名詞
ぼりびあしゅっけつねつ	ボリビア出血熱	ime	名詞
ぼるたれん	ボルタレン	mac	名詞
ぼるたれんげる	ボルタレンゲル	ime	名詞
ぼるたれんさぽ	ボルタレンサポ	ime	名詞
ぼるたれんてーぷ	ボルタレンテープ	ime	名詞
ぼるたれんろーしょん	ボルタレンローション	ime	名詞
ぼるてぞみぶ	ボルテゾミブ	mac	名詞
ぼるまげんざざい	ボルマゲン坐剤	ime	名詞
ぼれい	ボレイ	ime	名詞
ぼれりあ	ボレリア	mac	名詞
ぼれりあぞく	ボレリア属	mac	名詞
ぼれりあぶるぐどるふぇりこうたい	ボレリア・ブルグドルフェリ抗体価	ime	名詞
ぼれーがいようえき	ボレー外用液	ime	名詞
ぼれーくりーむ	ボレークリーム	ime	名詞
ぼれーすぷれー	ボレースプレー	ime	名詞
ぼんはっぴー	ボンハッピー	ime	名詞
ぼんふぇなっくざざい	ボンフェナック坐剤	ime	名詞
ぼんべいがた	ボンベイ型	mac	名詞
ぼーあこうか	ボーア効果	mac	名詞
ぼーえんしょう	ボーエン症	ime	名詞
ぼーえんじょうひしゅ	ボーエン上皮腫	ime	名詞
ぼーえんひふしゅ	ボーエン皮膚腫	ime	名詞
ぼーえんびょう	ボーエン病	ime	名詞
ぼーきさいとせんいしょう	ボーキサイト線維症	ime	名詞
ぼーせん	ボー線	ime	名詞
ぼーまんくう	ボーマン腔	mac	名詞
ぼーまんのう	ボーマン嚢	mac	名詞
ぼーまんのうじょうひ	ボーマン嚢上皮	mac	名詞
ぼーまんまく	ボーマン膜	mac	名詞
