だい10いんし	第X因子	ime	名詞
だい11いんし	第XI因子	ime	名詞
だい11いんしけつぼうしょう	第XI因子欠乏症	ime	名詞
だい12いんし	第XII因子	ime	名詞
だい13いんし	第XIII因子	ime	名詞
だい14ばんせんしょくたいちちおやせいだいそみーしょうこうぐん	第14番染色体父親性ダイソミー症候群	ime	名詞
だい1がたむこたとうしょう	第1型ムコ多糖症	ime	名詞
だい1きこうもんばいどく	第1期肛門梅毒	ime	名詞
だい1きせいきばいどく	第1期性器梅毒	ime	名詞
だい1きせんえんぶんべん	第1期遷延分娩	ime	名詞
だい1けーらーびょう	第1ケーラー病	ime	名詞
だい1しかんせつつう	第1趾関節痛	ime	名詞
だい1しきかくいじょう	第1色覚異常	ime	名詞
だい1しきじゃく	第1色弱	ime	名詞
だい1しきもう	第1色盲	ime	名詞
だい1しこつずいえん	第1趾骨髄炎	ime	名詞
だい1しゅこんちゅうしゅかんせつだっきゅうこっせつ	第1手根中手関節脱臼骨折	ime	名詞
だい1だい2さいきゅうしょうこうぐん	第1第2鰓弓症候群	ime	名詞
だい1てん2きょうついびょうてきこっせつ	第1・2胸椎病的骨折	ime	名詞
だい1どかし	第1度仮死	ime	名詞
だい1どしきゅうだつ	第1度子宮脱	ime	名詞
だい1どとうしょう	第1度凍傷	ime	名詞
だい1どねっしょう	第1度熱傷	ime	名詞
だい1どひやけ	第1度日焼け	ime	名詞
だい1どふしょく	第1度腐蝕	ime	名詞
だい1どぼうしつぶろっく	第1度房室ブロック	ime	名詞
だい1どむげっけい	第1度無月経	ime	名詞
だい2きせんえんぶんべん	第2期遷延分娩	ime	名詞
だい2きばいどくずいまくえん	第2期梅毒髄膜炎	ime	名詞
だい2きばいどくせいがんしょうがい	第2期梅毒性眼障害	ime	名詞
だい2きばいどくせいきんえん	第2期梅毒性筋炎	ime	名詞
だい2きばいどくせいこうさいもうようたいえん	第2期梅毒性虹彩毛様体炎	ime	名詞
だい2きばいどくせいこつまくえん	第2期梅毒性骨膜炎	ime	名詞
だい2きばいどくせいりんぱせつしょう	第2期梅毒性リンパ節症	ime	名詞
だい2けーらーびょう	第2ケーラー病	ime	名詞
だい2しあくせいこくしょくしゅ	第2趾悪性黒色腫	ime	名詞
だい2しきかくいじょう	第2色覚異常	ime	名詞
だい2しきじゃく	第2色弱	ime	名詞
だい2しきせつこつかいほうこっせつ	第2趾基節骨開放骨折	ime	名詞
だい2しきせつこつこっせつ	第2趾基節骨骨折	ime	名詞
だい2しきていさいぼうがん	第2趾基底細胞癌	ime	名詞
だい2しきもう	第2色盲	ime	名詞
だい2しちゅうせつこつかいほうこっせつ	第2趾中節骨開放骨折	ime	名詞
だい2しちゅうせつこつこっせつ	第2趾中節骨骨折	ime	名詞
だい2しひふがん	第2趾皮膚癌	ime	名詞
だい2しぼはんさいぼうぼはん	第2趾母斑細胞母斑	ime	名詞
だい2しぼーえんびょう	第2趾ボーエン病	ime	名詞
だい2しまっせつこつかいほうこっせつ	第2趾末節骨開放骨折	ime	名詞
だい2しまっせつこつこっせつ	第2趾末節骨骨折	ime	名詞
だい2しゆうきょくさいぼうがん	第2趾有棘細胞癌	ime	名詞
だい2ぞうげしつ	第2象牙質	ime	名詞
だい2ちゅうそくこつじゃくねんせいこつなんこつしょう	第2中足骨若年性骨軟骨症	ime	名詞
だい2どかし	第2度仮死	ime	名詞
だい2どしきゅうだつ	第2度子宮脱	ime	名詞
だい2どとうしょう	第2度凍傷	ime	名詞
だい2どねっしょう	第2度熱傷	ime	名詞
だい2どひやけ	第2度日焼け	ime	名詞
だい2どふしょく	第2度腐蝕	ime	名詞
だい2どぼうしつぶろっく	第2度房室ブロック	ime	名詞
だい2どむげっけい	第2度無月経	ime	名詞
だい2ようついびょうてきこっせつ	第2腰椎病的骨折	ime	名詞
だい3きしゅっけつ	第3期出血	ime	名詞
だい3けいついはれつこっせつ	第3頚椎破裂骨折	ime	名詞
だい3しあくせいこくしょくしゅ	第3趾悪性黒色腫	ime	名詞
だい3しきかくいじょう	第3色覚異常	ime	名詞
だい3しきじゃく	第3色弱	ime	名詞
だい3しきせつこつかいほうこっせつ	第3趾基節骨開放骨折	ime	名詞
だい3しきせつこつこっせつ	第3趾基節骨骨折	ime	名詞
だい3しきていさいぼうがん	第3趾基底細胞癌	ime	名詞
だい3しきもう	第3色盲	ime	名詞
だい3しちゅうせつこつかいほうこっせつ	第3趾中節骨開放骨折	ime	名詞
だい3しちゅうせつこつこっせつ	第3趾中節骨骨折	ime	名詞
だい3しひふがん	第3趾皮膚癌	ime	名詞
だい3しぼはんさいぼうぼはん	第3趾母斑細胞母斑	ime	名詞
だい3しぼーえんびょう	第3趾ボーエン病	ime	名詞
だい3しまっせつこつかいほうこっせつ	第3趾末節骨開放骨折	ime	名詞
だい3しまっせつこつこっせつ	第3趾末節骨骨折	ime	名詞
だい3しゆうきょくさいぼうがん	第3趾有棘細胞癌	ime	名詞
だい3どしきゅうだつ	第3度子宮脱	ime	名詞
だい3どとうしょう	第3度凍傷	ime	名詞
だい3どねっしょう	第3度熱傷	ime	名詞
だい3どひやけ	第3度日焼け	ime	名詞
だい3どふしょく	第3度腐蝕	ime	名詞
だい3どぼうしつぶろっく	第3度房室ブロック	ime	名詞
だい3のうしつしゅよう	第3脳室腫瘍	ime	名詞
だい3のうしつのうしゅよう	第3脳室脳腫瘍	ime	名詞
だい3のうしつみゃくらくそうにゅうとうしゅ	第3脳室脈絡叢乳頭腫	ime	名詞
だい3ようついびょうてきこっせつ	第3腰椎病的骨折	ime	名詞
だい4けいついはれつこっせつ	第4頚椎破裂骨折	ime	名詞
だい4しあくせいこくしょくしゅ	第4趾悪性黒色腫	ime	名詞
だい4しきせつこつかいほうこっせつ	第4趾基節骨開放骨折	ime	名詞
だい4しきせつこつこっせつ	第4趾基節骨骨折	ime	名詞
だい4しきていさいぼうがん	第4趾基底細胞癌	ime	名詞
だい4しちゅうせつこつかいほうこっせつ	第4趾中節骨開放骨折	ime	名詞
だい4しちゅうせつこつこっせつ	第4趾中節骨骨折	ime	名詞
だい4しひふがん	第4趾皮膚癌	ime	名詞
だい4しぼはんさいぼうぼはん	第4趾母斑細胞母斑	ime	名詞
だい4しぼーえんびょう	第4趾ボーエン病	ime	名詞
だい4しまっせつこつかいほうこっせつ	第4趾末節骨開放骨折	ime	名詞
だい4しまっせつこつこっせつ	第4趾末節骨骨折	ime	名詞
だい4しゆうきょくさいぼうがん	第4趾有棘細胞癌	ime	名詞
だい4だいきゅうし	第4大臼歯	ime	名詞
だい4どとうしょう	第4度凍傷	ime	名詞
だい4どねっしょう	第4度熱傷	ime	名詞
だい4のうしつしゅよう	第4脳室腫瘍	ime	名詞
だい4のうしつじょういしゅ	第4脳室上衣腫	ime	名詞
だい4のうしつずいがしゅ	第4脳室髄芽腫	ime	名詞
だい4のうしつのうしゅよう	第4脳室脳腫瘍	ime	名詞
だい4のうしつみゃくらくそうにゅうとうしゅ	第4脳室脈絡叢乳頭腫	ime	名詞
だい4のうしつるいひょうひのうほう	第4脳室類表皮嚢胞	ime	名詞
だい4ようついついかんばんへんせい	第4腰椎椎間板変性	ime	名詞
だい4ようついびょうてきこっせつ	第4腰椎病的骨折	ime	名詞
だい5いんし	第V因子	ime	名詞
だい5いんしけつぼうしょう	第V因子欠乏症	ime	名詞
だい5けいついはれつこっせつ	第5頚椎破裂骨折	ime	名詞
だい5しあくせいこくしょくしゅ	第5趾悪性黒色腫	ime	名詞
だい5しきせつこつかいほうこっせつ	第5趾基節骨開放骨折	ime	名詞
だい5しきせつこつこっせつ	第5趾基節骨骨折	ime	名詞
だい5しきていさいぼうがん	第5趾基底細胞癌	ime	名詞
だい5しちゅうせつこつかいほうこっせつ	第5趾中節骨開放骨折	ime	名詞
だい5しちゅうせつこつこっせつ	第5趾中節骨骨折	ime	名詞
だい5しひふがん	第5趾皮膚癌	ime	名詞
だい5しひふけっそんそう	第5趾皮膚欠損創	ime	名詞
だい5しぼはんさいぼうぼはん	第5趾母斑細胞母斑	ime	名詞
だい5しぼーえんびょう	第5趾ボーエン病	ime	名詞
だい5しまっせつこつかいほうこっせつ	第5趾末節骨開放骨折	ime	名詞
だい5しまっせつこつこっせつ	第5趾末節骨骨折	ime	名詞
だい5しゆうきょくさいぼうがん	第5趾有棘細胞癌	ime	名詞
だい5ちゅうそくこつじゃくねんせいこつなんこつしょう	第5中足骨若年性骨軟骨症	ime	名詞
だい5びょう	第5病	ime	名詞
だい5ようついすべりしょう	第5腰椎すべり症	ime	名詞
だい5ようついだい1せんついかんついかんばんへんせい	第5腰椎第1仙椎間椎間板変性	ime	名詞
だい5ようついついかんばんへんせい	第5腰椎椎間板変性	ime	名詞
だい5ようついびょうてきこっせつ	第5腰椎病的骨折	ime	名詞
だい6けいついはれつこっせつ	第6頚椎破裂骨折	ime	名詞
だい7いんし	第VII因子	ime	名詞
だい7いんしけつぼうしょう	第VII因子欠乏症	ime	名詞
だい7けいついはれつこっせつ	第7頚椎破裂骨折	ime	名詞
だい8いんし	第VIII因子	ime	名詞
だい8いんしけつぼうしょう	第VIII因子欠乏症	ime	名詞
だい9いんし	第IX因子	ime	名詞
だい9いんしけつぼうしょう	第IX因子欠乏症	ime	名詞
だいあこーとくりーむ	ダイアコートクリーム	ime	名詞
だいあこーとなんこう	ダイアコート軟膏	ime	名詞
だいあすとろふぃーせいこついけいせいしょう	ダイアストロフィー性骨異形成症	ime	名詞
だいあっぷざざい	ダイアップ坐剤	ime	名詞
だいあふた	大アフタ	ime	名詞
だいあもっくす	ダイアモックス	mac	名詞
だいあもっくすまつ	ダイアモックス末	ime	名詞
だいあもんどぶらっくふぁんひんけつ	ダイアモンド・ブラックファン貧血	ime	名詞
だいあらいざーとくていせきそうがた	ダイアライザー特定積層型	ime	名詞
だいいちがた	第1型	ime	名詞
だいいちがたむこたとうしょう	第1型ムコ多糖症	ime	名詞
だいいちき	第1期	ime	名詞
だいいちきこうもんばいどく	第1期肛門梅毒	ime	名詞
だいいちきせいきばいどく	第1期性器梅毒	ime	名詞
だいいちきせんえんぶんべん	第1期遷延分娩	ime	名詞
だいいちきゅう	第１弓	ime	名詞
だいいちきょうつい	第1胸椎	ime	名詞
だいいちけいつい	第1頚椎	ime	名詞
だいいちけいついこっせつ	第一頚椎骨折	ime	名詞
だいいちけつじょうこつ	第一楔状骨	ime	名詞
だいいちさんきょう	第一三共	ime	名詞
だいいちし	第1指	ime	名詞
だいいちし	第1枝	ime	名詞
だいいちし	第1趾	ime	名詞
だいいちしきじゃく	第1色弱	ime	名詞
だいいちしきもう	第1色盲	ime	名詞
だいいちしこつ	第1指骨	ime	名詞
だいいちしゃけい	第一斜経	ime	名詞
だいいちしゅこんちゅうしゅかんせつかいほうせいだっきゅ	第1手根中手関節開放性脱臼骨折	ime	名詞
だいいちしゅこんちゅうしゅかんせつだっきゅうこっせつ	第1手根中手関節脱臼骨折	ime	名詞
だいいちじしょうとつそう	第一次衝突創	mac	名詞
だいいちせんたく	第一選択	mac	名詞
だいいちそくしがいはんしょうきょうせ	第一足指外反症矯正手術	ime	名詞
だいいちだいにさいきゅうしょうこうぐん	第1第2鰓弓症候群	ime	名詞
だいいちちゅうしゅこつ	第1中手骨	ime	名詞
だいいちてんにきょうついびょうてきこっせつ	第1・2胸椎病的骨折	ime	名詞
だいいちど	第1度	ime	名詞
だいいちどかし	第1度仮死	ime	名詞
だいいちどとうしょう	第1度凍傷	ime	名詞
だいいちどねっしょう	第1度熱傷	ime	名詞
だいいちどひやけ	第1度日焼け	ime	名詞
だいいちどふしょく	第1度腐蝕	ime	名詞
だいいちどぼうしつぶろっく	第1度房室ブロック	ime	名詞
だいいちどむげっけい	第1度無月経	ime	名詞
だいいちにきょうつい	第12胸椎	ime	名詞
だいいちにきょうつい	第12胸椎・第1腰椎間	ime	名詞
だいいちにきょうついてんだいいちようついかん	第12胸椎・第1腰椎間	ime	名詞
だいいちにぎょうこいんし	第12凝固因子	ime	名詞
だいいちにのうしんけい	第12脳神経	ime	名詞
だいいちにろっこつ	第12肋骨	ime	名詞
だいいちのうしんけい	第1脳神経	ime	名詞
だいいちゆうどう	第1誘導	ime	名詞
だいいちゆうどう	第I誘導	ime	名詞
だいいちようつい	第1腰椎	ime	名詞
だいいちれつ	第一裂	mac	名詞
だいいちろっこつ	第1肋骨	ime	名詞
だいいっきゅうしょうじょう	第1級症状	mac	名詞
だいいんしん	大陰唇	both	名詞
だいいんしんがん	大陰唇癌	ime	名詞
だいいんしんのうよう	大陰唇膿瘍	ime	名詞
だいうつびょう	大うつ病	mac	名詞
だいうつびょうせいしょうがい	大うつ病性障害	mac	名詞
だいえんきん	大円筋	both	名詞
だいおう	ダイオウ	ime	名詞
だいおうかんぞうとう	大黄甘草湯	ime	名詞
だいおうけい	大横径	both	名詞
だいおうぼたんぴとう	大黄牡丹皮湯	ime	名詞
だいかく	大角	both	名詞
だいかんし	大鉗子	mac	名詞
だいきゅういんし	第IX因子	ime	名詞
だいきゅうきょうつい	第9胸椎	ime	名詞
だいきゅうぎょうこいんし	第9凝固因子	ime	名詞
だいきゅうぎょうこいんしいんひびたー	第9凝固因子インヒビター	ime	名詞
だいきゅうせい	大球性	mac	名詞
だいきゅうせいこうしきそせいひんけつ	大球性高色素性貧血	mac	名詞
だいきゅうせいせいしきそせいひんけつ	大球性正色素性貧血	mac	名詞
だいきゅうせいひんけつ	大球性貧血	ime	名詞
だいきゅうのうしんけい	第9脳神経	ime	名詞
だいきゅうろっこつ	第9肋骨	ime	名詞
だいきょうきん	大胸筋	both	名詞
だいきょうきんえん	大胸筋炎	ime	名詞
だいきょうきんけっそんしょう	大胸筋欠損症	ime	名詞
だいきょうきんにくえん	大胸筋肉炎	ime	名詞
だいきょうきんひべん	大胸筋皮弁	mac	名詞
だいきょうこつきん	大頬骨筋	mac	名詞
だいきょくめんじょうるいかんせん	大局面状類乾癬	ime	名詞
だいくいんし	第IX因子	ime	名詞
だいけいかく	台形核	ime	名詞
だいけいたい	台形体	mac	名詞
だいけいたいかく	台形体核	mac	名詞
だいけっかんがっぺいしょう	大血管合併症	mac	名詞
だいけっかんしょう	大血管症	mac	名詞
だいけっかんてんい	大血管転位	ime	名詞
だいけっかんてんいしょう	大血管転位症	both	名詞
だいけっかんてんいしょうしゅじゅつ	大血管転位症手術	ime	名詞
だいけっかんてんかん	大血管転換	mac	名詞
だいけっせつ	大結節	mac	名詞
だいけっせつせいかんこうへん	大結節性肝硬変	ime	名詞
だいけつにょう	大血尿	ime	名詞
だいけんちゅうとう	大建中湯	ime	名詞
だいこう	大孔	both	名詞
だいこうがいしんけい	大口蓋神経	mac	名詞
だいこうがいどうみゃく	大口蓋動脈	mac	名詞
だいこうずいまくしゅ	大孔髄膜腫	ime	名詞
だいこうとう	大後頭	ime	名詞
だいこうとうかしんけいつう	大後頭下神経痛	ime	名詞
だいこうとうこう	大後頭孔	both	名詞
だいこうとうこうぶしゅよう	大後頭孔部腫瘍	ime	名詞
だいこうとうこうへるにあ	大後頭孔ヘルニア	ime	名詞
だいこうとうさんさしんけいしょうこうぐん	大後頭三叉神経症候群	ime	名詞
だいこうとうしんけい	大後頭神経	mac	名詞
だいこうとうしんけいえん	大後頭神経炎	ime	名詞
だいこうとうしんけいつう	大後頭神経痛	ime	名詞
だいこうとうちょくきん	大後頭直筋	mac	名詞
だいこうへるにあ	大孔ヘルニア	both	名詞
だいこつばん	大骨盤	mac	名詞
だいごいんし	第V因子	ime	名詞
だいごいんしけつぼうしょう	第V因子欠乏症	ime	名詞
だいごがた	第5型	ime	名詞
だいごき	第5期	ime	名詞
だいごきょうつい	第5胸椎	ime	名詞
だいごぎょうこいんし	第5凝固因子	ime	名詞
だいごけいつい	第5頚椎	ime	名詞
だいごけいついはれつこっせつ	第5頚椎破裂骨折	ime	名詞
だいごし	第5指	ime	名詞
だいごし	第5趾	ime	名詞
だいごしきせつこつかいほうこっせつ	第5趾基節骨開放骨折	ime	名詞
だいごしきせつこつこっせつ	第5趾基節骨骨折	ime	名詞
だいごしこつ	第5指骨	ime	名詞
だいごしちゅうせつこつかいほうこっせつ	第5趾中節骨開放骨折	ime	名詞
だいごしちゅうせつこつこっせつ	第5趾中節骨骨折	ime	名詞
だいごしひふけっそんそう	第5趾皮膚欠損創	ime	名詞
だいごしまっせつこつかいほうこっせつ	第5趾末節骨開放骨折	ime	名詞
だいごしまっせつこつこっせつ	第5趾末節骨骨折	ime	名詞
だいごちゅうしゅこつ	第5中手骨	ime	名詞
だいごちゅうそくこつじゃくねんせいこつなんこつしょう	第5中足骨若年性骨軟骨症	ime	名詞
だいごのうしんけい	第5脳神経	ime	名詞
だいごようつい	第5腰椎	ime	名詞
だいごようついすべりしょう	第5腰椎すべり症	ime	名詞
だいごようついだいいちせんついかんついかんばんへんせい	第5腰椎第1仙椎間椎間板変性	ime	名詞
だいごようついびょうてきこっせつ	第5腰椎病的骨折	ime	名詞
だいごろっこつ	第5肋骨	ime	名詞
だいさいことう	大柴胡湯	ime	名詞
だいさいぼうがた	大細胞型	ime	名詞
だいさいぼうがたびまんせいりんぱしゅ	大細胞型びまん性リンパ腫	ime	名詞
だいさいぼうがたろほうせい	大細胞型濾胞性	ime	名詞
だいさいぼうがたろほうせいりんぱしゅ	大細胞型濾胞性リンパ腫	ime	名詞
だいさいぼうがん	大細胞癌	mac	名詞
だいさいぼうりんぱしゅ	大細胞リンパ腫	mac	名詞
だいさんえいきゅうしたい	第三永久死体	mac	名詞
だいさんがた	第3型	ime	名詞
だいさんき	第3期	ime	名詞
だいさんきしゅっけつ	第3期出血	ime	名詞
だいさんきゅう	第３弓	ime	名詞
だいさんきょうつい	第3胸椎	ime	名詞
だいさんけいつい	第3頚椎	ime	名詞
だいさんけいついはれつこっせつ	第3頚椎破裂骨折	ime	名詞
だいさんけつじょうこつ	第三楔状骨	ime	名詞
だいさんし	第3指	ime	名詞
だいさんし	第3枝	ime	名詞
だいさんし	第3趾	ime	名詞
だいさんしきじゃく	第3色弱	ime	名詞
だいさんしきせつこつかいほうこっせつ	第3趾基節骨開放骨折	ime	名詞
だいさんしきせつこつこっせつ	第3趾基節骨骨折	ime	名詞
だいさんしきもう	第3色盲	ime	名詞
だいさんしこつ	第3指骨	ime	名詞
だいさんしちゅうせつこつかいほうこっせつ	第3趾中節骨開放骨折	ime	名詞
だいさんしちゅうせつこつこっせつ	第3趾中節骨骨折	ime	名詞
だいさんしまっせつこつかいほうこっせつ	第3趾末節骨開放骨折	ime	名詞
だいさんしまっせつこつこっせつ	第3趾末節骨骨折	ime	名詞
だいさんしゃこうい	第三者行為	ime	名詞
だいさんじしょうとつそう	第三次衝突創	mac	名詞
だいさんちゅうしゅこつ	第3中手骨	ime	名詞
だいさんど	第3度	ime	名詞
だいさんどとうしょう	第3度凍傷	ime	名詞
だいさんどねっしょう	第3度熱傷	ime	名詞
だいさんどひやけ	第3度日焼け	ime	名詞
だいさんどふしょく	第3度腐蝕	ime	名詞
だいさんどぼうしつぶろっく	第3度房室ブロック	ime	名詞
だいさんのうしつ	第3脳室	ime	名詞
だいさんのうしつしゅよう	第3脳室腫瘍	ime	名詞
だいさんのうしつへきかいめんじょうけっかんしゅ	第三脳室壁海綿状血管腫	ime	名詞
だいさんのうしつみゃくらくそうにゅうとうしゅ	第3脳室脈絡叢乳頭腫	ime	名詞
だいさんのうしんけい	第3脳神経	ime	名詞
だいさんひこつきん	第三腓骨筋	mac	名詞
だいさんゆうどう	第3誘導	ime	名詞
だいさんゆうどう	第III誘導	ime	名詞
だいさんようつい	第3腰椎	ime	名詞
だいさんようついびょうてきこっせつ	第3腰椎病的骨折	ime	名詞
だいさんろっこつ	第3肋骨	ime	名詞
だいざこつこう	大坐骨孔	mac	名詞
だいざこつせっこん	大坐骨切痕	mac	名詞
だいしゃけい	大斜径	both	名詞
だいしょうき	代償期	mac	名詞
だいしょうきこう	代償機構	mac	名詞
だいしょうきこうのはたん	代償機構の破綻	mac	名詞
だいしょうしんけいしょう	代償神経症	ime	名詞
だいしょうせい	代償性	both	名詞
だいしょうせいあしどーしす	代償性アシドーシス	ime	名詞
だいしょうせいかかんき	代償性過換気	mac	名詞
だいしょうせいかんこうへん	代償性肝硬変	ime	名詞
だいしょうせいこうえんしょうせいはんのうしょうこうぐん	代償性抗炎症反応症候群	ime	名詞
だいしょうせいこうえんしょうはんのうしょうこうぐん	代償性抗炎症反応症候群	mac	名詞
だいしょうせいこきゅうせい	代償性呼吸性	ime	名詞
だいしょうせいこきゅうせいあしどーしす	代償性呼吸性アシドーシス	ime	名詞
だいしょうせいこきゅうせいあるかろーしす	代償性呼吸性アルカローシス	ime	名詞
だいしょうせいすいとうしょう	代償性水頭症	ime	名詞
だいしょうせいたいしゃせい	代償性代謝性	ime	名詞
だいしょうせいたいしゃせいあしどーしす	代償性代謝性アシドーシス	ime	名詞
だいしょうせいたいしゃせいあるかろーしす	代償性代謝性アルカローシス	ime	名詞
だいしょうせいはいきしゅ	代償性肺気腫	ime	名詞
だいしょうせいはっかん	代償性発汗	ime	名詞
だいしょうふどう	大小不同	mac	名詞
だいしんしょう	大唇症	ime	名詞
だいしんぞうじょうみゃく	大心臓静脈	mac	名詞
だいじかいしんけい	大耳介神経	mac	名詞
だいじしょう	大耳症	ime	名詞
だいじゅういちいんし	第XI因子	ime	名詞
だいじゅういんし	第X因子	ime	名詞
だいじゅうにいんし	第XII因子	ime	名詞
だいじゅうにしちょうにゅうとう	大十二指腸乳頭	mac	名詞
だいじょうきとう	大承気湯	ime	名詞
だいじょうこん	台状根	ime	名詞
だいじょうみゃく	大静脈	ime	名詞
だいじょうみゃくきょうさくしょう	大静脈狭窄症	ime	名詞
だいじょうみゃくけっせんしょう	大静脈血栓症	ime	名詞
だいじょうみゃくこう	大静脈孔	mac	名詞
だいじょうみゃくしょうこうぐん	大静脈症候群	ime	名詞
だいじょうみゃくせんてんいじょう	大静脈先天異常	ime	名詞
だいじょうみゃくそくせんしょう	大静脈塞栓症	ime	名詞
だいじょうみゃくどう	大静脈洞	mac	名詞
だいじんぱい	大腎杯	mac	名詞
だいすいたいしんけい	大錐体神経	mac	名詞
だいすいたいしんけいこう	大錐体神経溝	mac	名詞
だいずゆ	ダイズ油	ime	名詞
だいせっけっきゅう	大赤血球	mac	名詞
だいせんもん	大泉門	both	名詞
だいぜっかせんかん	大舌下腺管	mac	名詞
だいぜんていせん	大前庭腺	ime	名詞
だいそう	大槽	mac	名詞
だいたい	大腿	ime	名詞
だいたいあくせいせんいせいそしききゅうしゅ	大腿悪性線維性組織球腫	ime	名詞
だいたいあくせいなんぶしゅよう	大腿悪性軟部腫瘍	ime	名詞
だいたいあくせいまっしょうしんけいしょうしゅ	大腿悪性末梢神経鞘腫	ime	名詞
だいたいあつざしょう	大腿圧挫傷	ime	名詞
だいたいえしせいきんまくえん	大腿壊死性筋膜炎	ime	名詞
だいたいおうもんきんにくしゅ	大腿横紋筋肉腫	ime	名詞
だいたいおせんそう	大腿汚染創	ime	名詞
だいたいかつまくにくしゅ	大腿滑膜肉腫	ime	名詞
だいたいがいそくこうきんふぜんだんれつ	大腿外側広筋不全断裂	ime	名詞
だいたいがいそくひしんけいえん	大腿外側皮神経炎	ime	名詞
だいたいきていさいぼうがん	大腿基底細胞癌	ime	名詞
だいたいきんいぶぶんけっそん	大腿近位部分欠損	ime	名詞
だいたいきんえん	大腿筋炎	ime	名詞
だいたいきんきんまくしょう	大腿筋筋膜症	ime	名詞
だいたいきんぐんそんしょう	大腿筋群損傷	ime	名詞
だいたいきんしゅういえん	大腿筋周囲炎	ime	名詞
だいたいきんつう	大腿筋痛	ime	名詞
だいたいきんにくないいぶつざんりゅう	大腿筋肉内異物残留	ime	名詞
だいたいきんまくちょうきん	大腿筋膜張筋	mac	名詞
だいたいけいこつかんせつめん	大腿脛骨関節面	mac	名詞
だいたいけいぶ	大腿頚部	ime	名詞
だいたいけいぶぎかんせつ	大腿頚部偽関節	ime	名詞
だいたいけいぶこっせつこういしょう	大腿頚部骨折後遺症	ime	名詞
だいたいけっかんしぼうしゅ	大腿血管脂肪腫	ime	名詞
だいたいけっかんしゅ	大腿血管腫	ime	名詞
だいたいけっかんにくしゅ	大腿血管肉腫	ime	名詞
だいたいけっせんせいじょうみゃくえん	大腿血栓性静脈炎	ime	名詞
だいたいこうそう	大腿咬創	ime	名詞
だいたいこっとう	大腿骨頭	both	名詞
だいたいこっとうえし	大腿骨頭壊死	both	名詞
だいたいこっとうえししょう	大腿骨頭壊死症	mac	名詞
だいたいこっとうか	大腿骨頭下	ime	名詞
だいたいこっとうかいてんこつき	大腿骨頭回転骨切	ime	名詞
だいたいこっとうかいてんこつきりじゅ	大腿骨頭回転骨切り術	ime	名詞
だいたいこっとうかこっせつ	大腿骨頭下骨折	ime	名詞
だいたいこっとうじゃくねんせいこつなんこつしょう	大腿骨頭若年性骨軟骨症	ime	名詞
だいたいこっとうじんたい	大腿骨頭靱帯	mac	名詞
だいたいこっとうすべりしょう	大腿骨頭すべり症	both	名詞
だいたいこっとうむきんてきえし	大腿骨頭無菌的壊死	ime	名詞
だいたいこつ	大腿骨	both	名詞
だいたいこつえし	大腿骨壊死	ime	名詞
だいたいこつえんいこっかんぶこっせつぎかんせつけいせい	大腿骨遠位骨幹部骨折偽関節形成	ime	名詞
だいたいこつえんいこったんせんそんしょう	大腿骨遠位骨端線損傷	ime	名詞
だいたいこつえんいこったんせんりかい	大腿骨遠位骨端線離開	ime	名詞
だいたいこつえんいたんかいほうこっせつ	大腿骨遠位端開放骨折	ime	名詞
だいたいこつえんいたんこっせつ	大腿骨遠位端骨折	ime	名詞
だいたいこつえんいたんこつにくしゅ	大腿骨遠位端骨肉腫	ime	名詞
だいたいこつえんいぶきょさいぼうしゅ	大腿骨遠位部巨細胞腫	ime	名詞
だいたいこつえんいぶこつしゅよう	大腿骨遠位部骨腫瘍	ime	名詞
だいたいこつかいほうこっせつ	大腿骨開放骨折	ime	名詞
だいたいこつかじょう	大腿骨顆上	ime	名詞
だいたいこつかじょうかいほうこっせつ	大腿骨顆上開放骨折	ime	名詞
だいたいこつかじょうこっせつ	大腿骨顆上骨折	ime	名詞
だいたいこつかじょうこっせつごぎかんせつ	大腿骨顆上骨折後偽関節	ime	名詞
だいたいこつかじょうぶ	大腿骨顆上部	mac	名詞
だいたいこつかたん	大腿骨下端	ime	名詞
だいたいこつかたんこっせつ	大腿骨下端骨折	ime	名詞
だいたいこつかたんまんせいこつずいえん	大腿骨下端慢性骨髄炎	ime	名詞
だいたいこつかぶ	大腿骨顆部	both	名詞
だいたいこつかぶかいほうこっせつ	大腿骨顆部開放骨折	ime	名詞
だいたいこつかぶこっせつ	大腿骨顆部骨折	both	名詞
だいたいこつがいか	大腿骨外顆	ime	名詞
だいたいこつがいかかいほうこっせつ	大腿骨外顆開放骨折	ime	名詞
だいたいこつがいかこっせつ	大腿骨外顆骨折	ime	名詞
だいたいこつがいかなんこつそんしょう	大腿骨外顆軟骨損傷	ime	名詞
だいたいこつがいかぶさっかそう	大腿骨外顆部擦過創	ime	名詞
だいたいこつがいこつしゅ	大腿骨外骨腫	ime	名詞
だいたいこつがいそくこていようないふ	大腿骨外側固定用内副子	ime	名詞
だいたいこつきょさいぼうしゅ	大腿骨巨細胞腫	ime	名詞
だいたいこつきんいこったんせんそんしょう	大腿骨近位骨端線損傷	ime	名詞
だいたいこつきんいたんこつにくしゅ	大腿骨近位端骨肉腫	ime	名詞
だいたいこつきんいぶこっせつ	大腿骨近位部骨折	mac	名詞
だいたいこつきんいぶこつきりじゅつ	大腿骨近位部骨切り術	ime	名詞
だいたいこつきんいぶこつしゅよう	大腿骨近位部骨腫瘍	ime	名詞
だいたいこつぎかんせつ	大腿骨偽関節	ime	名詞
だいたいこつけい	大腿骨頚	mac	名詞
だいたいこつけいえし	大腿骨頚壊死	ime	名詞
だいたいこつけいか	大腿骨頚下	ime	名詞
だいたいこつけいぶ	大腿骨頚部	both	名詞
だいたいこつけいぶおうだんかいほうこっせつ	大腿骨頚部横断開放骨折	ime	名詞
だいたいこつけいぶおうだんこっせつ	大腿骨頚部横断骨折	ime	名詞
だいたいこつけいぶかいほうこっせつ	大腿骨頚部開放骨折	ime	名詞
だいたいこつけいぶがいそく	大腿骨頚部外側	ime	名詞
だいたいこつけいぶがいそくかいほうこっせつ	大腿骨頚部外側開放骨折	ime	名詞
だいたいこつけいぶがいそくかんつうかいほうこっせつ	大腿骨頚部外側貫通開放骨折	ime	名詞
だいたいこつけいぶがいそくかんつうこっせつ	大腿骨頚部外側貫通骨折	ime	名詞
だいたいこつけいぶがいそくこっせつ	大腿骨頚部外側骨折	ime	名詞
だいたいこつけいぶきぶ	大腿骨頚部基部	ime	名詞
だいたいこつけいぶきぶかいほうこっせつ	大腿骨頚部基部開放骨折	ime	名詞
だいたいこつけいぶきぶこっせつ	大腿骨頚部基部骨折	ime	名詞
だいたいこつけいぶこっせつ	大腿骨頚部骨折	both	名詞
だいたいこつけいぶこっせつこういしょう	大腿骨頚部骨折後遺症	ime	名詞
だいたいこつけいぶぜんねん	大腿骨頚部前捻	ime	名詞
だいたいこつけいぶないそく	大腿骨頚部内側	ime	名詞
だいたいこつけいぶないそくかいほうこっせつ	大腿骨頚部内側開放骨折	ime	名詞
だいたいこつけいぶないそくこっせつ	大腿骨頚部内側骨折	ime	名詞
だいたいこつけいぶひろうこっせつ	大腿骨頚部疲労骨折	ime	名詞
だいたいこつこっかんぶ	大腿骨骨幹部	ime	名詞
だいたいこつこっかんぶかいほうこっせつ	大腿骨骨幹部開放骨折	ime	名詞
だいたいこつこっかんぶかいほうせいふんさいこっせつ	大腿骨骨幹部開放性粉砕骨折	ime	名詞
だいたいこつこっかんぶぎかんせつ	大腿骨骨幹部偽関節	ime	名詞
だいたいこつこっかんぶこっせつ	大腿骨骨幹部骨折	ime	名詞
だいたいこつこっかんぶこつしゅよう	大腿骨骨幹部骨腫瘍	ime	名詞
だいたいこつこっかんぶひろうこっせつ	大腿骨骨幹部疲労骨折	ime	名詞
だいたいこつこっかんぶびょうてきこっせつ	大腿骨骨幹部病的骨折	ime	名詞
だいたいこつこっかんぶふんさいこっせつ	大腿骨骨幹部粉砕骨折	ime	名詞
だいたいこつこっせつ	大腿骨骨折	both	名詞
だいたいこつこっせつこういしょう	大腿骨骨折後遺症	ime	名詞
だいたいこつこっせつごこつゆごうふぜん	大腿骨骨折後骨癒合不全	ime	名詞
だいたいこつこっせつへんけいちゆ	大腿骨骨折変形治癒	ime	名詞
だいたいこつこったんすべり	大腿骨骨端すべり	ime	名詞
だいたいこつこっとうえし	大腿骨骨頭壊死	ime	名詞
だいたいこつこっとうかかいほうこっせつ	大腿骨骨頭下開放骨折	ime	名詞
だいたいこつこっとうかこっせつ	大腿骨骨頭下骨折	ime	名詞
だいたいこつこっとうとくはつせいえし	大腿骨骨頭特発性壊死	ime	名詞
だいたいこつこっとうとくはつせいむふせいえし	大腿骨骨頭特発性無腐性壊死	ime	名詞
だいたいこつこっとうないそくかいほうこっせつ	大腿骨骨頭内側開放骨折	ime	名詞
だいたいこつこっとうないそくこっせつ	大腿骨骨頭内側骨折	ime	名詞
だいたいこつこっとうへんけい	大腿骨骨頭変形	ime	名詞
だいたいこつこっとうむふせいえし	大腿骨骨頭無腐性壊死	ime	名詞
だいたいこつこつざしょう	大腿骨骨挫傷	ime	名詞
だいたいこつこつしゅよう	大腿骨骨腫瘍	ime	名詞
だいたいこつこつずいえん	大腿骨骨髄炎	ime	名詞
だいたいこつこつずいえん	大腿骨骨髓炎	ime	名詞
だいたいこつこつなんこつしゅ	大腿骨骨軟骨腫	ime	名詞
だいたいこつこつにくしゅ	大腿骨骨肉腫	ime	名詞
だいたいこつしゅよう	大腿骨腫瘍	ime	名詞
だいたいこつじょうぶびょうてきこっせつ	大腿骨上部病的骨折	ime	名詞
だいたいこつじんこうこっとう	大腿骨人工骨頭	ime	名詞
だいたいこつじんこうこっとうちかんじゅつご	大腿骨人工骨頭置換術後	ime	名詞
だいたいこつせんいせいこついけいせいしょう	大腿骨線維性骨異形成症	ime	名詞
だいたいこつそくけいぶ	大腿骨側頚部	ime	名詞
だいたいこつそくけいぶかいほうこっせつ	大腿骨側頚部開放骨折	ime	名詞
だいたいこつそくけいぶこっせつ	大腿骨側頚部骨折	ime	名詞
だいたいこつたはつかいほうこっせつ	大腿骨多発開放骨折	ime	名詞
だいたいこつたはつこっせつ	大腿骨多発骨折	ime	名詞
だいたいこつだいてんしぶ	大腿骨大転子部	ime	名詞
だいたいこつだいてんしぶかつえきほうえん	大腿骨大転子部滑液包炎	ime	名詞
だいたいこつだいてんしぶこっせつ	大腿骨大転子部骨折	ime	名詞
だいたいこつちょう	大腿骨長	mac	名詞
だいたいこつてんいせいこつしゅよう	大腿骨転移性骨腫瘍	ime	名詞
だいたいこつてんしか	大腿骨転子下	ime	名詞
だいたいこつてんしかん	大腿骨転子間	ime	名詞
だいたいこつてんしかんこっせつ	大腿骨転子間骨折	ime	名詞
だいたいこつてんしぶ	大腿骨転子部	ime	名詞
だいたいこつてんしぶかいほうこっせつ	大腿骨転子部開放骨折	ime	名詞
だいたいこつてんしぶこっせつ	大腿骨転子部骨折	both	名詞
だいたいこつないか	大腿骨内顆	ime	名詞
だいたいこつないかかいほうこっせつ	大腿骨内顆開放骨折	ime	名詞
だいたいこつないかこっせつ	大腿骨内顆骨折	ime	名詞
だいたいこつないかなんこつそんしょう	大腿骨内顆軟骨損傷	ime	名詞
だいたいこつないそくけいぶ	大腿骨内側頚部	ime	名詞
だいたいこつのうよう	大腿骨膿瘍	ime	名詞
だいたいこつのぶんべんそんしょう	大腿骨の分娩損傷	ime	名詞
だいたいこつはんぱつたんすべりしょう	大腿骨汎発端すべり症	ime	名詞
だいたいこつひろうこっせつ	大腿骨疲労骨折	ime	名詞
だいたいこつびょうてきこっせつ	大腿骨病的骨折	ime	名詞
だいたいこつふぜんかいほうこっせつ	大腿骨不全開放骨折	ime	名詞
だいたいこつふぜんこっせつ	大腿骨不全骨折	ime	名詞
だいたいこつふんさいかいほうこっせつ	大腿骨粉砕開放骨折	ime	名詞
だいたいこつふんさいこっせつ	大腿骨粉砕骨折	ime	名詞
だいたいこつぶすべりしょう	大腿骨部すべり症	ime	名詞
だいたいこつまくえん	大腿骨膜炎	ime	名詞
だいたいこつまんせいかのうせいこつずいえん	大腿骨慢性化膿性骨髄炎	ime	名詞
だいたいこつまんせいこつずいえん	大腿骨慢性骨髄炎	ime	名詞
だいたいこつゆーいんぐにくしゅ	大腿骨ユーイング肉腫	ime	名詞
だいたいさんかく	大腿三角	mac	名詞
だいたいざしょう	大腿挫傷	ime	名詞
だいたいざそう	大腿挫創	ime	名詞
だいたいざめつしょう	大腿挫滅傷	ime	名詞
だいたいざめつそう	大腿挫滅創	ime	名詞
だいたいしとうきん	大腿四頭筋	both	名詞
だいたいしとうきんけん	大腿四頭筋腱	mac	名詞
だいたいしとうきんけんえん	大腿四頭筋腱炎	ime	名詞
だいたいしとうきんけんけんしょうえん	大腿四頭筋腱腱鞘炎	ime	名詞
だいたいしとうきんこうしゅく	大腿四頭筋拘縮	ime	名詞
だいたいしとうきんこうしゅくしょう	大腿四頭筋拘縮症	ime	名詞
だいたいしとうきんざしょう	大腿四頭筋挫傷	ime	名詞
だいたいしとうきんたんしゅくしょう	大腿四頭筋短縮症	ime	名詞
だいたいしとうきんだんれつ	大腿四頭筋断裂	ime	名詞
だいたいしとうきんにくばなれ	大腿四頭筋肉離れ	ime	名詞
だいたいしとうきんねんざ	大腿四頭筋捻挫	ime	名詞
だいたいしとうきんぶぶんだんれつ	大腿四頭筋部分断裂	ime	名詞
だいたいしぼうしゅ	大腿脂肪腫	ime	名詞
だいたいしゅうけい	大腿周径	mac	名詞
だいたいしゅよう	大腿腫瘍	ime	名詞
だいたいしゅりゅう	大腿腫瘤	ime	名詞
だいたいしんけい	大腿神経	both	名詞
だいたいしんけいえん	大腿神経炎	ime	名詞
だいたいしんけいしょうがい	大腿神経傷害	ime	名詞
だいたいしんけいしんけいつう	大腿神経神経痛	ime	名詞
だいたいしんけいそんしょう	大腿神経損傷	ime	名詞
だいたいしんけいつう	大腿神経痛	ime	名詞
だいたいしんけいぶろっく	大腿神経ブロック	ime	名詞
だいたいしんけいまひ	大腿神経麻痺	ime	名詞
だいたいしんじょうみゃく	大腿深静脈	mac	名詞
だいたいしんどうみゃく	大腿深動脈	mac	名詞
だいたいじょうみゃく	大腿静脈	mac	名詞
だいたいじょうみゃくえん	大腿静脈炎	ime	名詞
だいたいじょうみゃくけっせんしょう	大腿静脈血栓症	ime	名詞
だいたいじょうみゃくそんしょう	大腿静脈損傷	ime	名詞
だいたいせいしょくぼはん	大腿青色母斑	ime	名詞
だいたいせっかいかじょうひしゅ	大腿石灰化上皮腫	ime	名詞
だいたいせつだん	大腿切断	ime	名詞
だいたいせつだんたんしんけいしゅ	大腿切断端神経腫	ime	名詞
だいたいせんいにくしゅ	大腿線維肉腫	ime	名詞
だいたいそんしょう	大腿損傷	ime	名詞
だいたいたんしんけいこんえん	大腿単神経根炎	ime	名詞
だいたいたんどく	大腿丹毒	ime	名詞
だいたいたんどくけっそん	大腿単独欠損	ime	名詞
だいたいだいてんしぶざしょう	大腿大転子部挫傷	ime	名詞
だいたいだぼくしょう	大腿打撲傷	ime	名詞
だいたいちょくきんえん	大腿直筋炎	ime	名詞
だいたいちょっきん	大腿直筋	mac	名詞
だいたいつう	大腿痛	ime	名詞
だいたいどうみゃく	大腿動脈	both	名詞
だいたいどうみゃくかせいどうみゃくりゅう	大腿動脈仮性動脈瘤	ime	名詞
だいたいどうみゃくきょうさくしょう	大腿動脈狭窄症	ime	名詞
だいたいどうみゃくそんしょう	大腿動脈損傷	ime	名詞
だいたいどうみゃくへいそくしょう	大腿動脈閉塞症	ime	名詞
だいたいどうみゃくりゅう	大腿動脈瘤	ime	名詞
だいたいないそくぶつう	大腿内側部痛	ime	名詞
だいたいなんせいせんいしゅ	大腿軟性線維腫	ime	名詞
だいたいなんちせいひふかいよう	大腿難治性皮膚潰瘍	ime	名詞
だいたいなんぶしゅよう	大腿軟部腫瘍	ime	名詞
だいたいにとうきん	大腿二頭筋	both	名詞
だいたいにとうきんそんしょう	大腿二頭筋損傷	ime	名詞
だいたいにとうきんないとうそんしょう	大腿二頭筋内頭損傷	ime	名詞
だいたいにとうきんぶぶんだんれつ	大腿二頭筋部分断裂	ime	名詞
だいたいねっしょう	大腿熱傷	ime	名詞
だいたいのうよう	大腿膿瘍	ime	名詞
だいたいはんまくようきんそんしょう	大腿半膜様筋損傷	ime	名詞
だいたいひかのうよう	大腿皮下膿瘍	ime	名詞
だいたいひしんけいこうやくしょう	大腿皮神経絞扼症	ime	名詞
だいたいひふかいよう	大腿皮膚潰瘍	ime	名詞
だいたいひふがん	大腿皮膚癌	ime	名詞
だいたいひふけっそんそう	大腿皮膚欠損創	ime	名詞
だいたいひふせんいしゅ	大腿皮膚線維腫	ime	名詞
だいたいひふりょうせいしゅよう	大腿皮膚良性腫瘍	ime	名詞
だいたいぶ	大腿部	ime	名詞
だいたいぶあくせいこくしょくしゅ	大腿部悪性黒色腫	ime	名詞
だいたいぶかいほうそう	大腿部開放創	ime	名詞
だいたいぶかいよう	大腿部潰瘍	ime	名詞
だいたいぶがいしょうせいこつかせいきんえん	大腿部外傷性骨化性筋炎	ime	名詞
だいたいぶきんえん	大腿部筋炎	ime	名詞
だいたいぶこうやくせいしんけいしょうがい	大腿部絞扼性神経障害	ime	名詞
だいたいぶこつかせいきんえん	大腿部骨化性筋炎	ime	名詞
だいたいぶこつきょさいぼうしゅ	大腿部骨巨細胞腫	ime	名詞
だいたいぶしきそせいぼはん	大腿部色素性母斑	ime	名詞
だいたいぶしそう	大腿部刺創	ime	名詞
だいたいぶしぼうにくしゅ	大腿部脂肪肉腫	ime	名詞
だいたいぶしゅちょう	大腿部腫脹	ime	名詞
だいたいぶせっそう	大腿部切創	ime	名詞
だいたいぶせんいにくしゅ	大腿部線維肉腫	ime	名詞
だいたいぶたんじゅんせいけっかんしゅ	大腿部単純性血管腫	ime	名詞
だいたいぶだい	大腿部第	ime	名詞
だいたいぶだい1どねっしょう	大腿部第1度熱傷	ime	名詞
だいたいぶだい2どねっしょう	大腿部第2度熱傷	ime	名詞
だいたいぶだい3どねっしょう	大腿部第3度熱傷	ime	名詞
だいたいぶだいいちどねっしょう	大腿部第1度熱傷	ime	名詞
だいたいぶだいさんどねっしょう	大腿部第3度熱傷	ime	名詞
だいたいぶだいにどねっしょう	大腿部第2度熱傷	ime	名詞
だいたいぶつう	大腿部痛	ime	名詞
だいたいぶとうつう	大腿部疼痛	ime	名詞
だいたいぶないてんきんざしょう	大腿部内転筋挫傷	ime	名詞
だいたいぶのうよう	大腿部膿瘍	ime	名詞
だいたいぶひかけっしゅ	大腿部皮下血腫	ime	名詞
だいたいぶひかしゅっけつ	大腿部皮下出血	ime	名詞
だいたいぶほうかしきえん	大腿部蜂窩織炎	ime	名詞
だいたいぶほうそうえん	大腿部蜂巣炎	ime	名詞
だいたいへいかつきんにくしゅ	大腿平滑筋肉腫	ime	名詞
だいたいへるにあ	大腿ヘルニア	both	名詞
だいたいへるにあかんとん	大腿ヘルニア嵌頓	ime	名詞
だいたいへるにあしゅじゅつ	大腿ヘルニア手術	ime	名詞
だいたいへんぺいぼはん	大腿扁平母斑	ime	名詞
だいたいほうそうじょうなんぶにくしゅ	大腿胞巣状軟部肉腫	ime	名詞
だいたいぼはん	大腿母斑	ime	名詞
だいたいぼはんさいぼうぼはん	大腿母斑細胞母斑	ime	名詞
だいたいぼーえんびょう	大腿ボーエン病	ime	名詞
だいたいめるけるさいぼうがん	大腿メルケル細胞癌	ime	名詞
だいたいゆうきょくさいぼうがん	大腿有棘細胞癌	ime	名詞
だいたいよんとうきん	大腿四頭筋	mac	名詞
だいたいりゅうきせいひふせんいにくしゅ	大腿隆起性皮膚線維肉腫	ime	名詞
だいたいりん	大腿輪	mac	名詞
だいたいりんぱかんしゅ	大腿リンパ管腫	ime	名詞
だいたいるいじょうひにくしゅ	大腿類上皮肉腫	ime	名詞
だいたいれっそう	大腿裂創	ime	名詞
だいだいのうじょうみゃく	大大脳静脈	mac	名詞
だいだいのうじょうみゃくそう	大大脳静脈槽	mac	名詞
だいだえきせん	大唾液腺	mac	名詞
だいだえきせんあくせいしんせいぶつ	大唾液腺悪性新生物	ime	名詞
だいだえきせんがん	大唾液腺癌	ime	名詞
だいちょう	大腸	ime	名詞
だいちょうMALTりんぱしゅ	大腸MALTリンパ腫	ime	名詞
だいちょうあくせい	大腸悪性	ime	名詞
だいちょうあくせいりんぱしゅ	大腸悪性リンパ腫	ime	名詞
だいちょうえん	大腸炎	ime	名詞
だいちょうかいよう	大腸潰瘍	ime	名詞
だいちょうかいようせんこう	大腸潰瘍穿孔	ime	名詞
だいちょうかせい	大腸仮性	ime	名詞
だいちょうかせいぽりぽーしす	大腸仮性ポリポーシス	ime	名詞
だいちょうかたる	大腸カタル	ime	名詞
だいちょうかちょうしょう	大腸過長症	ime	名詞
だいちょうかるちのいど	大腸カルチノイド	ime	名詞
だいちょうかんとん	大腸嵌頓	ime	名詞
だいちょうかんまく	大腸間膜	ime	名詞
だいちょうがん	大腸癌	both	名詞
だいちょうがんけんしん	大腸癌検診	ime	名詞
だいちょうがんこつてんい	大腸癌骨転移	ime	名詞
だいちょうきのうしっちょうしょう	大腸機能失調症	ime	名詞
だいちょうきのうしょうがい	大腸機能障害	ime	名詞
だいちょうきん	大腸菌	ime	名詞
だいちょうきんおーいちごななえるぴーえすこうたい	大腸菌O157LPS抗体	ime	名詞
だいちょうきんかんせん	大腸菌感染	ime	名詞
だいちょうきんかんせんしょう	大腸菌感染症	ime	名詞
だいちょうきんかんせんぼたい	大腸菌感染母体	ime	名詞
だいちょうきんこうげんどうてい	大腸菌抗原同定	ime	名詞
だいちょうきんしきんひどろこるちぞん	大腸菌死菌・ヒドロコルチゾン	ime	名詞
だいちょうきんしょくちゅうどく	大腸菌食中毒	ime	名詞
だいちょうきんずいまくえん	大腸菌髄膜炎	ime	名詞
だいちょうきんせいせんてんせいはいえん	大腸菌性先天性肺炎	ime	名詞
だいちょうきんせいちょうえん	大腸菌性腸炎	ime	名詞
だいちょうきんはいえん	大腸菌肺炎	ime	名詞
だいちょうきんべろときしんけんしゅつ	大腸菌ベロトキシン検出検査	ime	名詞
だいちょうくろーんびょう	大腸クローン病	ime	名詞
だいちょうけいしつ	大腸憩室	both	名詞
だいちょうけいしつえん	大腸憩室炎	both	名詞
だいちょうけいしつしゅっけつ	大腸憩室出血	ime	名詞
だいちょうけいしつしょう	大腸憩室症	ime	名詞
だいちょうけっかく	大腸結核	ime	名詞
だいちょうけっかんけいせいいじょう	大腸血管形成異常	ime	名詞
だいちょうけっかんしゅ	大腸血管腫	ime	名詞
だいちょうこうやく	大腸絞扼	ime	名詞
だいちょうこくひしょう	大腸黒皮症	ime	名詞
だいちょうしゅよう	大腸腫瘍	ime	名詞
だいちょうしゅりゅう	大腸腫瘤	ime	名詞
だいちょうじすきねじあ	大腸ジスキネジア	ime	名詞
だいちょうじゅうせきしょう	大腸重積症	ime	名詞
だいちょうじょうみゃくりゅう	大腸静脈瘤	ime	名詞
だいちょうせいげざい	大腸性下剤	mac	名詞
だいちょうせつじょこういしょう	大腸切除後遺症	ime	名詞
だいちょうせつじょしょうこうぐん	大腸切除症候群	ime	名詞
だいちょうせんこう	大腸穿孔	mac	名詞
だいちょうせんしゅ	大腸腺腫	ime	名詞
だいちょうせんしゅしょう	大腸腺腫症	both	名詞
だいちょうぜんてきじゅつご	大腸全摘術後	ime	名詞
だいちょうたはつせいぽりーぷがん	大腸多発性ポリープ癌	ime	名詞
だいちょうちつろう	大腸腟瘻	ime	名詞
だいちょうないいぶつ	大腸内異物	ime	名詞
だいちょうないしきょうけんさ	大腸内視鏡検査	ime	名詞
だいちょうにくしゅ	大腸肉腫	ime	名詞
だいちょうねんえきがん	大腸粘液癌	ime	名詞
だいちょうねんえきさいぼうがん	大腸粘液細胞癌	ime	名詞
だいちょうねんてん	大腸捻転	ime	名詞
だいちょうねんてんしょう	大腸捻転症	ime	名詞
だいちょうへいそく	大腸閉塞	ime	名詞
だいちょうほうせんきんしょう	大腸放線菌症	ime	名詞
だいちょうぽりぽーしす	大腸ポリポーシス	ime	名詞
だいちょうぽりぽーじす	大腸ポリポージス	ime	名詞
だいちょうぽりーぷ	大腸ポリープ	both	名詞
だいちょうまひ	大腸麻痺	ime	名詞
だいちょうめらのーしす	大腸メラノーシス	ime	名詞
だいてきせい	大滴性	mac	名詞
だいてんし	大転子	mac	名詞
だいてんしかいほうこっせつ	大転子開放骨折	ime	名詞
だいてんしこっせつ	大転子骨折	ime	名詞
だいてんしぶかつえきのうえん	大転子部滑液嚢炎	ime	名詞
だいてんしぶかつえきほうえん	大転子部滑液包炎	ime	名詞
だいてんしぶざそう	大転子部挫創	ime	名詞
だいてんしぶねんえきのうえん	大転子部粘液嚢炎	ime	名詞
だいてんしぶはくりこっせつ	大転子部剥離骨折	ime	名詞
だいでんきひべん	大殿筋皮弁	mac	名詞
だいでんきん	大殿筋	both	名詞
だいどうみゃく	大動脈	ime	名詞
だいどうみゃくあてろーむこうかしょう	大動脈アテローム硬化症	ime	名詞
だいどうみゃくえん	大動脈炎	both	名詞
だいどうみゃくえんしょうこうぐん	大動脈炎症候群	both	名詞
だいどうみゃくかいり	大動脈解離	mac	名詞
だいどうみゃくかくちょう	大動脈拡張	ime	名詞
だいどうみゃくきじょう	大動脈騎乗	both	名詞
だいどうみゃくきゅう	大動脈弓	both	名詞
だいどうみゃくきゅうくっきょくいざんしょう	大動脈弓屈曲遺残症	ime	名詞
だいどうみゃくきゅうけっそんしょう	大動脈弓欠損症	ime	名詞
だいどうみゃくきゅうしゃだん	大動脈弓遮断	mac	名詞
だいどうみゃくきゅうしょうこうぐん	大動脈弓症候群	ime	名詞
だいどうみゃくきゅうりだんしょう	大動脈弓離断症	ime	名詞
だいどうみゃくきょうさくしょう	大動脈狭窄症	both	名詞
だいどうみゃくけいせいふぜんしょう	大動脈形成不全症	ime	名詞
だいどうみゃくけっせん	大動脈血栓	ime	名詞
だいどうみゃくけっせんしょう	大動脈血栓症	ime	名詞
だいどうみゃくけっそんしょう	大動脈欠損症	ime	名詞
だいどうみゃくけっちょうろう	大動脈結腸瘻	ime	名詞
だいどうみゃくこうかしょう	大動脈硬化症	ime	名詞
だいどうみゃくしせんべん	大動脈四尖弁	ime	名詞
だいどうみゃくしゃだん	大動脈遮断	ime	名詞
だいどうみゃくしゅういりんぱせつてんい	大動脈周囲リンパ節転移	ime	名詞
だいどうみゃくしゅくさく	大動脈縮窄	ime	名詞
だいどうみゃくしゅくさくしょう	大動脈縮窄症	both	名詞
だいどうみゃくしゅくさくしょうしゅし	大動脈縮窄症手術	ime	名詞
だいどうみゃくしょうたい	大動脈小体	mac	名詞
だいどうみゃくしょくどうろう	大動脈食道瘻	ime	名詞
だいどうみゃくしんじゅん	大動脈浸潤	ime	名詞
だいどうみゃくじゅうにしちょうろう	大動脈十二指腸瘻	ime	名詞
だいどうみゃくじゅくじょうこうかしょう	大動脈粥状硬化症	both	名詞
だいどうみゃくせいしょくそうちゅうじんぶいき	大動脈-生殖巣-中腎部域	mac	名詞
だいどうみゃくせっかいかしょう	大動脈石灰化症	ime	名詞
だいどうみゃくせんてんいじょう	大動脈先天異常	ime	名詞
だいどうみゃくぜんしんけいせつ	大動脈径前神経節	mac	名詞
だいどうみゃくそくせんしょう	大動脈塞栓症	ime	名詞
だいどうみゃくたい	大動脈体	ime	名詞
だいどうみゃくどう	大動脈洞	mac	名詞
だいどうみゃくないばるーんしゃだん	大動脈内バルーン遮断	ime	名詞
だいどうみゃくないばるーんぱんぴんぐ	大動脈内バルーンパンピング	mac	名詞
だいどうみゃくにせんべん	大動脈二尖弁	ime	名詞
だいどうみゃくのう	大動脈嚢	mac	名詞
だいどうみゃくのうほうせいちゅうまくえし	大動脈嚢胞性中膜壊死	mac	名詞
だいどうみゃくはいどうみゃくそう	大動脈肺動脈窓	ime	名詞
だいどうみゃくはいどうみゃくちゅう	大動脈肺動脈中隔欠損症手術	ime	名詞
だいどうみゃくはいどうみゃくちゅうかく	大動脈肺動脈中隔	mac	名詞
だいどうみゃくはいどうみゃくちゅうかくけっそん	大動脈肺動脈中隔欠損	ime	名詞
だいどうみゃくはれつ	大動脈破裂	ime	名詞
だいどうみゃくばるーんぱんぴん	大動脈バルーンパンピング	ime	名詞
だいどうみゃくぶんきぶしょうこうぐん	大動脈分岐部症候群	ime	名詞
だいどうみゃくへいさ	大動脈閉鎖	ime	名詞
だいどうみゃくへき	大動脈壁	mac	名詞
だいどうみゃくべん	大動脈弁	both	名詞
だいどうみゃくべんいつだつ	大動脈弁逸脱	ime	名詞
だいどうみゃくべんかきょうさく	大動脈弁下狭窄	ime	名詞
だいどうみゃくべんかきょうさくしょう	大動脈弁下狭窄症	ime	名詞
だいどうみゃくべんかきょうさくせつ	大動脈弁下狭窄切除術	ime	名詞
だいどうみゃくべんかぶきょうさくしょう	大動脈弁下部狭窄症	ime	名詞
だいどうみゃくべんかまくがたきょうさく	大動脈弁下膜型狭窄	ime	名詞
だいどうみゃくべんきょうさく	大動脈弁狭窄	both	名詞
だいどうみゃくべんきょうさくけんへいさふぜんしょう	大動脈弁狭窄兼閉鎖不全症	ime	名詞
だいどうみゃくべんきょうさくしょう	大動脈弁狭窄症	both	名詞
だいどうみゃくべんきょうさくちょく	大動脈弁狭窄直視下切開術	ime	名詞
だいどうみゃくべんきょうさくへいさふぜんしょう	大動脈弁狭窄閉鎖不全症	ime	名詞
だいどうみゃくべんぎゃくりゅうしょう	大動脈弁逆流症	ime	名詞
だいどうみゃくべんしっかん	大動脈弁疾患	ime	名詞
だいどうみゃくべんじょうきょうさ	大動脈弁上狭窄手術	ime	名詞
だいどうみゃくべんじょうきょうさく	大動脈弁上狭窄	ime	名詞
だいどうみゃくべんじょうきょうさくしょう	大動脈弁上狭窄症	ime	名詞
だいどうみゃくべんせん	大動脈弁尖	ime	名詞
だいどうみゃくべんちかんじゅつご	大動脈弁置換術後	ime	名詞
だいどうみゃくべんてんいしょう	大動脈弁転位症	ime	名詞
だいどうみゃくべんへいさ	大動脈弁閉鎖	mac	名詞
だいどうみゃくべんへいさしょう	大動脈弁閉鎖症	ime	名詞
だいどうみゃくべんへいさふぜん	大動脈弁閉鎖不全	ime	名詞
だいどうみゃくべんへいさふぜんきょうさくしょう	大動脈弁閉鎖不全狭窄症	ime	名詞
だいどうみゃくべんへいさふぜんしょう	大動脈弁閉鎖不全症	both	名詞
だいどうみゃくべんべんまくしょう	大動脈弁弁膜症	ime	名詞
だいどうみゃくべんまくしょう	大動脈弁膜症	ime	名詞
だいどうみゃくべんりんかくちょうしょう	大動脈弁輪拡張症	both	名詞
だいどうみゃくようすてんとぐらふと	大動脈用ステントグラフト	ime	名詞
だいどうみゃくりゅう	大動脈瘤	both	名詞
だいどうみゃくりゅうせつじょじゅ	大動脈瘤切除術	ime	名詞
だいどうみゃくりゅうはれつ	大動脈瘤破裂	mac	名詞
だいどうみゃくれっこう	大動脈裂孔	mac	名詞
だいないぞうしんけい	大内臓神経	mac	名詞
だいないてんきん	大内転筋	mac	名詞
だいなないんし	第VII因子	ime	名詞
だいななきょうつい	第7胸椎	ime	名詞
だいななぎょうこいんし	第7凝固因子	ime	名詞
だいななけいつい	第7頚椎	ime	名詞
だいななけいついはれつこっせつ	第7頚椎破裂骨折	ime	名詞
だいななのうしんけい	第7脳神経	ime	名詞
だいななろっこつ	第7肋骨	ime	名詞
だいにがた	第2型	ime	名詞
だいにき	第2期	ime	名詞
だいにきせんえんぶんべん	第2期遷延分娩	ime	名詞
だいにきばいどくずいまくえん	第2期梅毒髄膜炎	ime	名詞
だいにきばいどくせいがんしょうがい	第2期梅毒性眼障害	ime	名詞
だいにきばいどくせいきんえん	第2期梅毒性筋炎	ime	名詞
だいにきばいどくせいこうさいもうようたいえん	第2期梅毒性虹彩毛様体炎	ime	名詞
だいにきばいどくせいこつまくえん	第2期梅毒性骨膜炎	ime	名詞
だいにきばいどくせいじょせいこつばんえんしょうせいしっ	第2期梅毒性女性骨盤炎症性疾患	ime	名詞
だいにきばいどくせいりんぱせつしょう	第2期梅毒性リンパ節症	ime	名詞
だいにきゅう	第２弓	ime	名詞
だいにきょうつい	第2胸椎	ime	名詞
だいにぎょうこいんし	第2凝固因子	ime	名詞
だいにけいつい	第2頚椎	ime	名詞
だいにけいろ	第二経路	mac	名詞
だいにけつじょうこつ	第二楔状骨	ime	名詞
だいにし	第2指	ime	名詞
だいにし	第2枝	ime	名詞
だいにし	第2趾	ime	名詞
だいにしきじゃく	第2色弱	ime	名詞
だいにしきせつこつかいほうこっせつ	第2趾基節骨開放骨折	ime	名詞
だいにしきせつこつこっせつ	第2趾基節骨骨折	ime	名詞
だいにしきもう	第2色盲	ime	名詞
だいにしこつ	第2指骨	ime	名詞
だいにしちゅうせつこつかいほうこっせつ	第2趾中節骨開放骨折	ime	名詞
だいにしちゅうせつこつこっせつ	第2趾中節骨骨折	ime	名詞
だいにしまっせつこつかいほうこっせつ	第2趾末節骨開放骨折	ime	名詞
だいにしまっせつこつこっせつ	第2趾末節骨骨折	ime	名詞
だいにしゃけい	第二斜経	ime	名詞
だいにじしょうとつそう	第二次衝突創	mac	名詞
だいにじせいちょう	第二次性徴	mac	名詞
だいにじせいちょうすぱーと	第二次成長スパート	mac	名詞
だいにぞうげしつ	第2象牙質	ime	名詞
だいにちゅうしゅこつ	第2中手骨	ime	名詞
だいにちゅうそくこつじゃくねんせいこつなんこつしょう	第2中足骨若年性骨軟骨症	ime	名詞
だいにど	第2度	ime	名詞
だいにどかし	第2度仮死	ime	名詞
だいにどとうしょう	第2度凍傷	ime	名詞
だいにどねっしょう	第2度熱傷	ime	名詞
だいにどひやけ	第2度日焼け	ime	名詞
だいにどふしょく	第2度腐蝕	ime	名詞
だいにどぼうしつぶろっく	第2度房室ブロック	ime	名詞
だいにどむげっけい	第2度無月経	ime	名詞
だいにのうしんけい	第2脳神経	ime	名詞
だいにゆうどう	第2誘導	ime	名詞
だいにゆうどう	第II誘導	ime	名詞
だいにようつい	第2腰椎	ime	名詞
だいにようついびょうてきこっせつ	第2腰椎病的骨折	ime	名詞
だいにろっこつ	第2肋骨	ime	名詞
だいにん	ダイニン	mac	名詞
だいのう	大脳	ime	名詞
だいのうあくせいしゅよう	大脳悪性腫瘍	ime	名詞
だいのうあくせいしんせいぶつ	大脳悪性新生物	ime	名詞
だいのういしゅくしょう	大脳萎縮症	ime	名詞
だいのうかま	大脳鎌	mac	名詞
だいのうかまかへるにあ	大脳鎌下ヘルニア	mac	名詞
だいのうかまずいまくしゅ	大脳鎌髄膜腫	ime	名詞
だいのうきていかく	大脳基底核	mac	名詞
だいのうきていかくせっかいか	大脳基底核石灰化	ime	名詞
だいのうきのうしょうがい	大脳機能障害	ime	名詞
だいのうきゃく	大脳脚	mac	名詞
だいのうしゅよう	大脳腫瘍	ime	名詞
だいのうしんぶしんけいこうしゅ	大脳深部神経膠腫	ime	名詞
だいのうしんぶてんいせいしゅよう	大脳深部転移性腫瘍	ime	名詞
だいのうせいはんしんちかくどんま	大脳性半身知覚鈍麻	ime	名詞
だいのうせっかいちんちゃくしょう	大脳石灰沈着症	ime	名詞
だいのうどうみゃくりん	大脳動脈輪	mac	名詞
だいのうはんきゅう	大脳半球	mac	名詞
だいのうはんきゅうかんれつ	大脳半球間裂	mac	名詞
だいのうはんきゅうこうまくしゅ	大脳半球硬膜腫	ime	名詞
だいのうはんきゅうしょうがい	大脳半球障害	ime	名詞
だいのうひしついしゅく	大脳皮質萎縮	ime	名詞
だいのうひしつきていかくへんせいしょう	大脳皮質基底核変性症	ime	名詞
だいのうひしつけいせいいじょう	大脳皮質形成異常	ime	名詞
だいのうへんえんけい	大脳辺縁系	mac	名詞
だいのうへんえんけいしょうこうぐん	大脳辺縁系症候群	ime	名詞
だいのうへんせいしょう	大脳変性症	ime	名詞
だいはちいんし	第VIII因子	ime	名詞
だいはちいんしようこうげん	第8因子様抗原	ime	名詞
だいはちきょうつい	第8胸椎	ime	名詞
だいはちぎょうこいんし	第8凝固因子	ime	名詞
だいはちぎょうこいんしいんひびたー	第8凝固因子インヒビター	ime	名詞
だいはちのうしんけい	第8脳神経	ime	名詞
だいはちろっこつ	第8肋骨	ime	名詞
だいびよくなんこつ	大鼻翼軟骨	mac	名詞
だいふぇん	ダイフェン	ime	名詞
だいふぇんかりゅう	ダイフェン顆粒	ime	名詞
だいふぇんはいごうかりゅう	ダイフェン配合顆粒	ime	名詞
だいふくざいじょうみゃく	大伏在静脈	both	名詞
だいふくざいじょうみゃくそんしょう	大伏在静脈損傷	ime	名詞
だいふくざいじょうみゃくばっきょ	大伏在静脈抜去術	ime	名詞
だいふくひ	ダイフクヒ	ime	名詞
だいぷろせるくりーむ	ダイプロセルクリーム	ime	名詞
だいぷろせるなんこう	ダイプロセル軟膏	ime	名詞
だいべんきんせい	大便禁制	mac	名詞
だいほっさ	大発作	mac	名詞
だいほっさがたてんかん	大発作型てんかん	ime	名詞
だいほっさじぞくじょうたい	大発作持続状態	ime	名詞
だいぼうふうとう	大防風湯	ime	名詞
だいまー	ダイマー	mac	名詞
だいみゃく	大脈	mac	名詞
だいめとんしろっぷ	ダイメトンシロップ	ime	名詞
だいもう	大網	mac	名詞
だいもうこうそく	大網梗塞	ime	名詞
だいもうしぼうにくしゅ	大網脂肪肉腫	ime	名詞
だいもうしゅよう	大網腫瘍	ime	名詞
だいもうしょうかかんかんしつしゅよう	大網消化管間質腫瘍	ime	名詞
だいもうじゅうてんじゅつ	大網充填術	mac	名詞
だいもうせつじょじゅつ	大網切除術	ime	名詞
だいもうちょうかんまくこうふくまくしゅ	大網、腸間膜、後腹膜腫瘍摘出術	ime	名詞
だいもうのうよう	大網膿瘍	ime	名詞
だいもうへるにあ	大網ヘルニア	ime	名詞
だいもうゆちゃく	大網癒着	ime	名詞
だいようえんどぽいんと	代用エンドポイント	mac	名詞
だいようかんれつ	大葉間裂	mac	名詞
だいようきん	大腰筋	mac	名詞
だいようせいはいえん	大葉性肺炎	ime	名詞
だいよく	大翼	mac	名詞
だいよんがた	第4型	ime	名詞
だいよんき	第4期	ime	名詞
だいよんきゅう	第４弓	ime	名詞
だいよんきょうつい	第4胸椎	ime	名詞
だいよんけいつい	第4頚椎	ime	名詞
だいよんけいついはれつこっせつ	第4頚椎破裂骨折	ime	名詞
だいよんごようついついかんばんへるにあ	第4・5腰椎椎間板ヘルニア	ime	名詞
だいよんし	第4指	ime	名詞
だいよんし	第4趾	ime	名詞
だいよんしきせつこつかいほうこっせつ	第4趾基節骨開放骨折	ime	名詞
だいよんしきせつこつこっせつ	第4趾基節骨骨折	ime	名詞
だいよんしこつ	第4指骨	ime	名詞
だいよんしちゅうせつこつかいほうこっせつ	第4趾中節骨開放骨折	ime	名詞
だいよんしちゅうせつこつこっせつ	第4趾中節骨骨折	ime	名詞
だいよんしまっせつこつかいほうこっせつ	第4趾末節骨開放骨折	ime	名詞
だいよんしまっせつこつこっせつ	第4趾末節骨骨折	ime	名詞
だいよんせいびょう	第四性病	ime	名詞
だいよんそくしたんしゅくしょうしゅじ	第四足指短縮症手術	ime	名詞
だいよんちゅうしゅこつ	第4中手骨	ime	名詞
だいよんつぎり	大四ツ切	ime	名詞
だいよんど	第4度	ime	名詞
だいよんどとうしょう	第4度凍傷	ime	名詞
だいよんどねっしょう	第4度熱傷	ime	名詞
だいよんのうしつ	第4脳室	ime	名詞
だいよんのうしつしゅよう	第4脳室腫瘍	ime	名詞
だいよんのうしつみゃくらくそうにゅうとうしゅ	第4脳室脈絡叢乳頭腫	ime	名詞
だいよんのうしんけい	第4脳神経	ime	名詞
だいよんようつい	第4腰椎	ime	名詞
だいよんようついついかんばんへんせい	第4腰椎椎間板変性	ime	名詞
だいよんようついびょうてきこっせつ	第4腰椎病的骨折	ime	名詞
だいよんろっこつ	第4肋骨	ime	名詞
だいらんちんせい	ダイランチン性	ime	名詞
だいり	代理	ime	名詞
だいりかいたい	代理懐胎	mac	名詞
だいりせきこつびょう	大理石骨病	ime	名詞
だいりせきようはくはん	大理石様白斑	ime	名詞
だいりせきようひはん	大理石様皮斑	ime	名詞
だいりせきようひふ	大理石様皮膚	ime	名詞
だいりみゅんひはうぜんしょうこうぐん	代理ミュンヒハウゼン症候群	ime	名詞
だいりょうけいきん	大菱形筋	mac	名詞
だいりょうけいこつ	大菱形骨	both	名詞
だいりょうけいこつかいほうこっせつ	大菱形骨開放骨折	ime	名詞
だいりょうけいこつこっせつ	大菱形骨骨折	ime	名詞
だいれくとぼんどようぶらけっと	ダイレクトボンド用ブラケット	ime	名詞
だいれくとぼんどようぼんでぃん	ダイレクトボンド用ボンディング材	ime	名詞
だいれーたー	ダイレーター	ime	名詞
だいろくいんし	第VI因子	ime	名詞
だいろくきょうつい	第6胸椎	ime	名詞
だいろくけいつい	第6頚椎	ime	名詞
だいろくけいついはれつこっせつ	第6頚椎破裂骨折	ime	名詞
だいろくのうしんけい	第6脳神経	ime	名詞
だいろくろっこつ	第6肋骨	ime	名詞
だいろんせんしょく	ダイロン染色	mac	名詞
だいわん	大弯	mac	名詞
だいわんそくいかん	大弯側胃管	mac	名詞
だい１かいせん	第1回旋	mac	名詞
だい１かんりのうどくぶん	第1管理濃度区分	mac	名詞
だい１げんすうぶんれつ	第1減数分裂	mac	名詞
だい１さいきゅうなんこつ	第1鰓弓軟骨	mac	名詞
だい１さんはんき	第1三半期	mac	名詞
だい１しゃい	第1斜位	mac	名詞
だい１じしょうしたいかけいせいいざん	第1次硝子体過形成遺残	mac	名詞
だい１だいきゅうし	第1大臼歯	mac	名詞
だい１どむげっけい	第1度無月経	mac	名詞
だい１のうしんけい	第Ⅰ脳神経	mac	名詞
だい１０のうしんけい	第Ⅹ脳神経	mac	名詞
だい１１のうしんけい	第XI脳神経	mac	名詞
だい１２のうしんけい	第XII脳神経	mac	名詞
だい２かいせん	第2回旋	mac	名詞
だい２かんりのうどくぶん	第2管理濃度区分	mac	名詞
だい２げんすうぶんれつ	第2減数分裂	mac	名詞
だい２さいきゅうなんこつ	第2鰓弓軟骨	mac	名詞
だい２さんはんき	第2三半期	mac	名詞
だい２しゃい	第2斜位	mac	名詞
だい２だいきゅうし	第2大臼歯	mac	名詞
だい２どむげっけい	第2度無月経	mac	名詞
だい２のうしんけい	第Ⅱ脳神経	mac	名詞
だい３かいせん	第3回旋	mac	名詞
だい３かんりのうどくぶん	第3管理濃度区分	mac	名詞
だい３さんはんき	第3三半期	mac	名詞
だい３だいきゅうし	第3大臼歯	mac	名詞
だい３のうしつ	第三脳室	mac	名詞
だい３のうしつみゃくらくそう	第三脳室脈絡叢	mac	名詞
だい３のうしんけい	第Ⅲ脳神経	mac	名詞
だい４かいせん	第4回旋	mac	名詞
だい４のうしつ	第四脳室	mac	名詞
だい４のうしつがいそくかんおう	第四脳室外側陥凹	mac	名詞
だい４のうしつがいそくこう	第四脳室外側口	mac	名詞
だい４のうしつせいちゅうこう	第四脳室正中口	mac	名詞
だい４のうしつみゃくらくそう	第四脳室脈絡叢	mac	名詞
だい４のうしんけい	第Ⅳ脳神経	mac	名詞
だい５のうしんけい	第Ⅴ脳神経	mac	名詞
だい６のうしんけい	第Ⅵ脳神経	mac	名詞
だい７のうしんけい	第Ⅶ脳神経	mac	名詞
だい８のうしんけい	第Ⅷ脳神経	mac	名詞
だい９のうしんけい	第Ⅸ脳神経	mac	名詞
だうのるびしん	ダウノルビシン	mac	名詞
だうんしょうこうぐん	ダウン症候群	both	名詞
だうんびょう	ダウン病	ime	名詞
だえきかんきょうさくしょう	唾液管狭窄症	ime	名詞
だえきかんへいそく	唾液管閉塞	ime	名詞
だえきかんへいそくしょう	唾液管閉塞症	ime	名詞
だえきげんしょう	唾液減少	mac	名詞
だえきこるちぞーる	唾液コルチゾール	ime	名詞
だえきしょう	唾液症	ime	名詞
だえきせん	唾液腺	mac	名詞
だえきせんいしゅく	唾液腺萎縮	ime	名詞
だえきせんえん	唾液腺炎	both	名詞
だえきせんかくちょうしょう	唾液腺拡張症	ime	名詞
だえきせんかん	唾液腺管	ime	名詞
だえきせんかんいどうじゅつ	唾液腺管移動術	ime	名詞
だえきせんかんえん	唾液腺管炎	ime	名詞
だえきせんかんけいせいしゅじゅつ	唾液腺管形成手術	ime	名詞
だえきせんかんけっそん	唾液腺管欠損	ime	名詞
だえきせんかんせんじょう	唾液腺管洗浄	ime	名詞
だえきせんかんぶじーほう	唾液腺管ブジー法	ime	名詞
だえきせんかんへいさ	唾液腺管閉鎖	ime	名詞
だえきせんがん	唾液腺癌	ime	名詞
だえきせんきのうていかしょう	唾液腺機能低下症	ime	名詞
だえきせんけっかく	唾液腺結核	ime	名詞
だえきせんけっそん	唾液腺欠損	ime	名詞
だえきせんこんごうしゅよう	唾液腺混合腫瘍	ime	名詞
だえきせんしゅよう	唾液腺腫瘍	both	名詞
だえきせんしょう	唾液腺症	ime	名詞
だえきせんしんちぐらむ	唾液腺シンチグラム	ime	名詞
だえきせんぞうえい	唾液腺造影	mac	名詞
だえきせんぞうえいざいちゅうにゅう	唾液腺造影剤注入	ime	名詞
だえきせんたけいせんしゅ	唾液腺多形腺腫	ime	名詞
だえきせんねんえき	唾液腺粘液	ime	名詞
だえきせんねんえきのうほう	唾液腺粘液嚢胞	ime	名詞
だえきせんねんえきりゅう	唾液腺粘液瘤	ime	名詞
だえきせんのうよう	唾液腺膿瘍	ime	名詞
だえきせんのうようせっかいじゅつ	唾液腺膿瘍切開術	ime	名詞
だえきせんひだい	唾液腺肥大	ime	名詞
だえきせんへいさ	唾液腺閉鎖	ime	名詞
だえきせんろう	唾液腺瘻	ime	名詞
だえきはん	唾液斑	mac	名詞
だえきぶんぴいじょう	唾液分泌異常	both	名詞
だえきぶんぴかた	唾液分泌過多	ime	名詞
だえきぶんぴけつじょ	唾液分泌欠如	ime	名詞
だえきぶんぴげんしょう	唾液分泌減少	ime	名詞
だえきぶんぴこうしん	唾液分泌亢進	ime	名詞
だえきぶんぴしょうがい	唾液分泌障害	ime	名詞
だえきぶんぴふぜん	唾液分泌不全	ime	名詞
だえきろう	唾液瘻	ime	名詞
だえんかんせつ	楕円関節	mac	名詞
だえんせっけっきゅうしょう	楕円赤血球症	ime	名詞
だかるばじん	ダカルバジン	mac	名詞
だぐらすか	Douglas窩	ime	名詞
だぐらすか	ダグラス窩	both	名詞
だぐらすかけっかく	ダグラス窩結核	ime	名詞
だぐらすかせんし	ダグラス窩穿刺	ime	名詞
だぐらすかのうよう	ダグラス窩膿瘍	ime	名詞
だぐらすせんし	ダグラス穿刺	ime	名詞
だげきつう	打撃痛	mac	名詞
だこうじょうけっかんしゅ	蛇行状血管腫	ime	名詞
だこうじょうだつもうしょう	蛇行状脱毛症	ime	名詞
だこうせいせんこうせいだんりょくせんいしょう	蛇行性穿孔性弾力線維症	ime	名詞
ださちにぶ	ダサチニブ	mac	名詞
だせき	唾石	mac	名詞
だせきしょう	唾石症	both	名詞
だせきてきしゅつじゅつ	唾石摘出術	ime	名詞
だせんつう	唾疝痛	ime	名詞
だたいざい	堕胎罪	mac	名詞
だっかく	脱核	mac	名詞
だっかく	脱殻	mac	名詞
だっき	脱気	mac	名詞
だっきゅう	脱臼	both	名詞
だっきゅうこっせつ	脱臼骨折	both	名詞
だっきゅうせいふく	脱臼整復	mac	名詞
だっけつ	脱血	mac	名詞
だっこう	脱肛	ime	名詞
だっこうこんぽんしゅじゅつ	脱肛根本手術	ime	名詞
だっしゅつせいがいじかく	脱出性外痔核	ime	名詞
だっしゅつせいじかく	脱出性痔核	ime	名詞
だっしゅつせいないじかく	脱出性内痔核	ime	名詞
だっすい	脱水	ime	名詞
だっすいがたてい	脱水型低	ime	名詞
だっすいがたていなとりうむけっしょう	脱水型低ナトリウム血症	ime	名詞
だっすいしせいふくじゅつ	脱垂肢整復術	ime	名詞
だっすいしょう	脱水症	both	名詞
だっすいじょうたい	脱水状態	ime	名詞
だっすいせいねつひはい	脱水性熱疲はい	ime	名詞
だっすいをともなうにんしんおそ	脱水を伴う妊娠悪阻	ime	名詞
だっそせい	脱疽性	ime	名詞
だつかりゅう	脱顆粒	mac	名詞
だつかんさ	脱感作	mac	名詞
だつしきそせいしきそしっちょうしょう	脱色素性色素失調症	ime	名詞
だつしきそせいぼはん	脱色素性母斑	ime	名詞
だつじょせいか	脱女性化	mac	名詞
だつずい	脱髄	mac	名詞
だつずいしっかん	脱髄疾患	ime	名詞
だつずいせい	脱髄性	mac	名詞
だつずいせいのうりょう	脱髄性脳梁	ime	名詞
だつずいせいのうりょうえんせふぁろぱしー	脱髄性脳梁エンセファロパシー	ime	名詞
だつずいそう	脱髄巣	mac	名詞
だつぶんきょく	脱分極	mac	名詞
だつぶんきょくせい	脱分極性	mac	名詞
だつぶんきょくせいきんしかんやく	脱分極性筋弛緩薬	mac	名詞
だつもう	脱毛	ime	名詞
だつもうしょう	脱毛症	ime	名詞
だつもうしんけいしょう	脱毛神経症	ime	名詞
だつもうせいもうほうえん	脱毛性毛包炎	ime	名詞
だつもうはん	脱毛斑	mac	名詞
だつよーどかしょうがい	脱ヨード化障害	ime	名詞
だつらくまく	脱落膜	mac	名詞
だつらくまくさいぼう	脱落膜細胞	mac	名詞
だつらくまくはんのう	脱落膜反応	mac	名詞
だつらくまくばん	脱落膜板	mac	名詞
だつりょくかん	脱力感	ime	名詞
だつりょくほっさ	脱力発作	both	名詞
だなぞーる	ダナゾール	mac	名詞
だなぱろいど	ダナパロイド	ime	名詞
だに	ダニ	mac	名詞
だにきせいしょう	だに寄生症	ime	名詞
だにしょう	ダニ症	ime	名詞
だにとくいあいじーじーこうたいか	ダニ特異IgG抗体価	ime	名詞
だにばいかいういるすせいずいまくのうえん	だに媒介ウイルス性髄膜脳炎	ime	名詞
だにばいかいせいかいきねつ	だに媒介性回帰熱	ime	名詞
だにひふえん	だに皮膚炎	ime	名詞
だのんびょう	ダノン病	ime	名詞
だぶりゅぴーだぶりゅしょうこうぐん	WPW症候群	ime	名詞
だぶりゅーけいせいじゅつ	W形成術	mac	名詞
だぶるJすてんと	ダブルJステント	ime	名詞
だぶるねがてぃぶ	ダブルネガティブ	mac	名詞
だぶるねがてぃぶきょうせんさいぼう	ダブルネガティブ胸腺細胞	mac	名詞
だぶるぽじてぃぶ	ダブルポジティブ	mac	名詞
だぶるぽじてぃぶきょうせんさいぼう	ダブルポジティブ胸腺細胞	mac	名詞
だぶるるーめんきかんしないちゅーぶ	ダブルルーメン気管支内チューブ	mac	名詞
だぷとまいしん	ダプトマイシン	mac	名詞
だぼくかつそう	打撲割創	ime	名詞
だぼくけっしゅ	打撲血腫	ime	名詞
だぼくこん	打撲痕	mac	名詞
だぼくさっかそう	打撲擦過創	ime	名詞
だぼくざそう	打撲挫創	ime	名詞
だぼくしょう	打撲傷	ime	名詞
だぼくひかけっしゅ	打撲皮下血腫	ime	名詞
だらしんてぃーげる	ダラシンTゲル	ime	名詞
だりえちょうこう	Darier徴候	ime	名詞
だりえーかんじょうこうはん	ダリエー環状紅斑	ime	名詞
だりえーびょう	ダリエー病	ime	名詞
だりっくどらいしろっぷ	ダリックドライシロップ	ime	名詞
だるてぱりん	ダルテパリン	ime	名詞
だるほぷりすちん	ダルホプリスチン	mac	名詞
だんかいしゅじゅつ	段階手術	mac	名詞
だんがいせいききけい	男外性器奇形	ime	名詞
だんしせいせんきのうふぜん	男子性腺機能不全	ime	名詞
だんしふにんしょう	男子不妊症	ime	名詞
だんすちょうこう	Dance徴候	ime	名詞
だんせい	男性	ime	名詞
だんせいいんし	男性因子	mac	名詞
だんせいえんすい	弾性円錐	mac	名詞
だんせいか	男性化	mac	名詞
だんせいかせいはんいんよう	男性仮性半陰陽	both	名詞
だんせいかふくじんしゅよう	男性化副腎腫瘍	both	名詞
だんせいがた	弾性型	mac	名詞
だんせいがたこつばん	男性型骨盤	ime	名詞
だんせいがたたもうしょう	男性型多毛症	ime	名詞
だんせいがただつもうしょう	男性型脱毛症	ime	名詞
だんせいけっかん	弾性血管	mac	名詞
だんせいこう	弾性硬	both	名詞
だんせいこうねんきしょうがい	男性更年期障害	ime	名詞
だんせいこつばん	男性骨盤	ime	名詞
だんせいこつばんによるぶんべんていし	男性骨盤による分娩停止	ime	名詞
だんせいこつばんゆちゃく	男性骨盤癒着	ime	名詞
だんせいすとっきんぐ	弾性ストッキング	both	名詞
だんせいせいき	男性性器	mac	名詞
だんせいせいきあくせいしゅよう	男性性器悪性腫瘍	ime	名詞
だんせいせいきいじょう	男性性器異常	ime	名詞
だんせいせいきがん	男性性器癌	ime	名詞
だんせいせいききけい	男性性器奇形	ime	名詞
だんせいせいきしゅよう	男性性器腫瘍	ime	名詞
だんせいせいきはついくいじょう	男性性器発育異常	ime	名詞
だんせいせいしょくきあくせいしんせいぶつ	男性生殖器悪性新生物	ime	名詞
だんせいせいしょくきしゅよう	男性生殖器腫瘍	ime	名詞
だんせいせんい	弾性線維	mac	名詞
だんせいせんいせいぎおうしょくしゅ	弾性線維性偽黄色腫	mac	名詞
だんせいせんいせいぎおうしょくしゅしょう	弾性線維性偽黄色腫症	ime	名詞
だんせいぜんかく	男性前核	mac	名詞
だんせいどうみゃく	弾性動脈	mac	名詞
だんせいなん	弾性軟	both	名詞
だんせいなんこつ	弾性軟骨	mac	名詞
だんせいはっしょう	男性発症	mac	名詞
だんせいはんいんよう	男性半陰陽	ime	名詞
だんせいばん	弾性板	mac	名詞
だんせいふにんしょう	男性不妊症	ime	名詞
だんせいほうたい	弾性包帯	mac	名詞
だんそうさつえい	断層撮影	ime	名詞
だんたん	断端	mac	名詞
だんたんけいせいじゅつ	断端形成術	ime	名詞
だんたんしんけいしゅ	断端神経腫	ime	名詞
だんたんしんけいつう	断端神経痛	ime	名詞
だんでぃうぉーかーしょうこうぐん	ダンディ・ウォーカー症候群	ime	名詞
だんとう	断頭	ime	名詞
だんとろれん	ダントロレン	mac	名詞
だんぱつかた	弾発肩	ime	名詞
だんぱつこ	弾発股	ime	名詞
だんぱつし	弾発指	ime	名詞
だんぱつひざ	弾発膝	ime	名詞
だんぱつぼし	弾発母趾	ime	名詞
だんぴんぐしょうこうぐん	ダンピング症候群	both	名詞
だんやく	断薬	mac	名詞
だんやくしょうこうぐん	断薬症候群	mac	名詞
だんりっち	ダンリッチ	mac	名詞
だんりょくせんいせいかせいおうしょくしゅ	弾力線維性仮性黄色腫	ime	名詞
だーぜん	ダーゼン	ime	名詞
だーぜんかりゅう	ダーゼン顆粒	ime	名詞
だーとしょうこうぐん	ダート症候群	ime	名詞
だーびーはっとこっせつ	ダービーハット骨折	ime	名詞
だーもすこぴー	ダーモスコピー	both	名詞
ぢだぼくいっぽう	治打撲一方	ime	名詞
ぢづそういっぽう	治頭瘡一方	ime	名詞
ぢひどりんなんこう	ヂヒドリン軟膏	ime	名詞
でぃあつびょう	ディアツ病	ime	名詞
でぃおばん	ディオバン	ime	名詞
でぃくあのんけんだくようはいごうか	ディクアノン懸濁用配合顆粒	ime	名詞
でぃじょーじ	ディジョージ	mac	名詞
でぃじょーじいじょう	ディジョージ異常	mac	名詞
でぃすくほう	ディスク法	mac	名詞
でぃすこなんちょう	ディスコ難聴	mac	名詞
でぃすじゃーみのーま	ディスジャーミノーマ	ime	名詞
でぃすぺぷしあ	ディスペプシア	ime	名詞
でぃすぽーざぶるじんこうはい	ディスポーザブル人工肺	ime	名詞
でぃっせくう	ディッセ腔	mac	名詞
でぃなげすと	ディナゲスト	ime	名詞
でぃびげる	ディビゲル	ime	名詞
でぃふぇりんげる	ディフェリンゲル	ime	名詞
でぃふぇんしん	ディフェンシン	mac	名詞
でぃーくろるふぇにらみんまれいんさんえん	ｄ-クロルフェニラミンマレイン酸塩	ime	名詞
でぃーだいまー	D-ダイマー	mac	名詞
でぃーぴーぽろんくりーむ	ディーピーポロンクリーム	ime	名詞
でぃーぴーぽろんなんこう	ディーピーポロン軟膏	ime	名詞
でいげおるげしょうこうぐん	デイゲオルゲ症候群	ime	名詞
でいじょーじしょうこうぐん	デイジョージ症候群	ime	名詞
でおきし	デオキシ	mac	名詞
でおきしこーるさん	デオキシコール酸	mac	名詞
でおきしぴりじのりん	デオキシピリジノリン	mac	名詞
でかどろんえりきしる	デカドロンエリキシル	ime	名詞
でかるぼきしらーぜ	デカルボキシラーゼ	mac	名詞
でかれのんさいりゅう	デカレノン細粒	ime	名詞
できさつ	溺殺	mac	名詞
できさめさぞん	デキサメサゾン	mac	名詞
できさめたぞん	デキサメタゾン	both	名詞
できさめたぞんぷろぴおんさんえすてる	デキサメタゾンプロピオン酸エステル	ime	名詞
できさめたぞんめたするほあんそくこうさんえすてるなとりうむ	デキサメタゾンメタスルホ安息香酸エステルナトリウム	ime	名詞
できさめたぞんよくせいしけん	デキサメタゾン抑制試験	ime	名詞
できさめたぞんりんさんえすてるなとりうむ	デキサメタゾンリン酸エステルナトリウム	ime	名詞
できし	溺死	both	名詞
できしたい	溺死体	mac	名詞
できしはい	溺死肺	mac	名詞
できすい	溺水	both	名詞
できすいしたい	溺水死体	mac	名詞
できすとふぁんさん	デキストファン散	ime	名詞
できすとらのまー	デキストラノマー	ime	名詞
できすとらん	デキストラン	mac	名詞
できすとりんにょうしょう	デキストリン尿症	ime	名詞
できすとろめとるふぁんしゅうかすいそさんえんすいわぶつ	デキストロメトルファン	ime	名詞
できすとろめとるふぁんしゅうかすいそさんえんすいわぶつくれぞーるするほんさんかりうむ	デキストロメトルファン臭化水素酸塩水和物・クレゾールスルホン酸カリウム	ime	名詞
でぐちかんしぶんべん	出口鉗子分娩	ime	名詞
でぐろーびんぐそんしょう	デグロービング損傷	ime	名詞
でこるまん	デコルマン	mac	名詞
でこるまんそんしょう	デコルマン損傷	ime	名詞
でごすびょう	デゴス病	ime	名詞
でしべる	dB	mac	名詞
でしべる	デシベル	mac	名詞
でじぇりんそったにゅーろぱちー	デジェリン・ソッタニューロパチー	ime	名詞
でじたるえいぞうかしょり	デジタル映像化処理	ime	名詞
でじたるさぶとらくしょんけっかんぞうえい	デジタルサブトラクション血管造影	ime	名詞
でじゅりんしょうこうぐん	デジュリン症候群	ime	名詞
ですふるらん	デスフルラン	mac	名詞
ですみん	デスミン	mac	名詞
ですめまく	デスメ膜	mac	名詞
ですめまくりゅう	デスメ膜瘤	ime	名詞
ですめりゅう	デスメ瘤	ime	名詞
ですもいど	デスモイド	both	名詞
ですもぐれいん	デスモグレイン	mac	名詞
ですもそーむ	デスモソーム	mac	名詞
ですもぞーむ	デスモゾーム	mac	名詞
ですもぷれしん	デスモプレシン	mac	名詞
でずわるとてんびえき	デズワルト点鼻液	ime	名詞
でたんとーるさいりゅう	デタントール細粒	ime	名詞
でにーぶらうんかんかくせいにゅーろぱちー	デニーブラウン感覚性ニューロパチー	ime	名詞
でにーもるがんちょうこう	Dennie-Morgan徴候	ime	名詞
でのぱみん	デノパミン	ime	名詞
でのぼけいろ	デノボ経路	mac	名詞
でぱけんさいりゅう	デパケン細粒	ime	名詞
でぱけんしろっぷ	デパケンシロップ	ime	名詞
でぱす	デパス	mac	名詞
でぱすさいりゅう	デパス細粒	ime	名詞
でひどろ	デヒドロ	mac	名詞
でひどろえぴあんどろすてろん	デヒドロエピアンドロステロン	mac	名詞
でひどろげなーぜ	デヒドロゲナーゼ	mac	名詞
でびおんーぶいじーなんこう	デビオン-VG軟膏	ime	名詞
でびすしはん	デビス紫斑	ime	名詞
でびっくびょう	デビック病	ime	名詞
でふぇくとんさん	デフェクトン散	ime	名詞
でふぇんしん	デフェンシン	mac	名詞
でふぉるだー	デフォルダー	ime	名詞
でぶりどまん	デブリドマン	mac	名詞
でぷれっしょん	デプレッション	ime	名詞
でぷろどんぷろぴおんさんえすてる	デプロドンプロピオン酸エステル	ime	名詞
でぽめるこーと	デポ・メルコート	ime	名詞
でむなろんさいりゅう	デムナロン細粒	ime	名詞
でめくろさいくりん	デメクロサイクリン	ime	名詞
でゅあんがんきゅうこうたいしょうこうぐん	デュアン眼球後退症候群	ime	名詞
でゅえーんしょうこうぐん	デュエーン症候群	ime	名詞
でゅおとらばはいごうてんがんえき	デュオトラバ配合点眼液	ime	名詞
でゅしぇんぬがたきんじすとろふぃー	デュシェンヌ型筋ジストロフィー	ime	名詞
でゅびんじょんそんしょうこうぐん	デュビン・ジョンソン症候群	ime	名詞
でゅぴとらんこうしゅく	デュピトラン拘縮	ime	名詞
でゅぴとらんこっせつ	デュピトラン骨折	ime	名詞
でゅぴとらんしっかん	デュピトラン疾患	ime	名詞
でゅぴゅいとらんこうしゅく	Dupuytren拘縮	ime	名詞
でゅぴゅいとらんこうしゅく	デュピュイトラン拘縮	ime	名詞
でゅぷいとれんこうしゅくしゅじゅつ	デュプイトレン拘縮手術	ime	名詞
でゅらふぉいかいよう	デュラフォイ潰瘍	ime	名詞
でゅらんどにこらふぁぶるびょう	デュランド・ニコラ・ファブル病	ime	名詞
でゅろきせちん	デュロキセチン	mac	名詞
でゅろてっぷぱっち	デュロテップパッチ	ime	名詞
でらきしー	デラキシー	ime	名詞
でらきしーはいごうかりゅう	デラキシー配合顆粒	ime	名詞
でりばでくすへぱりんろっく	デリバデクスヘパリンロック	ime	名詞
でるきさむくりーむ	デルキサムクリーム	ime	名詞
でるきさむなんこう	デルキサム軟膏	ime	名詞
でるすぱーとくりーむ	デルスパートクリーム	ime	名詞
でるすぱーとなんこう	デルスパート軟膏	ime	名詞
でるぞんこうくうようなんこう	デルゾン口腔用軟膏	ime	名詞
でるたあみのれぶりんさん	δ-アミノレブリン酸	mac	名詞
でるたあみのれぶりんさんていりょう	デルタアミノレブリン酸定量	ime	名詞
でるたでんし	δ電子	mac	名詞
でるたは	Δ波	ime	名詞
でるたは	δ波	mac	名詞
でるたは	⊿波	mac	名詞
でるたは	デルタ波	ime	名詞
でるたべーたさらせみあ	デルタ・ベータサラセミア	ime	名詞
でるたＯＤ４５０	⊿OD450	mac	名詞
でるでらんすざざい	デルデランス坐剤	ime	名詞
でるとぴかなんこう	デルトピカ軟膏	ime	名詞
でるとぴかろーしょん	デルトピカローション	ime	名詞
でるとーまでぃーえす	デルトーマ	ime	名詞
でるぱんとはいごうかりゅう	デルパント配合顆粒	ime	名詞
でるまくりんえーなんこう	デルマクリンA軟膏	ime	名詞
でるまくりんくりーむ	デルマクリンクリーム	ime	名詞
でるまたんりゅうさん	デルマタン硫酸	mac	名詞
でるまとーむ	デルマトーム	mac	名詞
でるまどろーむ	デルマドローム	both	名詞
でるむさっとくりーむ	デルムサットクリーム	ime	名詞
でるむさっとなんこう	デルムサット軟膏	ime	名詞
でるもいど	デルモイド	ime	名詞
でるもぞーる	デルモゾール	ime	名詞
でるもべーとくりーむ	デルモベートクリーム	ime	名詞
でるもべーとすかるぷろーしょん	デルモベートスカルプローション	ime	名詞
でんおん	伝音	mac	名詞
でんおんけい	伝音系	mac	名詞
でんおんさいけん	伝音再建	mac	名詞
でんおんせい	伝音性	mac	名詞
でんおんせいちょうりょくしょうがい	伝音性聴力障害	ime	名詞
でんおんせいなんちょう	伝音性難聴	both	名詞
でんおんなんちょう	伝音難聴	both	名詞
でんかいしついじょう	電解質異常	both	名詞
でんかいしついじょうをともなうにんしんおそ	電解質異常を伴う妊娠悪阻	ime	名詞
でんかいしつこるちこいど	電解質コルチコイド	mac	名詞
でんかいしつへいこういじょう	電解質平衡異常	ime	名詞
でんかいしつへいこうしょうがい	電解質平衡障害	ime	名詞
でんかいしつほせい	電解質補正	mac	名詞
でんかいしつほせいようせいざい	電解質補正用製剤	mac	名詞
でんかりょう	電荷量	mac	名詞
でんかる	電カル	ime	名詞
でんきかがくてきこうばい	電気化学的勾配	mac	名詞
でんきかがくはっこうほう	電気化学発光法	mac	名詞
でんきがんしんけい	電気眼振計	mac	名詞
でんきがんしんず	電気眼振図	mac	名詞
でんきけいれんりょうほう	電気けいれん療法	mac	名詞
でんきしょっくりょうほう	電気ショック療法	mac	名詞
でんきせいがんえん	電気性眼炎	both	名詞
でんきせいがんしん	電気性眼振	ime	名詞
でんきてきしんしゅうしゅくていし	電気的心収縮停止	mac	名詞
でんきてきじょさいどう	電気的除細動	mac	名詞
でんきてきちゅうせい	電気的中性	mac	名詞
でんきみかく	電気味覚	ime	名詞
でんきみかくけんさ	電気味覚検査	mac	名詞
でんきんえん	殿筋炎	ime	名詞
でんきんけんえん	殿筋腱炎	ime	名詞
でんきんそめん	殿筋粗面	mac	名詞
でんきんつうしょう	殿筋痛症	ime	名詞
でんぐしゅっけつねつ	デング出血熱	both	名詞
でんぐねつ	デング熱	both	名詞
でんけつごうたい	殿結合体	ime	名詞
でんげきし	電撃死	mac	名詞
でんげきしょう	電撃傷	both	名詞
でんげきしょう	電撃症	ime	名詞
でんげきせい	電撃性	ime	名詞
でんげきせいきょけつせいだいちょうえん	電撃性虚血性大腸炎	ime	名詞
でんげきせいしょっく	電撃性ショック	ime	名詞
でんげきつう	電撃痛	mac	名詞
でんげきはくないしょう	電撃白内障	ime	名詞
でんしけんびきょうびょうりそしきひ	電子顕微鏡病理組織標本作製	ime	名詞
でんしじゅじゅしきはっしょうしょく	電子授受式発消色性インジケーター	ime	名詞
でんしついせいせい	電子対生成	mac	名詞
でんしほかく	電子捕獲	mac	名詞
でんじはおんねつりょうほう	電磁波温熱療法	ime	名詞
でんすでぽじっとびょうねふろーぜしょうこうぐん	デンスデポジット病ネフローゼ症候群	ime	名詞
でんせんせい	伝染性	both	名詞
でんせんせいいちょうえん	伝染性胃腸炎	ime	名詞
でんせんせいいぼ	伝染性いぼ	ime	名詞
でんせんせいかんえん	伝染性肝炎	ime	名詞
でんせんせいげりしょう	伝染性下痢症	ime	名詞
でんせんせいこうはん	伝染性紅斑	both	名詞
でんせんせいじかせんえん	伝染性耳下腺炎	ime	名詞
でんせんせいたんかくきゅうしょう	伝染性単核球症	both	名詞
でんせんせいたんかくきゅうしょうようしっかん	伝染性単核球症様疾患	mac	名詞
でんせんせいたんかくしょう	伝染性単核症	both	名詞
でんせんせいたんかくしょうずいまくえん	伝染性単核症髄膜炎	ime	名詞
でんせんせいたんかくしょうたはつ	伝染性単核症多発	ime	名詞
でんせんせいたんかくしょうたはつにゅーろぱちー	伝染性単核症多発ニューロパチー	ime	名詞
でんせんせいなんぞくしゅ	伝染性軟属腫	both	名詞
でんせんせいなんぞくしゅのないようし	伝染性軟属腫の内容除去	ime	名詞
でんせんせいなんゆう	伝染性軟疣	ime	名詞
でんせんせいなんゆうしゅ	伝染性軟疣腫	ime	名詞
でんせんせいのうかしん	伝染性膿痂疹	both	名詞
でんせんせいのうかひ	伝染性膿痂皮	mac	名詞
でんたかいんかーとりっじ	デンタカインカートリッジ	ime	名詞
でんたつますい	伝達麻酔	mac	名詞
でんたるしょっく	デンタルショック	ime	名詞
でんとびょう	デント病	mac	名詞
でんどういじょう	伝導異常	mac	名詞
でんどうしつご	伝導失語	ime	名詞
でんどうしょうがい	伝導障害	mac	名詞
でんどうせいしつご	伝導性失語	ime	名詞
でんどうせいしつごしょう	伝導性失語症	ime	名詞
でんどうそくど	伝導速度	mac	名詞
でんどうぶろっく	伝導ブロック	ime	名詞
でんどうもるせれーたー	電動モルセレーター	mac	名詞
でんどうろ	伝導路	mac	名詞
でんぶ	殿部	ime	名詞
でんぶあくせいこくしょくしゅ	殿部悪性黒色腫	ime	名詞
でんぶあくせいせんいせいそしききゅうしゅ	殿部悪性線維性組織球腫	ime	名詞
でんぶあくせいなんぶしゅよう	殿部悪性軟部腫瘍	ime	名詞
でんぶあくせいまっしょうしんけいしょうしゅ	殿部悪性末梢神経鞘腫	ime	名詞
でんぶあつざしょう	殿部圧挫傷	ime	名詞
でんぶいぶつ	殿部異物	ime	名詞
でんぶおうもんきんにくしゅ	殿部横紋筋肉腫	ime	名詞
でんぶかいほうそう	殿部開放創	ime	名詞
でんぶかいよう	殿部潰瘍	ime	名詞
でんぶかつまくにくしゅ	殿部滑膜肉腫	ime	名詞
でんぶかんじだしょう	殿部カンジダ症	ime	名詞
でんぶきていさいぼうがん	殿部基底細胞癌	ime	名詞
でんぶきょだいかいよう	殿部巨大潰瘍	ime	名詞
でんぶきんにくつう	殿部筋肉痛	ime	名詞
でんぶきんにくないいぶつざんりゅう	殿部筋肉内異物残留	ime	名詞
でんぶきんにくないけっしゅ	殿部筋肉内血腫	ime	名詞
でんぶけっかんしぼうしゅ	殿部血管脂肪腫	ime	名詞
でんぶけっかんしゅ	殿部血管腫	ime	名詞
でんぶけっかんにくしゅ	殿部血管肉腫	ime	名詞
でんぶこうそう	殿部咬創	ime	名詞
でんぶざしょう	殿部挫傷	ime	名詞
でんぶざめつしょう	殿部挫滅傷	ime	名詞
でんぶざめつそう	殿部挫滅創	ime	名詞
でんぶしじょうきんしょう	殿部糸状菌症	ime	名詞
でんぶしそう	殿部刺創	ime	名詞
でんぶしっしんようはくせん	殿部湿疹様白癬	ime	名詞
でんぶしぼうしゅ	殿部脂肪腫	ime	名詞
でんぶしゅちょう	殿部腫張	ime	名詞
でんぶしゅちょう	殿部腫脹	ime	名詞
でんぶしゅよう	殿部腫瘍	ime	名詞
でんぶじょくそう	殿部褥瘡	ime	名詞
でんぶせいしょくぼはん	殿部青色母斑	ime	名詞
でんぶせっかいかじょうひしゅ	殿部石灰化上皮腫	ime	名詞
でんぶせっそう	殿部切創	ime	名詞
でんぶせつ	殿部せつ	ime	名詞
でんぶせんいにくしゅ	殿部線維肉腫	ime	名詞
でんぶそんしょう	殿部損傷	ime	名詞
でんぶだい	殿部第	ime	名詞
でんぶだい1どねっしょう	殿部第1度熱傷	ime	名詞
でんぶだい2どねっしょう	殿部第2度熱傷	ime	名詞
でんぶだい3どねっしょう	殿部第3度熱傷	ime	名詞
でんぶだいいちどねっしょう	殿部第1度熱傷	ime	名詞
でんぶだいさんどねっしょう	殿部第3度熱傷	ime	名詞
でんぶだいにどねっしょう	殿部第2度熱傷	ime	名詞
でんぶだぼくしょう	殿部打撲傷	ime	名詞
でんぶつう	殿部痛	ime	名詞
でんぶなんせいせんいしゅ	殿部軟性線維腫	ime	名詞
でんぶなんちせいひふかいよう	殿部難治性皮膚潰瘍	ime	名詞
でんぶねっしょう	殿部熱傷	ime	名詞
でんぶのうかしんせいしっしん	殿部膿痂疹性湿疹	ime	名詞
でんぶのうよう	殿部膿瘍	ime	名詞
でんぶはくせん	殿部白癬	ime	名詞
でんぶはくせんしょう	殿部白癬症	ime	名詞
でんぶひふかいよう	殿部皮膚潰瘍	ime	名詞
でんぶひふがん	殿部皮膚癌	ime	名詞
でんぶひふけっそんそう	殿部皮膚欠損創	ime	名詞
でんぶひふりょうせいしゅよう	殿部皮膚良性腫瘍	ime	名詞
でんぶへいかつきんにくしゅ	殿部平滑筋肉腫	ime	名詞
でんぶへんぺいぼはん	殿部扁平母斑	ime	名詞
でんぶほうそうえん	殿部蜂巣炎	ime	名詞
でんぶほうそうじょうなんぶにくしゅ	殿部胞巣状軟部肉腫	ime	名詞
でんぶぼうちょう	殿部膨張	ime	名詞
でんぶぼはん	殿部母斑	ime	名詞
でんぶぼはんさいぼうぼはん	殿部母斑細胞母斑	ime	名詞
でんぶぼーえんびょう	殿部ボーエン病	ime	名詞
でんぶめるけるさいぼうがん	殿部メルケル細胞癌	ime	名詞
でんぶゆうきょくさいぼうがん	殿部有棘細胞癌	ime	名詞
でんぶよう	殿部よう	ime	名詞
でんぶりゅうきせいひふせんいにくしゅ	殿部隆起性皮膚線維肉腫	ime	名詞
でんぶれっそう	殿部裂創	ime	名詞
でんぷう	癜風	both	名詞
でんぷうきん	癜風菌	mac	名詞
でんぷんゆらいきゅうしゅうせいきょく	デンプン由来吸収性局所止血材	ime	名詞
でんりほうしゃせん	電離放射線	mac	名詞
でんりゅうこん	電流痕	mac	名詞
でんりゅうちかくいきちそくてい	電流知覚閾値測定	ime	名詞
でんりゅうはん	電流斑	mac	名詞
でーでるらいんかんきん	デーデルライン桿菌	mac	名詞
でーでるらいんちつかんきん	デーデルライン膣桿菌	mac	名詞
どいりんじょうもうこうせいかくかしょう	土肥燐状毛孔性角化症	ime	名詞
どぅけるばんけんしょうえん	ドゥ・ケルバン腱鞘炎	ime	名詞
どういだたい	同意堕胎	mac	名詞
どうかんない	導管内	ime	名詞
どうかんぶ	導管部	mac	名詞
どうがんしんけい	動眼神経	both	名詞
どうがんしんけいいしゅく	動眼神経萎縮	ime	名詞
どうがんしんけいえん	動眼神経炎	ime	名詞
どうがんしんけいかく	動眼神経核	mac	名詞
どうがんしんけいこんせいまひ	動眼神経根性麻痺	ime	名詞
どうがんしんけいそんしょう	動眼神経損傷	ime	名詞
どうがんしんけいふくかく	動眼神経副核	mac	名詞
どうがんしんけいふぜんまひ	動眼神経不全麻痺	ime	名詞
どうがんしんけいまひ	動眼神経麻痺	both	名詞
どうき	動悸	ime	名詞
どうきいきぎれ	動悸・息切れ	mac	名詞
どうきのうふぜん	洞機能不全	mac	名詞
どうきのうふぜんしょうこうぐん	洞機能不全症候群	both	名詞
どうきれーと	銅キレート	mac	名詞
どうけしようたいじ	道化師様胎児	both	名詞
どうけっせつ	洞結節	mac	名詞
どうけっせつきのうていか	洞結節機能低下	ime	名詞
どうけっせつきのうていかしょうこうぐん	洞結節機能低下症候群	ime	名詞
どうけっせつきのうふぜん	洞結節機能不全	ime	名詞
どうけっちゅうちいじょう	銅血中値異常	ime	名詞
どうけつぼうしょう	銅欠乏症	ime	名詞
どうけつぼうせいひんけつ	銅欠乏性貧血	ime	名詞
どうげんたい	動原体	mac	名詞
どうこう	瞳孔	ime	名詞
どうこういじょう	瞳孔異常	ime	名詞
どうこうえん	瞳孔縁	mac	名詞
どうこうかいひ	瞳孔回避	ime	名詞
どうこうかつやくきん	瞳孔括約筋	mac	名詞
どうこうかつやくきんまひ	瞳孔括約筋麻痺	ime	名詞
どうこうきのう	瞳孔機能	ime	名詞
どうこうきのういじょう	瞳孔機能異常	ime	名詞
どうこうきょうちょく	瞳孔強直	both	名詞
どうこうけい	瞳孔径	ime	名詞
どうこうこうちょく	瞳孔硬直	ime	名詞
どうこうさんだい	瞳孔散大	both	名詞
どうこうさんだいきん	瞳孔散大筋	both	名詞
どうこうしゃだん	瞳孔遮断	ime	名詞
どうこうどうよう	瞳孔動揺	ime	名詞
どうこうはんしゃ	瞳孔反射	mac	名詞
どうこうはんしゃしょうしつ	瞳孔反射消失	mac	名詞
どうこうはんのう	瞳孔反応	mac	名詞
どうこうふせい	瞳孔不整	ime	名詞
どうこうふどう	瞳孔不同	both	名詞
どうこうふどうしょう	瞳孔不同症	both	名詞
どうこうへいさ	瞳孔閉鎖	ime	名詞
どうこうへんい	瞳孔偏位	ime	名詞
どうこうまく	瞳孔膜	ime	名詞
どうこうまくいざん	瞳孔膜遺残	both	名詞
どうこうやくぶつふか	瞳孔薬物負荷	ime	名詞
どうこうやくぶつふかてすと	瞳孔薬物負荷テスト	ime	名詞
どうこうりょう	瞳孔領	ime	名詞
どうさかいしじつう	動作開始時痛	mac	名詞
どうさかんまん	動作緩慢	mac	名詞
どうさじ	動作時	mac	名詞
どうさぶんせきけんさ	動作分析検査	ime	名詞
どうしゅこつずいいしょく	同種骨髄移植	ime	名詞
どうしゅこつずいいしょくご	同種骨髄移植後	ime	名詞
どうしゅしたいかんいしょくじゅつ	同種死体肝移植術	ime	名詞
どうしゅしたいじんいしょくじゅつ	同種死体腎移植術	ime	名詞
どうしゅしたいすいいしょくじゅつ	同種死体膵移植術	ime	名詞
どうしゅしたいすいじんいしょくじゅ	同種死体膵腎移植術	ime	名詞
どうしゅしたいはいいしょくじゅつ	同種死体肺移植術	ime	名詞
どうしゅしんいしょくじゅつ	同種心移植術	ime	名詞
どうしゅしんぱいいしょくじゅつ	同種心肺移植術	ime	名詞
どうしゅせいたいべんちかんじゅつご	同種生体弁置換術後	ime	名詞
どうしゅまっしょうけつかんさいぼういしょくご	同種末梢血幹細胞移植後	ime	名詞
どうしゅめんえき	同種免疫	mac	名詞
どうしょう	銅症	ime	名詞
どうしんせいしやきょうさく	同心性視野狭窄	ime	名詞
どうじし	同時視	mac	名詞
どうじたそうさつえい	同時多層撮影	ime	名詞
どうじつさいしん	同日再診	ime	名詞
どうじつでんわとうさいしん	同日電話等再診	ime	名詞
どうじょうみゃく	動静脈	mac	名詞
どうじょうみゃくきけい	動静脈奇形	mac	名詞
どうじょうみゃくこうさげんしょう	動静脈交叉現象	ime	名詞
どうじょうみゃくたんらくかいろ	動静脈短絡回路	ime	名詞
どうじょうみゃくふんごう	動静脈吻合	mac	名詞
どうじょうみゃくろう	動静脈瘻	both	名詞
どうじょみゃく	洞徐脈	both	名詞
どうせい	洞性	both	名詞
どうせいあい	同性愛	ime	名詞
どうせいじょみゃく	洞性徐脈	both	名詞
どうせいひんみゃく	洞性頻脈	both	名詞
どうせいふせいみゃく	洞性不整脈	ime	名詞
どうそく	同側	mac	名詞
どうそくざしょう	同側挫傷	mac	名詞
どうそくせい	同側性	ime	名詞
どうそくせいはんもう	同側性半盲	ime	名詞
どうそくせいへんまひ	同側性片麻痺	ime	名詞
どうぞくたい	同族体	ime	名詞
どうたいしゃ	銅代謝	mac	名詞
どうたいしゃしょうがい	銅代謝障害	ime	名詞
どうたいしんちぐらふぃ	動態シンチグラフィ	mac	名詞
どうちつきゅう	洞腟球	mac	名詞
どうちゅうどく	銅中毒	ime	名詞
どうちゅうよう	動注用	ime	名詞
どうちゅうりょうほう	動注療法	mac	名詞
どうちょうりつ	洞調律	mac	名詞
どうちんちゃく	銅沈着	both	名詞
どうていし	洞停止	both	名詞
どうてきしや	動的視野	mac	名詞
どうてきせっけっきゅうまくぶつせいけ	動的赤血球膜物性検査	ime	名詞
どうてきりょうてきしや	動的量的視野	ime	名詞
どうにょう	導尿	both	名詞
どうひんみゃく	洞頻脈	ime	名詞
どうふせいみゃく	洞不整脈	ime	名詞
どうふぜん	洞不全	mac	名詞
どうふぜんしょうこうぐん	洞不全症候群	both	名詞
どうぶつきょうふ	動物恐怖	ime	名詞
どうぶつこうそう	動物咬創	ime	名詞
どうぶつしあい	動物嗜愛	ime	名詞
どうぶつしようけんさ	動物使用検査	ime	名詞
どうぶつせいいぶつ	動物性異物	mac	名詞
どうぶつせいひふしっかん	動物性皮膚疾患	ime	名詞
どうぶつどく	動物毒	mac	名詞
どうほうこうそうしょうがい	同胞抗争障害	ime	名詞
どうぼう	洞房	ime	名詞
どうぼうけっせつ	洞房結節	mac	名詞
どうぼうこう	洞房口	mac	名詞
どうぼうぶろっく	洞房ブロック	both	名詞
どうみゃく	動脈	ime	名詞
どうみゃくあつ	動脈圧	ime	名詞
どうみゃくあつじゅようきはんしゃ	動脈圧受容器反射	mac	名詞
どうみゃくあつもにたーかてはいどうみ	動脈圧モニターカテ肺動脈用	ime	名詞
どうみゃくあつもにたーかてまっしょうと	動脈圧モニターカテ末梢動脈用	ime	名詞
どうみゃくえし	動脈壊死	ime	名詞
どうみゃくえん	動脈炎	ime	名詞
どうみゃくかいよう	動脈潰瘍	ime	名詞
どうみゃくかいり	動脈解離	ime	名詞
どうみゃくかがくじゅようきはんしゃ	動脈化学受容器反射	mac	名詞
どうみゃくかにゅれーしょん	動脈カニュレーション	mac	名詞
どうみゃくかん	動脈管	both	名詞
どうみゃくかん	動脈間	ime	名詞
どうみゃくかんいざん	動脈幹遺残	mac	名詞
どうみゃくかんかいぞん	動脈管開存	both	名詞
どうみゃくかんかいぞんしょう	動脈管開存症	both	名詞
どうみゃくかんかいぞんしょうしゅじ	動脈管開存症手術	ime	名詞
どうみゃくかんさく	動脈管索	mac	名詞
どうみゃくかんばいぱすぞうせいし	動脈間バイパス造成術	ime	名詞
どうみゃくかんへいさちえん	動脈管閉鎖遅延	mac	名詞
どうみゃくかんりゅういじょう	動脈還流異常	ime	名詞
どうみゃくかんりゅうき	動脈幹隆起	mac	名詞
どうみゃくきゅう	動脈弓	mac	名詞
どうみゃくきょうさく	動脈狭窄	ime	名詞
どうみゃくけいせいじゅつふんごうし	動脈形成術、吻合術	ime	名詞
どうみゃくけっせん	動脈血栓	ime	名詞
どうみゃくけっせんしょう	動脈血栓症	ime	名詞
どうみゃくけっせんじょきょじゅつ	動脈血栓除去術	ime	名詞
どうみゃくけっせんないまくてきしゅつし	動脈血栓内膜摘出術	ime	名詞
どうみゃくけっそん	動脈欠損	ime	名詞
どうみゃくけつがす	動脈血ガス	mac	名詞
どうみゃくけつさんそのうどぶんあつ	動脈血酸素濃度分圧	ime	名詞
どうみゃくけつさんそほうわど	動脈血酸素飽和度	ime	名詞
どうみゃくけつちゅうけとんたいひ	動脈血中ケトン体比	ime	名詞
どうみゃくこうか	動脈硬化	both	名詞
どうみゃくこうかしょう	動脈硬化症	ime	名詞
どうみゃくこうかじん	動脈硬化腎	ime	名詞
どうみゃくこうかせい	動脈硬化性	ime	名詞
どうみゃくこうかせいいしゅくじん	動脈硬化性萎縮腎	ime	名詞
どうみゃくこうかせいうつびょう	動脈硬化性うつ病	ime	名詞
どうみゃくこうかせいえそ	動脈硬化性壊疽	ime	名詞
どうみゃくこうかせいかんけつせいはこう	動脈硬化性間欠性跛行	ime	名詞
どうみゃくこうかせいかんふぜん	動脈硬化性冠不全	ime	名詞
どうみゃくこうかせいがんてい	動脈硬化性眼底	ime	名詞
どうみゃくこうかせいがんていしょけん	動脈硬化性眼底所見	ime	名詞
どうみゃくこうかせいきおくしょうがい	動脈硬化性記憶障害	ime	名詞
どうみゃくこうかせいじんこうかしょう	動脈硬化性腎硬化症	ime	名詞
どうみゃくこうかせいせいしんしょうがい	動脈硬化性精神障害	ime	名詞
どうみゃくこうかせいせいしんびょう	動脈硬化性精神病	ime	名詞
どうみゃくこうかせいちほう	動脈硬化性痴呆	ime	名詞
どうみゃくこうかせいどうみゃくりゅう	動脈硬化性動脈瘤	ime	名詞
どうみゃくこうかせいのうしょう	動脈硬化性脳症	ime	名詞
どうみゃくこうかせいぱーきんそんしょうこうぐん	動脈硬化性パーキンソン症候群	ime	名詞
どうみゃくこうかせいへいそくせいけっかんえん	動脈硬化性閉塞性血管炎	ime	名詞
どうみゃくこうかせいほこうしょうがい	動脈硬化性歩行障害	ime	名詞
どうみゃくこうかせいもうまくしょう	動脈硬化性網膜症	ime	名詞
どうみゃくこうかせいもうまくしょうがい	動脈硬化性網膜障害	ime	名詞
どうみゃくしゅういえん	動脈周囲炎	ime	名詞
どうみゃくせいけっしゅ	動脈性血腫	ime	名詞
どうみゃくせいざつおん	動脈性雑音	ime	名詞
どうみゃくせいしゅっけつ	動脈性出血	ime	名詞
どうみゃくせんいきんけいせいいじょう	動脈線維筋形成異常	ime	名詞
どうみゃくそう	動脈相	mac	名詞
どうみゃくそうこう	動脈走行	mac	名詞
どうみゃくそくせんしょう	動脈塞栓症	both	名詞
どうみゃくそくせんじょきょじゅつ	動脈塞栓除去術	ime	名詞
どうみゃくそんしょう	動脈損傷	ime	名詞
どうみゃくないまくえん	動脈内膜炎	ime	名詞
どうみゃくはれつ	動脈破裂	ime	名詞
どうみゃくびらん	動脈びらん	ime	名詞
どうみゃくへいさ	動脈閉鎖	ime	名詞
どうみゃくへき	動脈壁	mac	名詞
どうみゃくべんじゅつ	動脈弁術	ime	名詞
どうみゃくりゅう	動脈瘤	both	名詞
どうみゃくりゅうはれつ	動脈瘤破裂	mac	名詞
どうみゃくりゅうようこつ	動脈瘤様骨	ime	名詞
どうみゃくりゅうようこつのうしゅ	動脈瘤様骨嚢腫	both	名詞
どうみゃくりん	動脈輪	ime	名詞
どうみゃくれんしゅく	動脈攣縮	ime	名詞
どうみゃくろう	動脈瘻	ime	名詞
どうめいうえ４ぶんの１はんもう	同名上1/4半盲	mac	名詞
どうめいした４ぶんの１はんもう	同名下1/4半盲	mac	名詞
どうめいはんもう	同名半盲	both	名詞
どうようかた	動揺肩	ime	名詞
どうようかんせつ	動揺関節	ime	名詞
どうようきょうかく	動揺胸郭	both	名詞
どうようけっかん	洞様血管	mac	名詞
どうようし	動揺視	mac	名詞
どうようしゅしかんせつ	動揺手指関節	ime	名詞
どうようせいほこう	動揺性歩行	mac	名詞
どうようそくかんせつ	動揺足関節	ime	名詞
どうようびょう	動揺病	both	名詞
どうようほこう	動揺歩行	mac	名詞
どうようもうさいけっかん	洞様毛細血管	mac	名詞
どきさぞしんめしるさんえん	ドキサゾシンメシル酸塩	ime	名詞
どきしさいくりん	ドキシサイクリン	mac	名詞
どきそるびしん	ドキソルビシン	mac	名詞
どくえい	読影	mac	名詞
どくかつ	ドクカツ	ime	名詞
どくさようこういしょう	毒作用後遺症	ime	名詞
どくじしょうがい	読字障害	ime	名詞
どくじょうちゅうどく	毒茸中毒	ime	名詞
どくそ	毒素	ime	名詞
どくそげんせいだいちょうきん	毒素原性大腸菌	both	名詞
どくそげんせいだいちょうきんかんせんしょう	毒素原性大腸菌感染症	mac	名詞
どくそしょっくしょうこうぐん	毒素ショック症候群	ime	名詞
どくぶつごいん	毒物誤飲	ime	名詞
どくぶつせいがんけんえん	毒物性眼瞼炎	ime	名詞
どぐまちーるさいりゅう	ドグマチール細粒	ime	名詞
どけるばんけんしょうえん	ドケルバン腱鞘炎	ime	名詞
どけるばんしっかん	ドケルバン疾患	ime	名詞
どけるばんびょう	ドケルバン病	ime	名詞
どじょうでんぱきせいちゅう	土壌伝播寄生虫	mac	名詞
どせき	怒責	mac	名詞
どせたきせる	ドセタキセル	mac	名詞
どなひゅーしょうこうぐん	ドナヒュー症候群	ime	名詞
どなんのへいこう	ドナンの平衡	mac	名詞
どなーけっきゅう	ドナー血球	mac	名詞
どなーけっせい	ドナー血清	mac	名詞
どねぺじる	ドネペジル	mac	名詞
どねぺじるえんさんえん	ドネペジル塩酸塩	ime	名詞
どのばにあかんせんしょう	ドノバニア感染症	ime	名詞
どぱ	ドパ	mac	名詞
どぱすとんさん	ドパストン散	ime	名詞
どぱまいど	ドパマイド	ime	名詞
どぱみん	ドパミン	mac	名詞
どぱみんえき	ドパミン液	ime	名詞
どぱみんえんさんえん	ドパミン塩酸塩	ime	名詞
どぱみんじゅようたい	ドパミン受容体	mac	名詞
どぱーるさいりゅう	ドパール細粒	ime	名詞
どひしりんじょうもう	土肥氏鱗状毛	ime	名詞
どひしりんじょうもうのうかくひしょう	土肥氏鱗状毛嚢角皮症	ime	名詞
どぶたみん	ドブタミン	mac	名詞
どぶとれっくす	ドブトレックス	mac	名詞
どぷすさいりゅう	ドプス細粒	ime	名詞
どべっこう	ドベッコウ	ime	名詞
どぼねっくすなんこう	ドボネックス軟膏	ime	名詞
どぼべっとなんこう	ドボベット軟膏	ime	名詞
どもり	どもり	ime	名詞
どもるしあしょうこうぐん	ドモルシア症候群	ime	名詞
どゅぼうぃつしょうこうぐん	ドュボウィツ症候群	ime	名詞
どらいあい	ドライアイ	ime	名詞
どらいあーぜはいごうさいりゅう	ドライアーゼ配合細粒	ime	名詞
どらいげるさいりゅう	ドライ・ゲル細粒	ime	名詞
どらいそけっと	ドライソケット	ime	名詞
どらいばーへんい	ドライバー変異	mac	名詞
どらふとんざざい	ドラフトン坐剤	ime	名詞
どらまみん	ドラマミン	ime	名詞
どりぺねむ	ドリペネム	mac	名詞
どりょくき	努力期	mac	名詞
どりょくこしゅつきょくせん	努力呼出曲線	mac	名詞
どりょくせいきゅうきせいてきせい	努力性吸気性笛声	mac	名詞
どりょくせいこきゅう	努力性呼吸	ime	名詞
どるせふぁんどらいしろっぷ	ドルセファンドライシロップ	ime	名詞
どるみかむ	ドルミカム	mac	名詞
どるみじんぱすた	ドルミジンパスタ	ime	名詞
どるーぜん	ドルーゼン	ime	名詞
どるーぜんおうはん	ドルーゼン黄斑	ime	名詞
どれすらーしょうこうぐん	Dressler症候群	ime	名詞
どれっしんぐざい	ドレッシング材	mac	名詞
どれっすらーしょうこうぐん	ドレッスラー症候群	ime	名詞
どれなーじ	ドレナージ	mac	名詞
どれにぞんてーぷ	ドレニゾンテープ	ime	名詞
どれーんほう	ドレーン法	ime	名詞
どれーんをりゅうちしないけいひてきたん	ドレーンを留置しない経皮的胆嚢穿刺	ime	名詞
どろきしどぱ	ドロキシドパ	ime	名詞
どろぺりどーる	ドロペリドール	mac	名詞
どろれすがくこうちゅう	ドロレス顎口虫	mac	名詞
どんいん	貪飲	mac	名詞
どんえんか	鈍円化	mac	名詞
どんき	呑気	mac	名詞
どんきしょう	呑気症	ime	名詞
どんきそんしょう	鈍器損傷	mac	名詞
どんさん	呑酸	mac	名詞
どんしょく	貪食	mac	名詞
どんしょくさいぼう	貪食細胞	mac	名詞
どんしょくのう	貪食能	mac	名詞
どんじゅうかん	鈍重感	mac	名詞
どんつう	鈍痛	both	名詞
どんてき	鈍的	both	名詞
どんてきがいしょう	鈍的外傷	mac	名詞
どんてきしんぞうがいしょう	鈍的心臓外傷	ime	名詞
どんてきそんしょう	鈍的損傷	mac	名詞
どんぺりどん	ドンペリドン	both	名詞
どんぺりん	ドンペリン	ime	名詞
どーそんふうにゅうたいのうえん	ドーソン封入体脳炎	ime	名詞
どーぱ	ドーパ	mac	名詞
どーぱはんのうせいじすとにあ	ドーパ反応性ジストニア	ime	名詞
どーぱみんとらんすぽーたーしんち	ドーパミントランスポーターシンチ	ime	名詞
どーふるさん	ドーフル散	ime	名詞
どーみんぐ	ドーミング	mac	名詞
