がいいん	外陰	both	名詞
がいいんPagetびょう	外陰Paget病	ime	名詞
がいいんあくせいこくしょくしゅ	外陰悪性黒色腫	ime	名詞
がいいんあくせいしゅよう	外陰悪性腫瘍	ime	名詞
がいいんあつざしょう	外陰圧挫傷	ime	名詞
がいいんあつざそんしょう	外陰圧挫損傷	ime	名詞
がいいんいしゅく	外陰萎縮	ime	名詞
がいいんえん	外陰炎	ime	名詞
がいいんかいほうそう	外陰開放創	ime	名詞
がいいんかいよう	外陰潰瘍	ime	名詞
がいいんかんじだしょう	外陰カンジダ症	ime	名詞
がいいんかんせん	外因感染	mac	名詞
がいいんがいしょう	外陰外傷	ime	名詞
がいいんがん	外陰癌	ime	名詞
がいいんけい	外因系	both	名詞
がいいんけっかく	外陰結核	ime	名詞
がいいんけっかんしぼうしゅ	外陰血管脂肪腫	ime	名詞
がいいんけっかんしゅ	外陰血管腫	ime	名詞
がいいんけっしゅ	外陰血腫	ime	名詞
がいいんざめつしょう	外陰挫滅傷	ime	名詞
がいいんざめつそう	外陰挫滅創	ime	名詞
がいいんし	外因子	mac	名詞
がいいんし	外因死	mac	名詞
がいいんしぼうしゅ	外陰脂肪腫	ime	名詞
がいいんしゅよう	外陰腫瘍	ime	名詞
がいいんしゅりゅう	外陰腫瘤	ime	名詞
がいいんしんきんしょう	外陰真菌症	ime	名詞
がいいんじょうひいけいせい	外陰上皮異形成	ime	名詞
がいいんじょうひいけいせい	外陰上皮異形成・異型度	ime	名詞
がいいんじょうひないしゅよう	外陰上皮内腫瘍	ime	名詞
がいいんじょうみゃくりゅう	外陰静脈瘤	ime	名詞
がいいんせい	外因性	both	名詞
がいいんせいあれるぎーせいはいほうえん	外因性アレルギー性肺胞炎	ime	名詞
がいいんせいししつ	外因性脂質	mac	名詞
がいいんせいしんしょうがい	外因精神障害	mac	名詞
がいいんせいぜんそく	外因性喘息	ime	名詞
がいいんせいはんのう	外因性反応	mac	名詞
がいいんせいぶっしつ	外因性物質	mac	名詞
がいいんせんいしゅ	外陰線維腫	ime	名詞
がいいんそうようしょう	外陰掻痒症	ime	名詞
がいいんそんしょう	外陰損傷	ime	名詞
がいいんだい	外陰第	ime	名詞
がいいんだい1どねっしょう	外陰第1度熱傷	ime	名詞
がいいんだい2どねっしょう	外陰第2度熱傷	ime	名詞
がいいんだい3どねっしょう	外陰第3度熱傷	ime	名詞
がいいんだいいちどねっしょう	外陰第1度熱傷	ime	名詞
がいいんだいさんどねっしょう	外陰第3度熱傷	ime	名詞
がいいんだいにどねっしょう	外陰第2度熱傷	ime	名詞
がいいんちつかんじだしょう	外陰膣カンジダ症	ime	名詞
がいいんちつけっしゅじょきょじゅつ	外陰・腟血腫除去術	ime	名詞
がいいんないいぶつ	外陰内異物	ime	名詞
がいいんなんせいげかん	外陰軟性下疳	ime	名詞
がいいんねっしょう	外陰熱傷	ime	名詞
がいいんのうほう	外陰嚢胞	ime	名詞
がいいんのうよう	外陰膿瘍	ime	名詞
がいいんはくはんしょう	外陰白斑症	ime	名詞
がいいんひだい	外陰肥大	ime	名詞
がいいんひふかんじだしょう	外陰皮膚カンジダ症	ime	名詞
がいいんひょうないがん	外陰表内癌	ime	名詞
がいいんひょうひないこくしょくしゅ	外陰表皮内黒色腫	ime	名詞
がいいんふしゅ	外陰浮腫	ime	名詞
がいいんぶ	外陰部	ime	名詞
がいいんぶあくせいしゅよう	外陰部悪性腫瘍	ime	名詞
がいいんぶえしせいきんまくえん	外陰部壊死性筋膜炎	ime	名詞
がいいんぶかいよう	外陰部潰瘍	ime	名詞
がいいんぶかくかしょう	外陰部角化症	ime	名詞
がいいんぶかんじだしょう	外陰部カンジダ症	ime	名詞
がいいんぶがいしょう	外陰部外傷	ime	名詞
がいいんぶがんせん	外陰部頑癬	ime	名詞
がいいんぶけっかんしゅ	外陰部血管腫	ime	名詞
がいいんぶざしょう	外陰部挫傷	ime	名詞
がいいんぶざそう	外陰部挫創	ime	名詞
がいいんぶしゅっけつ	外陰部出血	ime	名詞
がいいんぶしゅよう	外陰部腫瘍	ime	名詞
がいいんぶじょうひないがん	外陰部上皮内癌	ime	名詞
がいいんぶじょうみゃく	外陰部静脈	mac	名詞
がいいんぶせっそう	外陰部切創	ime	名詞
がいいんぶせんけいこんじろーま	外陰部尖圭コンジローマ	ime	名詞
がいいんぶそうようしょう	外陰部そう痒症	ime	名詞
がいいんぶそうようしょう	外陰部掻痒症	ime	名詞
がいいんぶたいじょうほうしん	外陰部帯状疱疹	ime	名詞
がいいんぶたんじゅんへるぺす	外陰部単純ヘルペス	ime	名詞
がいいんぶちつ	外陰部腟	ime	名詞
がいいんぶちつかんじだしょう	外陰部腟カンジダ症	ime	名詞
がいいんぶちつかんじだしょう	外陰部膣カンジダ症	ime	名詞
がいいんぶつう	外陰部痛	ime	名詞
がいいんぶのうかしん	外陰部膿痂疹	ime	名詞
がいいんぶのうよう	外陰部膿瘍	ime	名詞
がいいんぶぱじぇっとびょう	外陰部パジェット病	ime	名詞
がいいんぶひふえん	外陰部皮膚炎	ime	名詞
がいいんぶひふがん	外陰部皮膚癌	ime	名詞
がいいんぶびらん	外陰部びらん	ime	名詞
がいいんぶへるぺす	外陰部ヘルペス	ime	名詞
がいいんぶほうしん	外陰部疱疹	ime	名詞
がいいんぶゆうきょくさいぼうがん	外陰部有棘細胞癌	ime	名詞
がいいんぶれっしょう	外陰部裂傷	ime	名詞
がいいんぶれっそう	外陰部裂創	ime	名詞
がいいんぶろう	外陰部瘻	ime	名詞
がいいんへるぺす	外陰ヘルペス	ime	名詞
がいいんべーちぇっとびょう	外陰ベーチェット病	ime	名詞
がいいんぽりーぷ	外陰ポリープ	ime	名詞
がいいんもうしらみしょう	外陰毛しらみ症	ime	名詞
がいいんりょうせいしゅよう	外陰良性腫瘍	ime	名詞
がいいんろいこぷらきー	外陰ロイコプラキー	ime	名詞
がいえいようまくさいぼうそうかく	外栄養膜細胞層殻	mac	名詞
がいか	外果	mac	名詞
がいか	外顆	both	名詞
がいかいせん	外回旋	mac	名詞
がいかかいほうこっせつ	外果開放骨折	ime	名詞
がいかぎかんせつしょう	外顆偽関節症	ime	名詞
がいかこっせつ	外果骨折	ime	名詞
がいかこっせつ	外顆骨折	mac	名詞
がいかはくりかいほうこっせつ	外果剥離開放骨折	ime	名詞
がいかはくりこっせつ	外果剥離骨折	ime	名詞
がいかぶさっかしょう	外顆部擦過傷	ime	名詞
がいかりゅうそう	外顆粒層	mac	名詞
がいがんかく	外眼角	mac	名詞
がいがんかくひふりょうせいしゅよう	外眼角皮膚良性腫瘍	ime	名詞
がいがんかくぶさっかしょう	外眼角部擦過傷	ime	名詞
がいがんきん	外眼筋	both	名詞
がいがんきんひだい	外眼筋肥大	mac	名詞
がいがんきんふぜんまひ	外眼筋不全麻痺	ime	名詞
がいがんきんまひ	外眼筋麻痺	ime	名詞
がいがんきんみおぱちー	外眼筋ミオパチー	ime	名詞
がいがんぶ	外眼部	mac	名詞
がいきょうかいまく	外境界膜	mac	名詞
がいけい	外径	mac	名詞
がいけいこつじゃくねんせいこつなんこつしょう	外脛骨若年性骨軟骨症	ime	名詞
がいけいじょうみゃく	外頚静脈	both	名詞
がいけいじょうみゃくそんしょう	外頚静脈損傷	ime	名詞
がいけいどうみゃく	外頚動脈	both	名詞
がいけいどうみゃくかいめんじょうみゃくどうろう	外頚動脈海綿静脈洞瘻	ime	名詞
がいけいどうみゃくりゅう	外頚動脈瘤	ime	名詞
がいけつごうせん	外結合線	mac	名詞
がいこうとうりゅうき	外後頭隆起	mac	名詞
がいこうもんかつやくきん	外肛門括約筋	mac	名詞
がいこきゅう	外呼吸	mac	名詞
がいこくじん	外国人	ime	名詞
がいこつしゅ	外骨腫	ime	名詞
がいこてい	外固定	mac	名詞
がいさいぼうかい	外細胞塊	mac	名詞
がいざいきん	外在筋	mac	名詞
がいしきゅうこう	外子宮口	mac	名詞
がいしせっかいじゅつ	外眥切開術	ime	名詞
がいしゃい	外斜位	ime	名詞
がいしゃし	外斜視	both	名詞
がいしゃんとけっせんじょきょじゅつ	外シャント血栓除去術	ime	名詞
がいしゃんとせっちじゅつ	外シャント設置術	ime	名詞
がいしゅっけつ	外出血	mac	名詞
がいしょう	外傷	both	名詞
がいしょうこういしょう	外傷後遺症	ime	名詞
がいしょうこういしょうせい	外傷後遺症性	ime	名詞
がいしょうこういしょうせいうつびょう	外傷後遺症性うつ病	ime	名詞
がいしょうご	外傷後	ime	名詞
がいしょうごけいしょうこうぐん	外傷後頚症候群	ime	名詞
がいしょうごけいれん	外傷後痙攣	ime	名詞
がいしょうごけんぼうしょう	外傷後健忘症	ime	名詞
がいしょうごこかんせつしょう	外傷後股関節症	ime	名詞
がいしょうごこつまくかこつか	外傷後骨膜下骨化	ime	名詞
がいしょうごしつかんせつしょう	外傷後膝関節症	ime	名詞
がいしょうごすいとうしょう	外傷後水頭症	ime	名詞
がいしょうごすとれすしょうがい	外傷後ストレス障害	both	名詞
がいしょうごずつう	外傷後頭痛	ime	名詞
がいしょうごそうきがっぺいしょう	外傷後早期合併症	ime	名詞
がいしょうごちはつせいのうそっちゅう	外傷後遅発性脳卒中	ime	名詞
がいしょうごにょうどうきょうさく	外傷後尿道狭窄	ime	名詞
がいしょうごぼうこうけいぶきょうさく	外傷後膀胱頚部狭窄	ime	名詞
がいしょうし	外傷死	ime	名詞
がいしょうしゃ	外照射	mac	名詞
がいしょうせい	外傷性	ime	名詞
がいしょうせいいっかせいまひ	外傷性一過性麻痺	ime	名詞
がいしょうせいいぶつ	外傷性異物	ime	名詞
がいしょうせいいん	外傷性陰	ime	名詞
がいしょうせいいんのうすいしゅ	外傷性陰嚢水腫	ime	名詞
がいしょうせいおうかくまく	外傷性横隔膜	ime	名詞
がいしょうせいおうかくまくへるにあ	外傷性横隔膜ヘルニア	ime	名詞
がいしょうせいかくまくえん	外傷性角膜炎	ime	名詞
がいしょうせいかくまくかいよう	外傷性角膜潰瘍	ime	名詞
がいしょうせいかくまくせんこう	外傷性角膜穿孔	ime	名詞
がいしょうせいかたかんせつしょう	外傷性肩関節症	ime	名詞
がいしょうせいかたかんせつぶせつだん	外傷性肩関節部切断	ime	名詞
がいしょうせいかたふあんていしょう	外傷性肩不安定症	ime	名詞
がいしょうせいかっしゃしんけいそんしょう	外傷性滑車神経損傷	ime	名詞
がいしょうせいかんせつしょう	外傷性関節症	ime	名詞
がいしょうせいかんせつしょうがい	外傷性関節障害	ime	名詞
がいしょうせいかんせん	外傷性感染	ime	名詞
がいしょうせいかんはれつ	外傷性肝破裂	ime	名詞
がいしょうせいがいいんけっしゅ	外傷性外陰血腫	ime	名詞
がいしょうせいがいいんしゅっけつ	外傷性外陰出血	ime	名詞
がいしょうせいがいじどうきょうさくしょう	外傷性外耳道狭窄症	ime	名詞
がいしょうせいがいてんしんけいそんしょう	外傷性外転神経損傷	ime	名詞
がいしょうせいがいりんぱろう	外傷性外リンパ瘻	ime	名詞
がいしょうせいがくかんせつえん	外傷性顎関節炎	ime	名詞
がいしょうせいがくこつ	外傷性顎骨	ime	名詞
がいしょうせいがくこつのうほう	外傷性顎骨嚢胞	ime	名詞
がいしょうせいがんきゅう	外傷性眼球	ime	名詞
がいしょうせいがんきゅうかんにゅう	外傷性眼球陥入	ime	名詞
がいしょうせいがんきゅうかんぼつ	外傷性眼球陥没	ime	名詞
がいしょうせいがんきゅうかんぼつしょう	外傷性眼球陥没症	ime	名詞
がいしょうせいがんきゅうろう	外傷性眼球ろう	ime	名詞
がいしょうせいがんきんまひ	外傷性眼筋麻痺	ime	名詞
がいしょうせいがんせんこうそう	外傷性眼穿孔創	ime	名詞
がいしょうせいがんめんしせい	外傷性顔面刺青	ime	名詞
がいしょうせいがんめんしんけいそんしょう	外傷性顔面神経損傷	ime	名詞
がいしょうせいがんめんしんけいまひ	外傷性顔面神経麻痺	ime	名詞
がいしょうせいききょう	外傷性気胸	both	名詞
がいしょうせいきゅうかくしょうしつ	外傷性嗅覚消失	ime	名詞
がいしょうせいきゅうしんけいそんしょう	外傷性嗅神経損傷	ime	名詞
がいしょうせいきゅうせいこうまくかけっしゅ	外傷性急性硬膜下血腫	ime	名詞
がいしょうせいきゅうまひ	外傷性球麻痺	ime	名詞
がいしょうせいきょうまくえん	外傷性胸膜炎	ime	名詞
がいしょうせいくうきそくせんしょう	外傷性空気塞栓症	ime	名詞
がいしょうせいくもまくかしゅっけつ	外傷性くも膜下出血	ime	名詞
がいしょうせいぐうかくかいり	外傷性隅角解離	ime	名詞
がいしょうせいけいついしょう	外傷性頚椎症	ime	名詞
がいしょうせいけいついしょうこうぐん	外傷性頚椎症候群	ime	名詞
がいしょうせいけいどうみゃくかいめんじょうみゃくどうろ	外傷性頚動脈海綿静脈洞瘻	ime	名詞
がいしょうせいけいぶしょう	外傷性頚部症	ime	名詞
がいしょうせいけいぶしょうこうぐん	外傷性頚部症候群	ime	名詞
がいしょうせいけいぶせきついしょう	外傷性頚部脊椎症	ime	名詞
がいしょうせいけいぶねんざ	外傷性頚部捻挫	ime	名詞
がいしょうせいけいぶようぶしょうこうぐん	外傷性頚部腰部症候群	ime	名詞
がいしょうせいけっかんれんしゅくせいしょうこうぐん	外傷性血管攣縮性症候群	ime	名詞
がいしょうせいけっききょう	外傷性血気胸	ime	名詞
がいしょうせいけっきょう	外傷性血胸	ime	名詞
がいしょうせいけんぼう	外傷性健忘	ime	名詞
がいしょうせいこうごう	外傷性咬合	ime	名詞
がいしょうせいこうさいえん	外傷性虹彩炎	ime	名詞
がいしょうせいこうさいけっそん	外傷性虹彩欠損	ime	名詞
がいしょうせいこうさいりだつ	外傷性虹彩離脱	ime	名詞
がいしょうせいこうさいりだん	外傷性虹彩離断	ime	名詞
がいしょうせいこうまくかえきたいちょりゅう	外傷性硬膜下液体貯留	ime	名詞
がいしょうせいこうまくかけっしゅ	外傷性硬膜下血腫	ime	名詞
がいしょうせいこうまくかしんしゅつえき	外傷性硬膜下滲出液	ime	名詞
がいしょうせいこうまくかすいしゅ	外傷性硬膜下水腫	ime	名詞
がいしょうせいこうまくがいけっしゅ	外傷性硬膜外血腫	ime	名詞
がいしょうせいこうまくどうじょうみゃくろう	外傷性硬膜動静脈瘻	ime	名詞
がいしょうせいこかんせつしょう	外傷性股関節症	ime	名詞
がいしょうせいこきゅうこんなんしょう	外傷性呼吸困難症	ime	名詞
がいしょうせいこっせつ	外傷性骨折	mac	名詞
がいしょうせいこつ	外傷性骨	ime	名詞
がいしょうせいこつえし	外傷性骨壊死	ime	名詞
がいしょうせいこつかせいきんえん	外傷性骨化性筋炎	both	名詞
がいしょうせいこつのうほう	外傷性骨嚢胞	ime	名詞
がいしょうせいこまくせんこう	外傷性鼓膜穿孔	both	名詞
がいしょうせいこまくそんしょう	外傷性鼓膜損傷	ime	名詞
がいしょうせいこんぱーとめんとしょうこうぐん	外傷性コンパートメント症候群	ime	名詞
がいしょうせいさんさしんけいそんしょう	外傷性三叉神経損傷	ime	名詞
がいしょうせいさんさしんけいまひ	外傷性三叉神経麻痺	ime	名詞
がいしょうせいさんどう	外傷性散瞳	ime	名詞
がいしょうせいしきそちんちゃく	外傷性色素沈着	ime	名詞
がいしょうせいしこんまくえん	外傷性歯根膜炎	ime	名詞
がいしょうせいししんけいいしゅく	外傷性視神経萎縮	ime	名詞
がいしょうせいししんけいえん	外傷性視神経炎	ime	名詞
がいしょうせいししんけいしょう	外傷性視神経症	ime	名詞
がいしょうせいししんけいそんしょう	外傷性視神経損傷	ime	名詞
がいしょうせいしずいえん	外傷性歯髄炎	ime	名詞
がいしょうせいしせい	外傷性刺青	ime	名詞
がいしょうせいしせつ	外傷性歯折	ime	名詞
がいしょうせいしつかんせつしょう	外傷性膝関節症	ime	名詞
がいしょうせいしへんけい	外傷性趾変形	ime	名詞
がいしょうせいしぼうそくせんしょう	外傷性脂肪塞栓症	ime	名詞
がいしょうせいしゃび	外傷性斜鼻	ime	名詞
がいしょうせいしゅかんせつしょう	外傷性手関節症	ime	名詞
がいしょうせいしゅっけつせい	外傷性出血性	ime	名詞
がいしょうせいしゅっけつせいしょっく	外傷性出血性ショック	ime	名詞
がいしょうせいしょうこうねつ	外傷性猩紅熱	ime	名詞
がいしょうせいしょうしたいしゅっけつ	外傷性硝子体出血	ime	名詞
がいしょうせいしょうのうけっしゅ	外傷性小脳血腫	ime	名詞
がいしょうせいしょくどうはれつ	外傷性食道破裂	ime	名詞
がいしょうせいしょっく	外傷性ショック	ime	名詞
がいしょうせいしりょくしょうがい	外傷性視力障害	ime	名詞
がいしょうせいしんけいしょう	外傷性神経症	ime	名詞
がいしょうせいしんしっかん	外傷性心疾患	ime	名詞
がいしょうせいしんぞうはれつ	外傷性心臓破裂	ime	名詞
がいしょうせいしんはれつ	外傷性心破裂	ime	名詞
がいしょうせいじかいせつだん	外傷性耳介切断	ime	名詞
がいしょうせいじしゅっけつ	外傷性耳出血	ime	名詞
がいしょうせいじしょうこつこっせつ	外傷性耳小骨骨折	ime	名詞
がいしょうせいじしょうこつだっきゅう	外傷性耳小骨脱臼	ime	名詞
がいしょうせいじしょうこつりだん	外傷性耳小骨離断	ime	名詞
がいしょうせいじゅうかくきしゅ	外傷性縦隔気腫	ime	名詞
がいしょうせいじんけっしゅ	外傷性腎血腫	ime	名詞
がいしょうせいじんこうそく	外傷性腎梗塞	ime	名詞
がいしょうせいじんひまくかけっしゅ	外傷性腎被膜下血腫	ime	名詞
がいしょうせいすい	外傷性膵	ime	名詞
がいしょうせいすいざしょう	外傷性膵挫傷	ime	名詞
がいしょうせいすいそんしょう	外傷性膵損傷	ime	名詞
がいしょうせいすいとうしょう	外傷性水頭症	ime	名詞
がいしょうせいすいのうほう	外傷性膵嚢胞	ime	名詞
がいしょうせいずいえきじろう	外傷性髄液耳漏	ime	名詞
がいしょうせいずいえきびろう	外傷性髄液鼻漏	ime	名詞
がいしょうせいずつう	外傷性頭痛	ime	名詞
がいしょうせいせいしんびょう	外傷性精神病	ime	名詞
がいしょうせいせきずいしゅっけつ	外傷性脊髄出血	ime	名詞
がいしょうせいせきついくうどうしょう	外傷性脊椎空洞症	ime	名詞
がいしょうせいせきついしょう	外傷性脊椎症	ime	名詞
がいしょうせいせつだん	外傷性切断	ime	名詞
がいしょうせいせつだんこういしょう	外傷性切断後遺症	ime	名詞
がいしょうせいせんこうせいちゅうじえん	外傷性穿孔性中耳炎	ime	名詞
がいしょうせいぜんぼうしゅっけつ	外傷性前房出血	ime	名詞
がいしょうせいそくかんせつしょう	外傷性足関節症	ime	名詞
がいしょうせいたはつせいせつだん	外傷性多発性切断	ime	名詞
がいしょうせいだいたいこっとうえし	外傷性大腿骨頭壊死	ime	名詞
がいしょうせいだつもうしょう	外傷性脱毛症	ime	名詞
がいしょうせいちこつけつごうりかい	外傷性恥骨結合離開	ime	名詞
がいしょうせいちはつせいのうないけっしゅ	外傷性遅発性脳内血腫	mac	名詞
がいしょうせいちゅうかんせつしょう	外傷性肘関節症	ime	名詞
がいしょうせいちゅうじえん	外傷性中耳炎	ime	名詞
がいしょうせいちゅうじくうしゅっけつ	外傷性中耳腔出血	ime	名詞
がいしょうせいちょうしんけいそんしょう	外傷性聴神経損傷	ime	名詞
がいしょうせいちょくちょうせんこう	外傷性直腸穿孔	ime	名詞
がいしょうせいていがんあつしょう	外傷性低眼圧症	ime	名詞
がいしょうせいていのうあつしょう	外傷性低脳圧症	ime	名詞
がいしょうせいてんかん	外傷性てんかん	ime	名詞
がいしょうせいとうがいないけっしゅ	外傷性頭蓋内血腫	ime	名詞
がいしょうせいとうがいないしゅっけつ	外傷性頭蓋内出血	ime	名詞
がいしょうせいとうけいぶしょうこうぐん	外傷性頭頚部症候群	ime	名詞
がいしょうせいとうこつしんけいまひ	外傷性橈骨神経麻痺	ime	名詞
がいしょうせいとうぶせつだん	外傷性頭部切断	ime	名詞
がいしょうせいどうがんしんけいそんしょう	外傷性動眼神経損傷	ime	名詞
がいしょうせいどうじょうみゃくろう	外傷性動静脈瘻	ime	名詞
がいしょうせいどうみゃくけっしゅ	外傷性動脈血腫	ime	名詞
がいしょうせいどうみゃくりゅう	外傷性動脈瘤	ime	名詞
がいしょうせいないじしんとうしょう	外傷性内耳振盪症	mac	名詞
がいしょうせいないじそんしょう	外傷性内耳損傷	ime	名詞
がいしょうせいないはんそく	外傷性内反足	ime	名詞
がいしょうせいなんちょう	外傷性難聴	ime	名詞
がいしょうせいにゅうびきょう	外傷性乳び胸	ime	名詞
がいしょうせいにょうどうそんしょう	外傷性尿道損傷	ime	名詞
がいしょうせいのうあっぱく	外傷性脳圧迫	ime	名詞
がいしょうせいのうしつないしゅっけつ	外傷性脳室内出血	ime	名詞
がいしょうせいのうしゅっけつ	外傷性脳出血	ime	名詞
がいしょうせいのうしょう	外傷性脳症	ime	名詞
がいしょうせいのうしょうがい	外傷性脳障害	mac	名詞
がいしょうせいのうしんけいそんしょう	外傷性脳神経損傷	ime	名詞
がいしょうせいのうそんしょう	外傷性脳損傷	ime	名詞
がいしょうせいのうどうみゃくりゅう	外傷性脳動脈瘤	ime	名詞
がいしょうせいのうないけっしゅ	外傷性脳内血腫	ime	名詞
がいしょうせいのうないしゅっけつ	外傷性脳内出血	ime	名詞
がいしょうせいのうふしゅ	外傷性脳浮腫	ime	名詞
がいしょうせいは	外傷性歯	ime	名詞
がいしょうせいはくないしょう	外傷性白内障	ime	名詞
がいしょうせいはなへんけい	外傷性鼻変形	ime	名詞
がいしょうせいはのけっそん	外傷性歯の欠損	ime	名詞
がいしょうせいはのはせつ	外傷性歯の破折	ime	名詞
がいしょうせいはのふくざつはせつ	外傷性歯の複雑破折	ime	名詞
がいしょうせいはれつ	外傷性破裂	ime	名詞
がいしょうせいはんこん	外傷性瘢痕	ime	名詞
がいしょうせいはんこんけろいど	外傷性瘢痕ケロイド	ime	名詞
がいしょうせいひかきしゅ	外傷性皮下気腫	ime	名詞
がいしょうせいひかけっしゅ	外傷性皮下血腫	ime	名詞
がいしょうせいひきしゅ	外傷性皮気腫	ime	名詞
がいしょうせいひそんしょう	外傷性脾損傷	ime	名詞
がいしょうせいひはれつ	外傷性脾破裂	ime	名詞
がいしょうせいひふけっそん	外傷性皮膚欠損	ime	名詞
がいしょうせいふくくうないしゅっけつ	外傷性腹腔内出血	ime	名詞
がいしょうせいふくびくうえん	外傷性副鼻腔炎	ime	名詞
がいしょうせいへんぺいそく	外傷性扁平足	ime	名詞
がいしょうせいぼし	外傷性母指	ime	名詞
がいしょうせいぼしCMかんせつしょう	外傷性母指CM関節症	ime	名詞
がいしょうせいぼししーえむかんせつしょう	外傷性母指CM関節症	ime	名詞
がいしょうせいまんせいこうまくかけっしゅ	外傷性慢性硬膜下血腫	ime	名詞
がいしょうせいむにょう	外傷性無尿	ime	名詞
がいしょうせいもうまくはくり	外傷性網膜剥離	ime	名詞
がいしょうせいようつうしょう	外傷性腰痛症	ime	名詞
がいしょうせいりょうあしせつだん	外傷性両足切断	ime	名詞
がいしょうせいりょうてせつだん	外傷性両手切断	ime	名詞
がいしょうせいりょくないしょう	外傷性緑内障	ime	名詞
がいしょうそうき	外傷早期	ime	名詞
がいしょうそうきてんかん	外傷早期てんかん	ime	名詞
がいしょうちょくごてんかん	外傷直後てんかん	ime	名詞
がいしろう	外歯瘻	ime	名詞
がいじ	外痔	ime	名詞
がいじ	外耳	both	名詞
がいじあくせいしゅよう	外耳悪性腫瘍	ime	名詞
がいじいじょう	外耳異常	mac	名詞
がいじえん	外耳炎	both	名詞
がいじかいほうそう	外耳開放創	ime	名詞
がいじかく	外痔核	both	名詞
がいじがいしょう	外耳外傷	ime	名詞
がいじきけい	外耳奇形	mac	名詞
がいじけつじょ	外耳欠如	ime	名詞
がいじこう	外耳孔	mac	名詞
がいじしっしん	外耳湿疹	ime	名詞
がいじしゅよう	外耳腫瘍	both	名詞
がいじそんしょう	外耳損傷	ime	名詞
がいじだぼくしょう	外耳打撲傷	ime	名詞
がいじつ	概日	mac	名詞
がいじつせい	概日性	mac	名詞
がいじつりずむ	概日リズム	mac	名詞
がいじどう	外耳道	both	名詞
がいじどうあくせいしゅよう	外耳道悪性腫瘍	ime	名詞
がいじどうあくせいしゅようしゅじ	外耳道悪性腫瘍手術	ime	名詞
がいじどうあつ	外耳道圧	mac	名詞
がいじどういぶつ	外耳道異物	both	名詞
がいじどういぶつかん	外耳道異物感	ime	名詞
がいじどういぶつじょきょじゅ	外耳道異物除去術	ime	名詞
がいじどういぶつそうにゅうこういしょう	外耳道異物挿入後遺症	ime	名詞
がいじどうえん	外耳道炎	both	名詞
がいじどうがいこつしゅ	外耳道外骨腫	ime	名詞
がいじどうがいしょう	外耳道外傷	ime	名詞
がいじどうがん	外耳道癌	ime	名詞
がいじどうきけい	外耳道奇形	ime	名詞
がいじどうけいせいしゅじゅつ	外耳道形成手術	ime	名詞
がいじどうけっそん	外耳道欠損	ime	名詞
がいじどうこっしゅせつじょじゅ	外耳道骨腫切除術	ime	名詞
がいじどうこつしゅ	外耳道骨腫	ime	名詞
がいじどうこつぞうせいせつじょ	外耳道骨増生切除術	ime	名詞
がいじどうこまくそんしょう	外耳道鼓膜損傷	ime	名詞
がいじどうさいけんじゅつ	外耳道再建術	mac	名詞
がいじどうしっしん	外耳道湿疹	both	名詞
がいじどうしゅ	外耳道腫	ime	名詞
がいじどうしゅういえん	外耳道周囲炎	ime	名詞
がいじどうしゅよう	外耳道腫瘍	ime	名詞
がいじどうしゅようてきしゅつじゅ	外耳道腫瘍摘出術	ime	名詞
がいじどうしゅりゅう	外耳道腫瘤	ime	名詞
がいじどうしんきんしょう	外耳道真菌症	ime	名詞
がいじどうしんじゅしゅ	外耳道真珠腫	ime	名詞
がいじどうしんじゅん	外耳道浸潤	ime	名詞
がいじどうそうしょう	外耳道創傷	ime	名詞
がいじどうそうそう	外耳道掻創	ime	名詞
がいじどうそんしょう	外耳道損傷	ime	名詞
がいじどうぞうせつじゅつ	外耳道造設術	ime	名詞
がいじどうつう	外耳道痛	ime	名詞
がいじどうなんこつえん	外耳道軟骨炎	ime	名詞
がいじどうにくげしゅ	外耳道肉芽腫	ime	名詞
がいじどうのうよう	外耳道膿瘍	ime	名詞
がいじどうひふりょうせいしゅよう	外耳道皮膚良性腫瘍	ime	名詞
がいじどうへいさ	外耳道閉鎖	ime	名詞
がいじどうへいさしょう	外耳道閉鎖症	mac	名詞
がいじどうへいそくせいかくかしょう	外耳道閉塞性角化症	ime	名詞
がいじどうほうかしきえん	外耳道蜂窩織炎	ime	名詞
がいじどうほうそうえん	外耳道蜂巣炎	ime	名詞
がいじどうぼはんさいぼうぼはん	外耳道母斑細胞母斑	ime	名詞
がいじどうぼーえんびょう	外耳道ボーエン病	ime	名詞
がいじのうかしん	外耳膿痂疹	ime	名詞
がいじびらん	外痔びらん	ime	名詞
がいじぶかつそう	外耳部割創	ime	名詞
がいじぶかんつうそう	外耳部貫通創	ime	名詞
がいじぶがいしょうせいいぶつ	外耳部外傷性異物	ime	名詞
がいじぶがいしょうせいしきそちんちゃく	外耳部外傷性色素沈着	ime	名詞
がいじぶがいしょうせいしゅちょう	外耳部外傷性腫脹	ime	名詞
がいじぶがいしょうせいひかいぶつ	外耳部外傷性皮下異物	ime	名詞
がいじぶこうそう	外耳部咬創	ime	名詞
がいじぶさっかそう	外耳部擦過創	ime	名詞
がいじぶざしょう	外耳部挫傷	ime	名詞
がいじぶざそう	外耳部挫創	ime	名詞
がいじぶしそう	外耳部刺創	ime	名詞
がいじぶせっそう	外耳部切創	ime	名詞
がいじぶそうしょう	外耳部創傷	ime	名詞
がいじぶだぼくしょう	外耳部打撲傷	ime	名詞
がいじぶちゅうししょう	外耳部虫刺傷	ime	名詞
がいじぶひかけっしゅ	外耳部皮下血腫	ime	名詞
がいじぶひかしゅっけつ	外耳部皮下出血	ime	名詞
がいじぽりーぷ	外痔ポリープ	ime	名詞
がいじゅうそうきん	外縦走筋	mac	名詞
がいじゅうそうきんそう	外縦走筋層	mac	名詞
がいじょうしぶんえん	外上四分円	mac	名詞
がいじれっしょう	外耳裂傷	ime	名詞
がいじれっそう	外耳裂創	ime	名詞
がいじろう	外痔瘻	ime	名詞
がいすいたいさいぼうそう	外錐体細胞層	mac	名詞
がいずいばん	外髄板	mac	名詞
がいせいき	外性器	both	名詞
がいせいきざめつしょう	外性器挫滅傷	ime	名詞
がいせいきざめつそう	外性器挫滅創	ime	名詞
がいせいきのぶんべんそんしょう	外性器の分娩損傷	ime	名詞
がいせいきんまく	外精筋膜	mac	名詞
がいせいしきゅうないまくしょう	外性子宮内膜症	ime	名詞
がいせいしょくき	外生殖器	both	名詞
がいせいしょくきあつざそんしょう	外生殖器圧挫損傷	ime	名詞
がいせつ	外節	mac	名詞
がいせん	外旋	mac	名詞
がいせん	外腺	mac	名詞
がいせんきん	外旋筋	ime	名詞
がいせんこうしゅく	外旋拘縮	ime	名詞
がいそう	咳嗽	both	名詞
がいそう	蓋層	mac	名詞
がいそうきん	外層筋	mac	名詞
がいそうはんしゃ	咳嗽反射	mac	名詞
がいそく	外側	both	名詞
がいそくえきかげき	外側腋窩隙	mac	名詞
がいそくえん	外側縁	mac	名詞
がいそくえんずいしょうこうぐん	外側延髄症候群	ime	名詞
がいそくか	外側顆	mac	名詞
がいそくかく	外側核	mac	名詞
がいそくかくぐん	外側核群	mac	名詞
がいそくがいてん	外側外転	mac	名詞
がいそくきゅうじょう	外側嗅条	mac	名詞
がいそくきょうきんしんけい	外側胸筋神経	mac	名詞
がいそくきょうじょうみゃく	外側胸静脈	mac	名詞
がいそくきょうどうみゃく	外側胸動脈	mac	名詞
がいそくけつじょうこつ	外側楔状骨	mac	名詞
がいそくこう	外側溝	mac	名詞
がいそくこうきん	外側広筋	mac	名詞
がいそくこうじょうぜっこつじんたい	外側甲状舌骨靱帯	mac	名詞
がいそくこうとうそくとうかい	外側後頭側頭回	mac	名詞
がいそくしっかしんけいしょうがい	外側膝窩神経傷害	ime	名詞
がいそくしっかしんけいしょうがい	外側膝窩神経障害	ime	名詞
がいそくしつじょうたい	外側膝状体	mac	名詞
がいそくしゅわんざしょう	外側手腕挫傷	ime	名詞
がいそくしんけいそく	外側神経束	mac	名詞
がいそくじょうか	外側上顆	mac	名詞
がいそくじょうかえん	外側上顆炎	both	名詞
がいそくじんたい	外側靱帯	mac	名詞
がいそくじんつうけい	外側陣痛計	mac	名詞
がいそくずいばん	外側髄板	mac	名詞
がいそくせきずいししょうろ	外側脊髄視床路	mac	名詞
がいそくせんこつどうみゃく	外側仙骨動脈	mac	名詞
がいそくぜつこうとうがいひだ	外側舌喉頭蓋ヒダ	mac	名詞
がいそくぜんわんひしんけい	外側前腕皮神経	mac	名詞
がいそくそくえんじょうみゃく	外側足縁静脈	mac	名詞
がいそくそくていしんけいそんしょう	外側足底神経損傷	ime	名詞
がいそくそくていどうみゃく	外側足底動脈	mac	名詞
がいそくそくふくじんたい	外側側副靭帯	mac	名詞
がいそくそくふくじんたい	外側側副靱帯	ime	名詞
がいそくそくふくじんたいそんしょう	外側側副靱帯損傷	ime	名詞
がいそくそくふくじんたいだんれつ	外側側副靱帯断裂	ime	名詞
がいそくそくふくじんたいねんざ	外側側副靱帯捻挫	ime	名詞
がいそくだいたいかいせんじょうみゃく	外側大腿回旋静脈	mac	名詞
がいそくだいたいかいせんどうみゃく	外側大腿回旋動脈	mac	名詞
がいそくだいたいひしんけいぶろっく	外側大腿皮神経ブロック	ime	名詞
がいそくちょくきん	外側直筋	mac	名詞
がいそくちょっきん	外側直筋	mac	名詞
がいそくとう	外側頭	mac	名詞
がいそくとうちょくきん	外側頭直筋	mac	名詞
がいそくはんきかん	外側半規管	mac	名詞
がいそくはんげつ	外側半月	both	名詞
がいそくはんげつのうしゅ	外側半月嚢腫	ime	名詞
がいそくはんげつばん	外側半月板	ime	名詞
がいそくはんげつばんかんとん	外側半月板嵌頓	ime	名詞
がいそくはんげつばんしょうがい	外側半月板障害	ime	名詞
がいそくはんげつばんそんしょう	外側半月板損傷	ime	名詞
がいそくはんげつばんだんれつ	外側半月板断裂	ime	名詞
がいそくはんげつばんへんせい	外側半月板変性	ime	名詞
がいそくひしつせきずいろ	外側皮質脊髄路	mac	名詞
がいそくびなんこつ	外側鼻軟骨	mac	名詞
がいそくびりゅうき	外側鼻隆起	mac	名詞
がいそくぶ	外側部	mac	名詞
がいそくほう	外側法	both	名詞
がいそくもうたい	外側毛帯	mac	名詞
がいそくもうたいかく	外側毛帯核	mac	名詞
がいそくよくとつきん	外側翼突筋	mac	名詞
がいそくりんじょうひれつきん	外側輪状披裂筋	mac	名詞
がいそくれんずかくせんじょうたいどうみゃく	外側レンズ核線条体動脈	mac	名詞
がいそくろ	外側路	mac	名詞
がいそくろくおうとつじんたい	外側肋横突靱帯	mac	名詞
がいそけい	外鼡径	ime	名詞
がいそけいへるにあ	外鼠径ヘルニア	ime	名詞
がいそけいへるにあ	外鼡径ヘルニア	both	名詞
がいそけいりん	外鼡径輪	mac	名詞
がいだんせいばん	外弾性板	both	名詞
がいちょうこつじょうみゃく	外腸骨静脈	both	名詞
がいちょうこつどうみゃく	外腸骨動脈	both	名詞
がいちょうこつどうみゃくきょうさく	外腸骨動脈狭窄	ime	名詞
がいちょうこつどうみゃくこうさぶ	外腸骨動脈交叉部	mac	名詞
がいちょくきん	外直筋	mac	名詞
がいちょくきんまひ	外直筋麻痺	ime	名詞
がいていけつあつしょうこうぐん	臥位低血圧症候群	mac	名詞
がいてん	外転	mac	名詞
がいてんい	外転位	mac	名詞
がいてんきん	外転筋	both	名詞
がいてんきんだんれつ	外転筋断裂	ime	名詞
がいてんこうしゅく	外転拘縮	ime	名詞
がいてんしょうがい	外転障害	mac	名詞
がいてんしんけい	外転神経	both	名詞
がいてんしんけいいしゅく	外転神経萎縮	ime	名詞
がいてんしんけいかく	外転神経核	mac	名詞
がいてんしんけいこんせいまひ	外転神経根性麻痺	ime	名詞
がいてんしんけいそんしょう	外転神経損傷	ime	名詞
がいてんしんけいふぜんまひ	外転神経不全麻痺	ime	名詞
がいてんしんけいまひ	外転神経麻痺	ime	名詞
がいてんそく	外転足	ime	名詞
がいてんぼし	外転母趾	ime	名詞
がいでぃんぐかてーてる	ガイディングカテーテル	ime	名詞
がいとうそう	外套層	mac	名詞
がいどか	ガイド下	ime	名詞
がいどくそ	外毒素	mac	名詞
がいなんこつしゅ	外軟骨腫	ime	名詞
がいにょうどうかつやくきん	外尿道括約筋	mac	名詞
がいにょうどうこう	外尿道口	both	名詞
がいにょうどうこうきょうさく	外尿道口狭窄	ime	名詞
がいにょうどうこうしゅよう	外尿道口腫瘍	ime	名詞
がいにょうどうこうせっかいじゅつ	外尿道口切開術	ime	名詞
がいにょうどうこうのうしゅ	外尿道口嚢腫	ime	名詞
がいにょうどうこうぶきけい	外尿道口部奇形	ime	名詞
がいにょうどうこうぶしゅよう	外尿道口部腫瘍	ime	名詞
がいにょうどうしゅようせつじょじ	外尿道腫瘍切除術	ime	名詞
がいにょうどうそんしょう	外尿道損傷	ime	名詞
がいにん	外妊	ime	名詞
がいはいよう	外胚葉	mac	名詞
がいはいよういけいせいしょう	外胚葉異形成症	ime	名詞
がいはいようせい	外胚葉性	mac	名詞
がいはいようせいぷらこーど	外胚葉性プラコード	mac	名詞
がいはいようゆらい	外胚葉由来	mac	名詞
がいはん	外反	mac	名詞
がいはんい	外反位	mac	名詞
がいはんかく	外反角	mac	名詞
がいはんこ	外反股	ime	名詞
がいはんし	外反歯	ime	名詞
がいはんしつ	外反膝	both	名詞
がいはんしゅ	外反手	ime	名詞
がいはんしょうそく	外反踵足	ime	名詞
がいはんそく	外反足	both	名詞
がいはんちゅう	外反肘	both	名詞
がいはんちゅうそく	外反中足	ime	名詞
がいはんへんぺいそく	外反扁平足	ime	名詞
がいはんぼし	外反母趾	both	名詞
がいばくりゅうしゅ	外麦粒腫	ime	名詞
がいばん	蓋板	mac	名詞
がいひせんてんいじょう	外皮先天異常	ime	名詞
がいひょう	外表	both	名詞
がいび	外鼻	both	名詞
がいびがいしょう	外鼻外傷	ime	名詞
がいびきけい	外鼻奇形	ime	名詞
がいびこう	外鼻孔	mac	名詞
がいびだぼく	外鼻打撲	ime	名詞
がいびへんけい	外鼻変形	ime	名詞
がいふくしゃきん	外腹斜筋	both	名詞
がいふくそくかく	外腹側核	mac	名詞
がいぶ	外部	ime	名詞
がいぶしょうしゃ	外部照射	mac	名詞
がいぶじゅようき	外部受容器	mac	名詞
がいぶひばく	外部被曝	mac	名詞
がいぶんぴ	外分泌	mac	名詞
がいぶんぴせん	外分泌腺	mac	名詞
がいへいさきん	外閉鎖筋	mac	名詞
がいへるにあ	外ヘルニア	ime	名詞
がいほう	外包	mac	名詞
がいほうし	外方視	mac	名詞
がいまく	外膜	mac	名詞
がいまく	蓋膜	mac	名詞
がいまくそう	外膜層	mac	名詞
がいもうじょうそう	外網状層	mac	名詞
がいゆうもうさいぼう	外有毛細胞	mac	名詞
がいよう	外用	ime	名詞
がいようえき	外用液	ime	名詞
がいようさん	外用散	ime	名詞
がいようさんざい	外用散剤	mac	名詞
がいようざい	外用剤	mac	名詞
がいようやくき	外用薬稀	ime	名詞
がいようやくきよーちん	外用薬稀ヨーチン	ime	名詞
がいらい	外来	ime	名詞
がいらいかんじゃ	外来患者	mac	名詞
がいらいきん	外来筋	mac	名詞
がいらんぽうまく	外卵胞膜	mac	名詞
がいりんぱ	外リンパ	mac	名詞
がいりんぱえき	外リンパ液	mac	名詞
がいりんぱくう	外リンパ腔	mac	名詞
がいりんぱろう	外リンパ瘻	both	名詞
がいろうこう	外瘻孔	mac	名詞
がいろっかんきん	外肋間筋	mac	名詞
がいろっかんまく	外肋間膜	mac	名詞
がかんきんきゅう	牙関緊急	ime	名詞
がきゅう	芽球	mac	名詞
がきゅうせい	芽球性	ime	名詞
がきゅうぞうかがたふおうせいひんけつ	芽球増加型不応性貧血	ime	名詞
がきゅうぞうかをともなうふおうせいひんけつ	芽球増加を伴う不応性貧血	ime	名詞
がくい	額位	both	名詞
がくいぶんべん	額位分娩	ime	名詞
がくか	顎下	both	名詞
がくかがたがましゅ	顎下型がま腫	ime	名詞
がくかげき	顎下隙	mac	名詞
がくかげきのうよう	顎下隙膿瘍	mac	名詞
がくかさんかく	顎下三角	mac	名詞
がくかしんけいせつ	顎下神経節	mac	名詞
がくかせん	顎下腺	both	名詞
がくかせんあくせいしゅようしゅじゅつ	顎下腺悪性腫瘍手術	ime	名詞
がくかせんあくせいしんせいぶつ	顎下腺悪性新生物	ime	名詞
がくかせんいしゅく	顎下腺萎縮	ime	名詞
がくかせんえん	顎下腺炎	ime	名詞
がくかせんかん	顎下腺管	mac	名詞
がくかせんかんえん	顎下腺管炎	ime	名詞
がくかせんがん	顎下腺癌	ime	名詞
がくかせんしゅよう	顎下腺腫瘍	ime	名詞
がくかせんしゅようてきしゅつじゅつ	顎下腺腫瘍摘出術	ime	名詞
がくかせんしゅりゅう	顎下腺腫瘤	ime	名詞
がくかせんたけいせんしゅ	顎下腺多形腺腫	ime	名詞
がくかせんだせきしょう	顎下腺唾石症	ime	名詞
がくかせんてきしゅつじゅつ	顎下腺摘出術	ime	名詞
がくかせんのうよう	顎下腺膿瘍	ime	名詞
がくかせんひだい	顎下腺肥大	ime	名詞
がくかせんりょうせいしゅよう	顎下腺良性腫瘍	ime	名詞
がくかせんろう	顎下腺瘻	ime	名詞
がくかのうよう	顎下膿瘍	ime	名詞
がくかぶ	顎下部	ime	名詞
がくかぶあくせいしゅよう	顎下部悪性腫瘍	ime	名詞
がくかぶけっかく	顎下部結核	ime	名詞
がくかぶしゅちょう	顎下部腫脹	ime	名詞
がくかぶしゅりゅう	顎下部腫瘤	ime	名詞
がくかぶのうしゅ	顎下部嚢腫	ime	名詞
がくかぶのうよう	顎下部膿瘍	ime	名詞
がくかりんぱせつ	顎下リンパ節	ime	名詞
がくかりんぱせつえん	顎下リンパ節炎	ime	名詞
がくかりんぱせつしゅちょう	顎下リンパ節腫脹	ime	名詞
がくかりんぱせんしゅちょう	顎下リンパ腺腫脹	ime	名詞
がくかんせつ	顎関節	both	名詞
がくかんせつあだっきゅう	顎関節亜脱臼	ime	名詞
がくかんせつえん	顎関節炎	ime	名詞
がくかんせつえんばんせいいじゅつ	顎関節円板整位術	ime	名詞
がくかんせつかつまくこつなんこつしゅしょう	顎関節滑膜骨軟骨腫症	ime	名詞
がくかんせつきょう	顎関節鏡	ime	名詞
がくかんせつきょうちょくしょう	顎関節強直症	ime	名詞
がくかんせつぎつうふう	顎関節偽痛風	ime	名詞
がくかんせつけいせいじゅつ	顎関節形成術	ime	名詞
がくかんせつけいぶかいほうこっせつ	顎関節頚部開放骨折	ime	名詞
がくかんせつけいぶこっせつ	顎関節頚部骨折	ime	名詞
がくかんせつこうちょく	顎関節硬直	ime	名詞
がくかんせつこうほうだっきゅう	顎関節後方脱臼	ime	名詞
がくかんせつこっとうこっせつ	顎関節骨頭骨折	ime	名詞
がくかんせつざつおん	顎関節雑音	ime	名詞
がくかんせつしょう	顎関節症	ime	名詞
がくかんせつしょう1がた	顎関節症I型	ime	名詞
がくかんせつしょう2がた	顎関節症II型	ime	名詞
がくかんせつしょう3aがた	顎関節症IIIa型	ime	名詞
がくかんせつしょう3bがた	顎関節症IIIb型	ime	名詞
がくかんせつしょう4がた	顎関節症IV型	ime	名詞
がくかんせつしょう5がた	顎関節症V型	ime	名詞
がくかんせつしょういちがた	顎関節症I型	ime	名詞
がくかんせつしょうこうぐん	顎関節症候群	ime	名詞
がくかんせつしょうごがた	顎関節症V型	ime	名詞
がくかんせつしょうさんaがた	顎関節症IIIa型	ime	名詞
がくかんせつしょうさんbがた	顎関節症IIIb型	ime	名詞
がくかんせつしょうにがた	顎関節症II型	ime	名詞
がくかんせつしょうよんがた	顎関節症IV型	ime	名詞
がくかんせつじゅどうじゅつ	顎関節授動術	ime	名詞
がくかんせつすとれいん	顎関節ストレイン	ime	名詞
がくかんせつぜんぽうだっきゅう	顎関節前方脱臼	ime	名詞
がくかんせつだっきゅう	顎関節脱臼	ime	名詞
がくかんせつだっきゅうかんけつてきし	顎関節脱臼観血的手術	ime	名詞
がくかんせつだっきゅうひかんけつてき	顎関節脱臼非観血的整復術	ime	名詞
がくかんせつちりょうようそうちはそん	顎関節治療用装置破損	ime	名詞
がくかんせつちりょうようそうちふてきごう	顎関節治療用装置不適合	ime	名詞
がくかんせつつう	顎関節痛	ime	名詞
がくかんせつつうしょうがい	顎関節痛障害	ime	名詞
がくかんせつとうつうきのうしょうがいしょうこうぐん	顎関節疼痛機能障害症候群	ime	名詞
がくかんせつとっきけつじょ	顎関節突起欠如	ime	名詞
がくかんせつとっきこっせつ	顎関節突起骨折	ime	名詞
がくかんせつねんざ	顎関節捻挫	ime	名詞
がくかんせつふぜんだっきゅう	顎関節不全脱臼	ime	名詞
がくかんせつぶかいほうそう	顎関節部開放創	ime	名詞
がくかんせつぶかつそう	顎関節部割創	ime	名詞
がくかんせつぶかんつうそう	顎関節部貫通創	ime	名詞
がくかんせつぶこうそう	顎関節部咬創	ime	名詞
がくかんせつぶさっかそう	顎関節部擦過創	ime	名詞
がくかんせつぶざしょう	顎関節部挫傷	ime	名詞
がくかんせつぶざそう	顎関節部挫創	ime	名詞
がくかんせつぶしそう	顎関節部刺創	ime	名詞
がくかんせつぶせっそう	顎関節部切創	ime	名詞
がくかんせつぶそうしょう	顎関節部創傷	ime	名詞
がくかんせつぶだぼくしょう	顎関節部打撲傷	ime	名詞
がくかんせつぶひかけっしゅ	顎関節部皮下血腫	ime	名詞
がくかんせつぶれっそう	顎関節部裂創	ime	名詞
がくがんめんかいほうこっせつ	顎顔面開放骨折	ime	名詞
がくがんめんきけい	顎顔面奇形	ime	名詞
がくがんめんこっせつ	顎顔面骨折	ime	名詞
がくけっそん	顎欠損	ime	名詞
がくこうがいれつけいせいしゅじゅつ	顎・口蓋裂形成手術	ime	名詞
がくこうちゅう	顎口虫	mac	名詞
がくこっせつ	顎骨折	ime	名詞
がくこつ	顎骨	ime	名詞
がくこついんぷらんとはそん	顎骨インプラント破損	ime	名詞
がくこついんぷらんとふてきごう	顎骨インプラント不適合	ime	名詞
がくこついんぷらんとよごふりょう	顎骨インプラント予後不良	ime	名詞
がくこつえん	顎骨炎	ime	名詞
がくこつがいこつしょう	顎骨外骨症	ime	名詞
がくこつこっせつ	顎骨骨折	ime	名詞
がくこつこつずいえん	顎骨骨髄炎	ime	名詞
がくこつこつまくえん	顎骨骨膜炎	ime	名詞
がくこつしゅようてきしゅつじゅつ	顎骨腫瘍摘出術	ime	名詞
がくこつせんいせいこついけいせいしょう	顎骨線維性骨異形成症	ime	名詞
がくこつないいぶつ	顎骨内異物	ime	名詞
がくこつのうほう	顎骨嚢胞	ime	名詞
がくざしょう	顎挫傷	ime	名詞
がくしゅう	学習能力	ime	名詞
がくしゅうこんなんじ	学習困難児	ime	名詞
がくしゅうしょうがい	学習障害	both	名詞
がくしゅうのうりょくのこんごうせいしょうがい	学習能力の混合性障害	ime	名詞
がくしゅうのうりょくのとくいてきはったつしょうがい	学習能力の特異的発達障害	ime	名詞
がくせいちゅうりかい	顎正中離解	mac	名詞
がくせつじょこういしょう	顎切除後遺症	ime	名詞
がくぜっこつきん	顎舌骨筋	mac	名詞
がくつう	顎痛	ime	名詞
がくていいじょうきゅうしゅう	顎堤異常吸収	ime	名詞
がくていぞうだい	顎堤増大	ime	名詞
がくどう	学童	ime	名詞
がくどうき	学童期	mac	名詞
がくどうけんしん	学童検診	ime	名詞
がくどうみゃく	顎動脈	mac	名詞
がくにふくきん	顎二腹筋	both	名詞
がくのひたいしょう	顎の非対称	ime	名詞
がくふこつ	顎腐骨	ime	名詞
がくぶ	額部	ime	名詞
がくぶ	顎部	ime	名詞
がくぶざしょう	額部挫傷	ime	名詞
がくぶざしょう	顎部挫傷	ime	名詞
がくぶしゅよう	顎部腫瘍	ime	名詞
がくぶしゅりゅう	顎部腫瘤	ime	名詞
がくぶだぼく	額部打撲	ime	名詞
がくぶだぼくしょう	顎部打撲傷	ime	名詞
がくぶひふりょうせいしゅよう	額部皮膚良性腫瘍	ime	名詞
がくへんけいしょう	顎変形症	both	名詞
がくほうしゃせんこつえし	顎放射線骨壊死	ime	名詞
がくほうせんきんしょう	顎放線菌症	ime	名詞
がくほてつぶつはそん	顎補綴物破損	ime	名詞
がくほてつぶつふてきごう	顎補綴物不適合	ime	名詞
がくれいき	学齢期	mac	名詞
がくれつ	顎裂	mac	名詞
がこうそう	鵞口瘡	both	名詞
がこうそうせいがいいんえん	鵞口瘡性外陰炎	ime	名詞
がしゅ	芽腫	mac	名詞
がしょうあんせい	臥床安静	mac	名詞
がしんきょうどう	画診共同	ime	名詞
がじゅつ	ガジュツ	ime	名詞
がすえそ	ガス壊疽	both	名詞
がすえそきん	ガス壊疽菌	mac	名詞
がすくろまと	ガスクロマト	mac	名詞
がすくろまとぐらふ	ガスクロマトグラフ	mac	名詞
がすくろまとぐらふぃー	ガスクロマトグラフィー	mac	名詞
がすくろまとぐらふほう	ガスクロマトグラフ法	mac	名詞
がすこうかん	ガス交換	mac	名詞
がすこんさん	ガスコン散	ime	名詞
がすさんせい	ガス産生	mac	名詞
がすさんせいきん	ガス産生菌	mac	名詞
がすじさつ	ガス自殺	ime	名詞
がすじさつみすい	ガス自殺未遂	ime	名詞
がすせぷとさん	ガスセプト散	ime	名詞
がすたい	ガス体	mac	名詞
がすたーさん	ガスター散	ime	名詞
がすちゅうどく	ガス中毒	ime	名詞
がすちゅうどくこういしょう	ガス中毒後遺症	ime	名詞
がすちゅうどくしょう	ガス中毒症	ime	名詞
がすつう	ガス痛	ime	名詞
がすとしおんさいりゅう	ガストシオン細粒	ime	名詞
がすとりのーま	ガストリノーマ	both	名詞
がすとりん	ガストリン	mac	名詞
がすとりんせいみつ	ガストリン	ime	名詞
がすとろかめら	ガストロカメラ	ime	名詞
がすとろぐらふぃん	ガストログラフィン	mac	名詞
がすとろぜぴんさいりゅう	ガストロゼピン細粒	ime	名詞
がすとろぴろーる	ガストロピロール	ime	名詞
がすとろーむかりゅう	ガストローム顆粒	ime	名詞
がすどっくさん	ガスドック散	ime	名詞
がすますいきしようますい	ガス麻酔器使用麻酔	ime	名詞
がすもちんさん	ガスモチン散	ime	名詞
がすろんねぬさいりゅう	ガスロンN細粒	ime	名詞
がそく	鵞足	mac	名詞
がそくえん	鵞足炎	ime	名詞
がそりんちゅうどく	ガソリン中毒	ime	名詞
がぞうけんさ	画像検査	mac	名詞
がぞうしんだん	画像診断	mac	名詞
がたおよ	型及	ime	名詞
がたかんえん	型肝炎	ime	名詞
がたきん	型筋	ime	名詞
がただい	型第	ime	名詞
がたとうにょうびょう	型糖尿病	ime	名詞
がたとうにょうびょうせい	型糖尿病性	ime	名詞
がたとうにょうびょうせいこう	型糖尿病性高	ime	名詞
がたとうにょうびょうせいじりつしんけい	型糖尿病性自律神経	ime	名詞
がたとうにょうびょうせいじんしょうだい	型糖尿病性腎症第	ime	名詞
がたとうにょうびょうせいたはつ	型糖尿病性多発	ime	名詞
がたとうにょうびょうせいたん	型糖尿病性単	ime	名詞
がたむ	型無	ime	名詞
がちふろてんがんえき	ガチフロ点眼液	ime	名詞
がっか	顎下	mac	名詞
がっかげき	顎下隙	mac	名詞
がっかげきのうよう	顎下隙膿瘍	mac	名詞
がっかせん	顎下腺	mac	名詞
がっかせんかん	顎下腺管	mac	名詞
がっこうきょうふしょう	学校恐怖症	ime	名詞
がっこうきんし	学校近視	ime	名詞
がっこうけんしん	学校検診	ime	名詞
がっこうちゅうしょう	顎口虫症	ime	名詞
がっこうほけん	学校保健	mac	名詞
がっぺい	合併	ime	名詞
がっぺいしょう	合併症	ime	名詞
がっぺいしょうがい	合併障害	mac	名詞
がひ	鵞皮	mac	名詞
がふきーごうすう	Gaffky号数	ime	名詞
がふきーごうすう	ガフキー号数	ime	名詞
がほう	芽胞	mac	名詞
がましゅ	がま腫	both	名詞
がましゅ	ガマ腫	ime	名詞
がましゅせっかいじゅつ	がま腫切開術	ime	名詞
がましゅてきしゅつじゅつ	がま腫摘出術	ime	名詞
がむてすと	ガムテスト	mac	名詞
がもふぁーさん	ガモファー散	ime	名詞
がらくときなーぜけっそんしょう	ガラクトキナーゼ欠損症	ime	名詞
がらくとしありどーしす	ガラクトシアリドーシス	ime	名詞
がらくとしだーぜ	ガラクトシダーゼ	mac	名詞
がらくとーす	ガラクトース	both	名詞
がらくとーす1りんさんうりじるとらんすふぇらーぜけっそんしょう	ガラクトース-1-リン酸ウリジルトランスフェラーゼ欠損症	ime	名詞
がらくとーすけっしょう	ガラクトース血症	both	名詞
がらくとーすにょうしょう	ガラクトース尿症	both	名詞
がらすあつほう	ガラス圧法	mac	名詞
がらすこうはくないしょう	ガラス工白内障	mac	名詞
がらすなんこつ	ガラス軟骨	mac	名詞
がらすまく	ガラス膜	mac	名詞
がらん	鵞卵	mac	名詞
がらんたーぜさん	ガランターゼ散	ime	名詞
がらんだい	鵞卵大	mac	名詞
がるさんしょうこうぐん	ガルサン症候群	ime	名詞
がるとねるのうしゅ	ガルトネル嚢腫	ime	名詞
がれあっちこっせつ	ガレアッチ骨折	ime	名詞
がれきのしたのいりょう	瓦礫の下の医療	mac	名詞
がれしろーるてんがんえき	ガレシロール点眼液	ime	名詞
がれのきさしん	ガレノキサシン	mac	名詞
がれのすじょうみゃく	ガレノス静脈	mac	名詞
がれんじょうみゃくきけい	ガレン静脈奇形	ime	名詞
がれんだいじょうみゃくりゅう	ガレン大静脈瘤	ime	名詞
がれんどぴんさいりゅう	ガレンドピン細粒	ime	名詞
がん	がん	mac	名詞
がん	癌	both	名詞
がんあつけい	眼圧計	mac	名詞
がんあつこうしん	眼圧亢進	mac	名詞
がんあつそくてい	眼圧測定	mac	名詞
がんあつていか	眼圧低下	mac	名詞
がんい	眼位	mac	名詞
がんい	顔位	both	名詞
がんいいじょう	眼位異常	mac	名詞
がんいけいせい	眼異形成	ime	名詞
がんいせいがんしん	眼位性眼振	ime	名詞
がんいでんし	がん遺伝子	mac	名詞
がんいぶんべん	顔位分娩	ime	名詞
がんうっけつ	眼うっ血	ime	名詞
がんえん	眼炎	both	名詞
がんおうはんぶれっこう	眼黄斑部裂孔	ime	名詞
がんおんこせるかしょう	眼オンコセルカ症	ime	名詞
がんか	癌化	ime	名詞
がんか	眼窩	ime	名詞
がんかあくせい	眼窩悪性	ime	名詞
がんかあくせいしゅよう	眼窩悪性腫瘍	ime	名詞
がんかあくせいしゅようしゅじゅつ	眼窩悪性腫瘍手術	ime	名詞
がんかあくせいりんぱしゅ	眼窩悪性リンパ腫	ime	名詞
がんかいしゅく	眼窩萎縮	ime	名詞
がんかうっけつ	眼窩うっ血	ime	名詞
がんかえきのこっくす	眼窩エキノコックス	ime	名詞
がんかえん	眼窩炎	ime	名詞
がんかえんけいせいしゅじゅつ	眼窩縁形成手術	ime	名詞
がんかえんせいぎしゅよう	眼窩炎性偽腫瘍	ime	名詞
がんかえんだぼくしょう	眼窩縁打撲傷	ime	名詞
がんかおうもんきんにくしゅ	眼窩横紋筋肉腫	ime	名詞
がんかかかん	眼窩下管	mac	名詞
がんかかきん	眼窩下筋	mac	名詞
がんかかくへきしかんしょう	眼窩隔壁弛緩症	ime	名詞
がんかかくまく	眼窩隔膜	mac	名詞
がんかかこう	眼窩下孔	mac	名詞
がんかかこう	眼窩下溝	mac	名詞
がんかかこうぶしんけいせつだんじ	眼窩下孔部神経切断術	ime	名詞
がんかかしんけい	眼窩下神経	mac	名詞
がんかかしんけいぶろっく	眼窩下神経ブロック	ime	名詞
がんかかのうよう	眼窩下膿瘍	ime	名詞
がんかがいこつしゅしょう	眼窩外骨腫症	ime	名詞
がんかがくいこつしょう	眼下顎異骨症	ime	名詞
がんかがくねっしょう	眼化学熱傷	ime	名詞
がんかきんえん	眼窩筋炎	ime	名詞
がんかく	眼角	mac	名詞
がんかくきていさいぼうがん	眼角基底細胞癌	ime	名詞
がんかくぜいひ	眼角贅皮	mac	名詞
がんかくのひふじょうひないがん	眼角の皮膚上皮内癌	ime	名詞
がんかくひふがん	眼角皮膚癌	ime	名詞
がんかくひふじょうひないがん	眼角皮膚上皮内癌	ime	名詞
がんかくぶいぶつ	眼角部異物	ime	名詞
がんかくぶがんけんえん	眼角部眼瞼炎	ime	名詞
がんかくぶがんけんえんけつまくえん	眼角部眼瞼縁結膜炎	ime	名詞
がんかくゆうきょくさいぼうがん	眼角有棘細胞癌	ime	名詞
がんかけいせいふぜん	眼窩形成不全	ime	名詞
がんかけっかんしぼうしゅ	眼窩血管脂肪腫	ime	名詞
がんかけっしゅ	眼窩血腫	ime	名詞
がんかこっせつ	眼窩骨折	ime	名詞
がんかこっせつかんけつてきしゅじゅつ	眼窩骨折観血的手術	ime	名詞
がんかこっせつせいふくじゅつ	眼窩骨折整復術	ime	名詞
がんかこつずいえん	眼窩骨髄炎	ime	名詞
がんかこつまくえん	眼窩骨膜炎	ime	名詞
がんかしそう	眼窩刺創	ime	名詞
がんかしぼう	眼窩脂肪	ime	名詞
がんかしぼうしゅ	眼窩脂肪腫	ime	名詞
がんかしぼうへるにあ	眼窩脂肪ヘルニア	ime	名詞
がんかしゅっけつ	眼窩出血	ime	名詞
がんかしゅよう	眼窩腫瘍	both	名詞
がんかしゅりゅう	眼窩腫瘤	ime	名詞
がんかしんけいがさいぼうしゅ	眼窩神経芽細胞腫	ime	名詞
がんかしんけいがしゅ	眼窩神経芽腫	ime	名詞
がんかしんけいせんいしゅ	眼窩神経線維腫	ime	名詞
がんかしんけいつう	眼窩神経痛	ime	名詞
がんかじょうがいかいほうこっせつ	眼窩上蓋開放骨折	ime	名詞
がんかじょうがいかんぼつこっせつ	眼窩上蓋陥没骨折	ime	名詞
がんかじょうがいこっせつ	眼窩上蓋骨折	ime	名詞
がんかじょうこう	眼窩上孔	mac	名詞
がんかじょうしんけいざしょう	眼窩上神経挫傷	ime	名詞
がんかじょうしんけいつう	眼窩上神経痛	ime	名詞
がんかじょうしんけいぶろっく	眼窩上神経ブロック	ime	名詞
がんかじょうせっこん	眼窩上切痕	mac	名詞
がんかせんいしゅ	眼窩線維腫	ime	名詞
がんかせんたんしょうこうぐん	眼窩先端症候群	ime	名詞
がんかせんたんぶしょうこうぐん	眼窩先端部症候群	ime	名詞
がんかせんてんいじょう	眼窩先天異常	ime	名詞
がんかせんはつ	眼華閃発	ime	名詞
がんかせんぱつ	眼華閃発	mac	名詞
がんかそうしょう	眼窩創傷	ime	名詞
がんかてい	眼窩底	mac	名詞
がんかていかいほうこっせつ	眼窩底開放骨折	ime	名詞
がんかていこっせつ	眼窩底骨折	ime	名詞
がんかない	眼窩内	ime	名詞
がんかないいぶつ	眼窩内異物	ime	名詞
がんかないいぶつざんりゅう	眼窩内異物残留	ime	名詞
がんかないいぶつじょきょじゅつ	眼窩内異物除去術	ime	名詞
がんかないぎせいしゅよう	眼窩内偽性腫瘍	ime	名詞
がんかないけっかんしゅ	眼窩内血管腫	ime	名詞
がんかないしっかん	眼窩内疾患	ime	名詞
がんかないしゅよう	眼窩内腫瘍	ime	名詞
がんかないしゅようてきしゅつじゅつ	眼窩内腫瘍摘出術	ime	名詞
がんかないしゅりゅう	眼窩内腫瘤	ime	名詞
がんかないしんけいしょうしゅ	眼窩内神経鞘腫	ime	名詞
がんかないずいまくしゅ	眼窩内髄膜腫	ime	名詞
がんかないそくへきこっせつ	眼窩内側壁骨折	ime	名詞
がんかないねんえきしゅ	眼窩内粘液腫	ime	名詞
がんかないへきこっせつ	眼窩内壁骨折	ime	名詞
がんかないようじょきょじゅつ	眼窩内容除去術	ime	名詞
がんかないりょうせいしゅよう	眼窩内良性腫瘍	ime	名詞
がんかのうほう	眼窩嚢胞	ime	名詞
がんかのうよう	眼窩膿瘍	ime	名詞
がんかのうようせっかいじゅつ	眼窩膿瘍切開術	ime	名詞
がんかふきぬけこっせつ	眼窩吹き抜け骨折	both	名詞
がんかふしゅ	眼窩浮腫	ime	名詞
がんかぶ	眼窩部	both	名詞
がんかぶざそう	眼窩部挫創	ime	名詞
がんかぶしゅよう	眼窩部腫瘍	ime	名詞
がんかぶしゅりゅう	眼窩部腫瘤	ime	名詞
がんかぶそう	眼窩部創	ime	名詞
がんかぶだぼく	眼窩部打撲	ime	名詞
がんかぶだぼくしょう	眼窩部打撲傷	ime	名詞
がんかぶつう	眼窩部痛	ime	名詞
がんかぶれっしょう	眼窩部裂傷	ime	名詞
がんかへき	眼窩壁	mac	名詞
がんかへきこっせつ	眼窩壁骨折	mac	名詞
がんかへんけい	眼窩変形	ime	名詞
がんかへんけいちゆこっせつ	眼窩変形治癒骨折	ime	名詞
がんかほうかしきえん	眼窩蜂窩織炎	ime	名詞
がんかほうそうえん	眼窩蜂巣炎	both	名詞
がんかほうそうしきえん	眼窩蜂巣織炎	ime	名詞
がんかますい	眼科麻酔	mac	名詞
がんかめん	眼窩面	mac	名詞
がんかようざい	眼科用剤	mac	名詞
がんかりょうせいしゅよう	眼窩良性腫瘍	ime	名詞
がんかりょうせいしんせいぶつ	眼窩良性新生物	ime	名詞
がんかれっしょう	眼窩裂傷	ime	名詞
がんかんかいり	眼間開離	mac	名詞
がんかんれんこうげん	癌関連抗原	mac	名詞
がんかんれんもうまくしょう	癌関連網膜症	ime	名詞
がんがい	眼外	mac	名詞
がんがいしょう	眼外傷	both	名詞
がんき	含気	mac	名詞
がんきか	含気化	mac	名詞
がんきけい	眼奇形	ime	名詞
がんきこつ	含気骨	mac	名詞
がんきゅう	眼球	ime	名詞
がんきゅういしゅくしょう	眼球萎縮症	ime	名詞
がんきゅううんどう	眼球運動	ime	名詞
がんきゅううんどうけいれん	眼球運動痙攣	ime	名詞
がんきゅううんどうしょうがい	眼球運動障害	ime	名詞
がんきゅううんどうじすきねじあ	眼球運動ジスキネジア	ime	名詞
がんきゅうえん	眼球炎	ime	名詞
がんきゅうかしょう	眼球火傷	ime	名詞
がんきゅうかんそうしょうこうぐん	眼球乾燥症候群	ime	名詞
がんきゅうかんぼつ	眼球陥没	ime	名詞
がんきゅうがいしょう	眼球外傷	ime	名詞
がんきゅうきょうどううんどうしょうがい	眼球共同運動障害	ime	名詞
がんきゅうけいせいふぜん	眼球形成不全	ime	名詞
がんきゅうけつまく	眼球結膜	mac	名詞
がんきゅうけつまくれっしょう	眼球結膜裂傷	ime	名詞
がんきゅうこうきょくぶ	眼球後極部	ime	名詞
がんきゅうこうきょくぶのせんてんきけい	眼球後極部の先天奇形	ime	名詞
がんきゅうこうたいしょうこうぐん	眼球後退症候群	ime	名詞
がんきゅうこうへきいぶつざんりゅう	眼球後壁異物残留	ime	名詞
がんきゅうしゃい	眼球斜位	ime	名詞
がんきゅうしゅういぶひょうざいそんしょう	眼球周囲部表在損傷	ime	名詞
がんきゅうしゅっけつ	眼球出血	ime	名詞
がんきゅうしんけいまく	眼球神経膜	mac	名詞
がんきゅうしんとう	眼球振盪	both	名詞
がんきゅうせんつうしょう	眼球穿通傷	ime	名詞
がんきゅうせんつうそう	眼球穿通創	ime	名詞
がんきゅうそんしょう	眼球損傷	ime	名詞
がんきゅうだっきゅう	眼球脱臼	ime	名詞
がんきゅうだぼくしょう	眼球打撲傷	ime	名詞
がんきゅうてきしゅつ	眼球摘出	ime	名詞
がんきゅうてきしゅつおよ	眼球摘出及	ime	名詞
がんきゅうてきしゅつおよびそしきまた	眼球摘出及び組織又は義眼台充填術	ime	名詞
がんきゅうてきしゅつじゅつ	眼球摘出術	ime	名詞
がんきゅうでんず	眼球電図	mac	名詞
がんきゅうとうはんしゃ	眼球頭反射	mac	名詞
がんきゅうとっしゅつ	眼球突出	both	名詞
がんきゅうとっしゅつしょう	眼球突出症	ime	名詞
がんきゅうとっしゅつせいがんきんまひ	眼球突出性眼筋麻痺	ime	名詞
がんきゅうとっしゅつせいこうじょうせんしゅ	眼球突出性甲状腺腫	ime	名詞
がんきゅうとっしゅつど	眼球突出度	ime	名詞
がんきゅうないいぶつ	眼球内異物	ime	名詞
がんきゅうないいぶつざんりゅう	眼球内異物残留	ime	名詞
がんきゅうないしゅっけつ	眼球内出血	ime	名詞
がんきゅうないてつへんがいしょう	眼球内鉄片外傷	ime	名詞
がんきゅうないようじょきょじゅつ	眼球内容除去術	ime	名詞
がんきゅうねっしょう	眼球熱傷	ime	名詞
がんきゅうはれつ	眼球破裂	ime	名詞
がんきゅうへきせんこうがいしょう	眼球壁穿孔外傷	ime	名詞
がんきゅうへんい	眼球偏位	ime	名詞
がんきゅうれっしょう	眼球裂傷	ime	名詞
がんきゅうろう	眼球ろう	ime	名詞
がんきゅうろう	眼球癆	ime	名詞
がんきょうけっしゅ	眼鏡血腫	mac	名詞
がんきょうようけっしゅ	眼鏡様血腫	ime	名詞
がんきょうようひかしゅっけつ	眼鏡様皮下出血	ime	名詞
がんきょけつしょうこうぐん	眼虚血症候群	both	名詞
がんきょけつしょうじょう	眼虚血症状	mac	名詞
がんきりょう	含気量	mac	名詞
がんきん	眼筋	ime	名詞
がんきん	顔筋	ime	名詞
がんきんいどうじゅつ	眼筋移動術	ime	名詞
がんきんいんとうがたきん	眼筋咽頭型筋	ime	名詞
がんきんいんとうがたきんじすとろふぃー	眼筋咽頭型筋ジストロフィー	ime	名詞
がんきんがた	眼筋型	mac	名詞
がんきんがたきん	眼筋型筋	ime	名詞
がんきんがたきんじすとろふぃー	眼筋型筋ジストロフィー	ime	名詞
がんきんがたきんむりょくしょう	眼筋型筋無力症	ime	名詞
がんきんがたじゅうしょうきんむりょくしょう	眼筋型重症筋無力症	ime	名詞
がんきんせいじゅうしょうきんむりょくしょう	眼筋性重症筋無力症	ime	名詞
がんきんないいぶつ	眼筋内異物	ime	名詞
がんきんないいぶつざんりゅう	眼筋内異物残留	ime	名詞
がんきんふぜんまひ	眼筋不全麻痺	ime	名詞
がんきんまひ	眼筋麻痺	both	名詞
がんきんまひせいがんしん	眼筋麻痺性眼振	ime	名詞
がんきんまひせいずつう	眼筋麻痺性頭痛	ime	名詞
がんきんまひせいへんずつう	眼筋麻痺性片頭痛	ime	名詞
がんぐりおしど	ガングリオシド	mac	名詞
がんぐりおしどーしす	ガングリオシドーシス	ime	名詞
がんぐりおん	ガングリオン	both	名詞
がんぐりおんあっさいほう	ガングリオン圧砕法	ime	名詞
がんぐりおんせんしじゅつ	ガングリオン穿刺術	ime	名詞
がんぐりおんてきしゅつじゅつ	ガングリオン摘出術	ime	名詞
がんぐりおんのうほう	ガングリオン嚢胞	mac	名詞
がんぐりおーま	ガングリオーマ	ime	名詞
がんけいれん	眼痙攣	ime	名詞
がんけっかく	眼結核	ime	名詞
がんけつまく	眼結膜	ime	名詞
がんけつまくのういしゅく	眼結膜嚢萎縮	ime	名詞
がんけん	眼瞼	both	名詞
がんけんあくせいこくしょくしゅ	眼瞼悪性黒色腫	ime	名詞
がんけんいぶつ	眼瞼異物	ime	名詞
がんけんいぶつざんりゅう	眼瞼異物残留	ime	名詞
がんけんいぼ	眼瞼いぼ	ime	名詞
がんけんえん	眼瞼炎	ime	名詞
がんけんえん	眼瞼縁	mac	名詞
がんけんえんえん	眼瞼縁炎	ime	名詞
がんけんえんけつまくえん	眼瞼縁結膜炎	ime	名詞
がんけんおうしょくしゅ	眼瞼黄色腫	both	名詞
がんけんおうしょくばんしょう	眼瞼黄色板症	ime	名詞
がんけんかいほうそう	眼瞼開放創	ime	名詞
がんけんかがくねっしょう	眼瞼化学熱傷	ime	名詞
がんけんかしょう	眼瞼火傷	ime	名詞
がんけんかすい	眼瞼下垂	both	名詞
がんけんかすいしょう	眼瞼下垂症	ime	名詞
がんけんかすいしょうしゅじゅつ	眼瞼下垂症手術	ime	名詞
がんけんかつそう	眼瞼割創	ime	名詞
がんけんかんつうそう	眼瞼貫通創	ime	名詞
がんけんかんはん	眼瞼肝斑	ime	名詞
がんけんかんぴしょう	眼瞼乾皮症	ime	名詞
がんけんがいしょう	眼瞼外傷	ime	名詞
がんけんがいしょうせいいぶつ	眼瞼外傷性異物	ime	名詞
がんけんがいしょうせいしきそちんちゃく	眼瞼外傷性色素沈着	ime	名詞
がんけんがいしょうせいしゅちょう	眼瞼外傷性腫脹	ime	名詞
がんけんがいしょうせいひかいぶつ	眼瞼外傷性皮下異物	ime	名詞
がんけんがいはん	眼瞼外反	ime	名詞
がんけんがいはんしょう	眼瞼外反症	ime	名詞
がんけんがいはんしょうしゅじゅつ	眼瞼外反症手術	ime	名詞
がんけんきょうさく	眼瞼狭窄	ime	名詞
がんけんけいれん	眼瞼痙攣	ime	名詞
がんけんけいれんしょう	眼瞼痙攣症	ime	名詞
がんけんけっかく	眼瞼結核	ime	名詞
がんけんけっかんしぼうしゅ	眼瞼血管脂肪腫	ime	名詞
がんけんけっかんしゅ	眼瞼血管腫	ime	名詞
がんけんけっしゅ	眼瞼血腫	ime	名詞
がんけんけっそん	眼瞼欠損	ime	名詞
がんけんけつまく	眼瞼結膜	mac	名詞
がんけんけつまくあくせいしゅようしゅし	眼瞼結膜悪性腫瘍手術	ime	名詞
がんけんけつまくえん	眼瞼結膜炎	ime	名詞
がんけんけつまくしゅっけつ	眼瞼結膜出血	ime	名詞
がんけんけつまくしゅようしゅじゅつ	眼瞼結膜腫瘍手術	ime	名詞
がんけんげかん	眼瞼下疳	ime	名詞
がんけんこうそう	眼瞼咬創	ime	名詞
がんけんこうたいしょう	眼瞼後退症	ime	名詞
がんけんこうれん	眼瞼交連	mac	名詞
がんけんさっかそう	眼瞼擦過創	ime	名詞
がんけんざしょう	眼瞼挫傷	ime	名詞
がんけんざそう	眼瞼挫創	ime	名詞
がんけんしこうしょう	眼瞼刺咬傷	ime	名詞
がんけんしせんがん	眼瞼脂腺癌	ime	名詞
がんけんしそう	眼瞼刺創	ime	名詞
がんけんしちゅうしょう	眼瞼刺虫症	ime	名詞
がんけんしっしん	眼瞼湿疹	ime	名詞
がんけんしぼうしゅ	眼瞼脂肪腫	ime	名詞
がんけんしゅういえん	眼瞼周囲炎	ime	名詞
がんけんしゅくしょう	眼瞼縮小	ime	名詞
がんけんしゅちょう	眼瞼腫脹	both	名詞
がんけんしゅよう	眼瞼腫瘍	mac	名詞
がんけんしゅりゅう	眼瞼腫瘤	ime	名詞
がんけんしん	がん検診	mac	名詞
がんけんしん	癌検診	ime	名詞
がんけんじょうひないこくしょくしゅ	眼瞼上皮内黒色腫	ime	名詞
がんけんじんたい	眼瞼靱帯	mac	名詞
がんけんすぱすむす	眼瞼スパスムス	ime	名詞
がんけんせいしょくぼはん	眼瞼青色母斑	ime	名詞
がんけんせっかいかじょうひしゅ	眼瞼石灰化上皮腫	ime	名詞
がんけんせっそう	眼瞼切創	ime	名詞
がんけんせんてんいじょう	眼瞼先天異常	ime	名詞
がんけんそうしょう	眼瞼創傷	ime	名詞
がんけんたいじょうへるぺす	眼瞼帯状ヘルペス	ime	名詞
がんけんたいじょうほうしん	眼瞼帯状疱疹	ime	名詞
がんけんたもうしょう	眼瞼多毛症	ime	名詞
がんけんたんじゅん	眼瞼単純	ime	名詞
がんけんたんじゅんへるぺす	眼瞼単純ヘルペス	ime	名詞
がんけんだい	眼瞼第	ime	名詞
がんけんだい1どねっしょう	眼瞼第1度熱傷	ime	名詞
がんけんだい2どねっしょう	眼瞼第2度熱傷	ime	名詞
がんけんだい3どねっしょう	眼瞼第3度熱傷	ime	名詞
がんけんだいいちどねっしょう	眼瞼第1度熱傷	ime	名詞
がんけんだいさんどねっしょう	眼瞼第3度熱傷	ime	名詞
がんけんだいにどねっしょう	眼瞼第2度熱傷	ime	名詞
がんけんだぼくしょう	眼瞼打撲傷	ime	名詞
がんけんちっく	眼瞼チック	ime	名詞
がんけんちゅうししょう	眼瞼虫刺傷	ime	名詞
がんけんないはん	眼瞼内反	ime	名詞
がんけんないはんしょう	眼瞼内反症	ime	名詞
がんけんないはんしょうしゅじゅつ	眼瞼内反症手術	ime	名詞
がんけんにゅうとうしゅ	眼瞼乳頭腫	ime	名詞
がんけんねっしょう	眼瞼熱傷	ime	名詞
がんけんのあくせいこくしょくしゅ	眼瞼の悪性黒色腫	ime	名詞
がんけんのうようせっかいじゅつ	眼瞼膿瘍切開術	ime	名詞
がんけんのひふじょうひないがん	眼瞼の皮膚上皮内癌	ime	名詞
がんけんはくはん	眼瞼白斑	ime	名詞
がんけんはんこん	眼瞼瘢痕	ime	名詞
がんけんはんしゃ	眼瞼反射	mac	名詞
がんけんばいどく	眼瞼梅毒	ime	名詞
がんけんひかけっしゅ	眼瞼皮下血腫	ime	名詞
がんけんひかしゅっけつ	眼瞼皮下出血	both	名詞
がんけんひふ	眼瞼皮膚	ime	名詞
がんけんひふえん	眼瞼皮膚炎	ime	名詞
がんけんひふさっかしょう	眼瞼皮膚擦過傷	ime	名詞
がんけんひふしかんしょう	眼瞼皮膚弛緩症	ime	名詞
がんけんひふじょうひないがん	眼瞼皮膚上皮内癌	ime	名詞
がんけんひふのあくせいしゅよう	眼瞼皮膚の悪性腫瘍	ime	名詞
がんけんひふれっしょう	眼瞼皮膚裂傷	ime	名詞
がんけんひょうざいそんしょう	眼瞼表在損傷	ime	名詞
がんけんびらん	眼瞼びらん	ime	名詞
がんけんふしゅ	眼瞼浮腫	ime	名詞
がんけんぶ	眼瞼部	mac	名詞
がんけんぶざしょう	眼瞼部挫傷	ime	名詞
がんけんぶざそう	眼瞼部挫創	ime	名詞
がんけんぶしゅよう	眼瞼部腫瘍	ime	名詞
がんけんへるぺす	眼瞼ヘルペス	ime	名詞
がんけんへんけい	眼瞼変形	ime	名詞
がんけんへんせいせいしょうがい	眼瞼変性性障害	ime	名詞
がんけんほうかしきえん	眼瞼蜂窩織炎	ime	名詞
がんけんほうそうえん	眼瞼蜂巣炎	ime	名詞
がんけんぼはん	眼瞼母斑	ime	名詞
がんけんぼはんさいぼうぼはん	眼瞼母斑細胞母斑	ime	名詞
がんけんめらのーしす	眼瞼メラノーシス	ime	名詞
がんけんめるけるさいぼうがん	眼瞼メルケル細胞癌	ime	名詞
がんけんゆうぜい	眼瞼疣贅	ime	名詞
がんけんゆちゃく	眼瞼癒着	ime	名詞
がんけんりょうせいしゅりゅう	眼瞼良性腫瘤	ime	名詞
がんけんれっそう	眼瞼裂創	ime	名詞
がんけんれつ	眼瞼裂	mac	名詞
がんけんろうこう	眼瞼瘻孔	ime	名詞
がんこくち	がん告知	mac	名詞
がんこなせき	頑固な咳	mac	名詞
がんごさ	ガンゴサ	ime	名詞
がんさいぼう	癌細胞	mac	名詞
がんさるこいどーしす	眼サルコイドーシス	ime	名詞
がんさーしょうこうぐん	ガンサー症候群	ime	名詞
がんし	癌死	mac	名詞
がんし	眼脂	both	名詞
がんしきそせいぼはん	顔色素性母斑	ime	名詞
がんしくろびる	ガンシクロビル	mac	名詞
がんしししょうこうぐん	眼・歯・指症候群	ime	名詞
がんしせい	含歯性	ime	名詞
がんしせいのうほう	含歯性嚢胞	both	名詞
がんしゅういかがくねっしょう	眼周囲化学熱傷	ime	名詞
がんしゅういだい	眼周囲第	ime	名詞
がんしゅういだい1どねっしょう	眼周囲第1度熱傷	ime	名詞
がんしゅういだい2どねっしょう	眼周囲第2度熱傷	ime	名詞
がんしゅういだい3どねっしょう	眼周囲第3度熱傷	ime	名詞
がんしゅういだいいちどねっしょう	眼周囲第1度熱傷	ime	名詞
がんしゅういだいさんどねっしょう	眼周囲第3度熱傷	ime	名詞
がんしゅういだいにどねっしょう	眼周囲第2度熱傷	ime	名詞
がんしゅういひふれっしょう	眼周囲皮膚裂傷	ime	名詞
がんしゅういぶかいほうそう	眼周囲部開放創	ime	名詞
がんしゅういぶかつそう	眼周囲部割創	ime	名詞
がんしゅういぶかんつうそう	眼周囲部貫通創	ime	名詞
がんしゅういぶがいしょうせいいぶつ	眼周囲部外傷性異物	ime	名詞
がんしゅういぶがいしょうせいしきそちんちゃく	眼周囲部外傷性色素沈着	ime	名詞
がんしゅういぶがいしょうせいしゅちょう	眼周囲部外傷性腫脹	ime	名詞
がんしゅういぶがいしょうせいひかいぶつ	眼周囲部外傷性皮下異物	ime	名詞
がんしゅういぶこうそう	眼周囲部咬創	ime	名詞
がんしゅういぶさっかそう	眼周囲部擦過創	ime	名詞
がんしゅういぶざしょう	眼周囲部挫傷	ime	名詞
がんしゅういぶざそう	眼周囲部挫創	ime	名詞
がんしゅういぶしそう	眼周囲部刺創	ime	名詞
がんしゅういぶせっそう	眼周囲部切創	ime	名詞
がんしゅういぶそうしょう	眼周囲部創傷	ime	名詞
がんしゅういぶだぼくしょう	眼周囲部打撲傷	ime	名詞
がんしゅういぶちゅうししょう	眼周囲部虫刺傷	ime	名詞
がんしゅういぶひかけっしゅ	眼周囲部皮下血腫	ime	名詞
がんしゅういぶひかしゅっけつ	眼周囲部皮下出血	ime	名詞
がんしゅういぶれっそう	眼周囲部裂創	ime	名詞
がんしゅせい	癌腫性	ime	名詞
がんしょう	眼症	mac	名詞
がんしょうこうぐん	ガン症候群	ime	名詞
がんしょうじょう	眼症状	mac	名詞
がんしょち	眼処置	ime	名詞
がんしん	眼振	both	名詞
がんしんけい	眼神経	both	名詞
がんしんけいぶろっく	眼神経ブロック	ime	名詞
がんしんじゅ	癌真珠	mac	名詞
がんしんじゅん	癌浸潤	mac	名詞
がんしんとう	眼振盪	ime	名詞
がんじく	眼軸	mac	名詞
がんじくちょう	眼軸長	mac	名詞
がんせい	癌性	ime	名詞
がんせい	眼性	ime	名詞
がんせいあくえきしつ	癌性悪液質	ime	名詞
がんせいがんしん	眼性眼振	ime	名詞
がんせいきょうすい	癌性胸水	both	名詞
がんせいきょうまくえん	癌性胸膜炎	both	名詞
がんせいしゃけい	眼性斜頚	mac	名詞
がんせいしんのうえん	癌性心嚢炎	mac	名詞
がんせいしんまくえん	癌性心膜炎	ime	名詞
がんせいじぞくつう	癌性持続痛	ime	名詞
がんせいずつう	眼性頭痛	ime	名詞
がんせいとうつう	癌性疼痛	both	名詞
がんせいとっしゅつつう	癌性突出痛	ime	名詞
がんせいにゅーろぱしー	癌性ニューロパシー	ime	名詞
がんせいにゅーろぱちー	癌性ニューロパチー	ime	名詞
がんせいにゅーろみおぱちー	癌性ニューロミオパチー	ime	名詞
がんせいはいえん	癌性肺炎	ime	名詞
がんせいひろう	眼精疲労	both	名詞
がんせいひろうしょうこうぐん	眼精疲労症候群	ime	名詞
がんせいひんけつ	癌性貧血	ime	名詞
がんせいふくすい	癌性腹水	ime	名詞
がんせいふくまくえん	癌性腹膜炎	both	名詞
がんせいへんずつう	眼性片頭痛	ime	名詞
がんせいみえろぱしー	癌性ミエロパシー	ime	名詞
がんせいみえろぱちー	癌性ミエロパチー	ime	名詞
がんせいりんぱかんえん	癌性リンパ管炎	ime	名詞
がんせいりんぱかんしょう	癌性リンパ管症	both	名詞
がんせいるいてんぽうそう	眼性類天疱瘡	ime	名詞
がんせいろくまくえん	癌性肋膜炎	ime	名詞
がんせん	頑癬	ime	名詞
がんぜんあんこく	眼前暗黒	ime	名詞
がんそうよう	含嗽用	ime	名詞
がんそうようえき	含嗽用液	ime	名詞
がんそうようかりゅう	含嗽用顆粒	ime	名詞
がんそうようはちあずれかりゅう	含嗽用ハチアズレ顆粒	ime	名詞
がんそんしょう	眼損傷	ime	名詞
がんたいさくきほんほう	がん対策基本法	mac	名詞
がんたいじせいこうげん	癌胎児性抗原	mac	名詞
がんちっそかごうぶつ	含窒素化合物	mac	名詞
がんちゅうしょう	眼中症	mac	名詞
がんちゅうしょう	眼虫症	ime	名詞
がんつう	眼痛	both	名詞
がんつう	頑痛	ime	名詞
がんてい	眼底	ime	名詞
がんていかいよう	眼底潰瘍	ime	名詞
がんていかめら	眼底カメラ	ime	名詞
がんていかめら	眼底カメラ撮影	ime	名詞
がんていけっかんしゅ	眼底血管腫	ime	名詞
がんていけっそん	眼底欠損	ime	名詞
がんていけつあつ	眼底血圧	ime	名詞
がんていけんさ	眼底検査	mac	名詞
がんていさんじげんがぞうかいせ	眼底三次元画像解析	ime	名詞
がんていしゅっけつ	眼底出血	both	名詞
がんていどうみゃくじゅんかんふぜん	眼底動脈循環不全	ime	名詞
がんていどうみゃくだこうしょう	眼底動脈蛇行症	ime	名詞
がんていにゅうとうふしゅ	眼底乳頭浮腫	ime	名詞
がんてんい	癌転移	mac	名詞
がんでんずいじょう	眼電図異常	ime	名詞
がんとう	含糖	ime	名詞
がんとうぺぷしん	含糖ペプシン	ime	名詞
がんときそぷらすましょう	眼トキソプラスマ症	ime	名詞
がんときそぷらすもーじす	眼トキソプラスモージス	ime	名詞
がんどうみゃく	眼動脈	mac	名詞
がんない	眼内	both	名詞
がんないあつ	眼内圧	mac	名詞
がんないいこう	眼内移行	mac	名詞
がんないいぶつ	眼内異物	mac	名詞
がんないいぶつざんりゅう	眼内異物残留	ime	名詞
がんないえん	眼内炎	both	名詞
がんないしゃし	眼内斜視	ime	名詞
がんないしゅっけつ	眼内出血	ime	名詞
がんないしゅよう	眼内腫瘍	both	名詞
がんないちゅうしゃ	眼内注射	mac	名詞
がんないひじせいいぶつざんりゅう	眼内非磁性異物残留	ime	名詞
がんないれんずあだっきゅう	眼内レンズ亜脱臼	ime	名詞
がんないれんずそうにゅうがん	眼内レンズ挿入眼	ime	名詞
がんないれんずだっきゅう	眼内レンズ脱臼	ime	名詞
がんないれんずのきかいてきがっぺいしょう	眼内レンズの機械的合併症	ime	名詞
がんないれんずへんい	眼内レンズ偏位	ime	名詞
がんなんこう	眼軟膏	both	名詞
がんねっしょう	眼熱傷	ime	名詞
がんねっしょうこういしょう	眼熱傷後遺症	ime	名詞
がんのじょうひないがん	眼の上皮内癌	ime	名詞
がんのぶんべんそんしょう	眼の分娩損傷	ime	名詞
がんはい	眼杯	mac	名詞
がんはえようちゅうしょう	眼はえ幼虫症	ime	名詞
がんばいどく	眼梅毒	ime	名詞
がんばんいぶつ	眼板異物	ime	名詞
がんひふがたはくひしょう	癌皮膚型白皮症	ime	名詞
がんひふてんい	癌皮膚転移	ime	名詞
がんひふはくひしょう	眼皮膚白皮症	ime	名詞
がんびあとりぱのそーましょう	ガンビアトリパノソーマ症	ime	名詞
がんぶ	眼部	mac	名詞
がんぶかいほうそう	眼部開放創	ime	名詞
がんぶかつそう	眼部割創	ime	名詞
がんぶかんつうそう	眼部貫通創	ime	名詞
がんぶがいしょうせいいぶつ	眼部外傷性異物	ime	名詞
がんぶがいしょうせいしきそちんちゃく	眼部外傷性色素沈着	ime	名詞
がんぶがいしょうせいしゅちょう	眼部外傷性腫脹	ime	名詞
がんぶがいしょうせいひかいぶつ	眼部外傷性皮下異物	ime	名詞
がんぶこうそう	眼部咬創	ime	名詞
がんぶさっかそう	眼部擦過創	ime	名詞
がんぶざしょう	眼部挫傷	ime	名詞
がんぶざそう	眼部挫創	ime	名詞
がんぶしそう	眼部刺創	ime	名詞
がんぶせっそう	眼部切創	ime	名詞
がんぶそうしょう	眼部創傷	ime	名詞
がんぶたいじょうへるぺす	眼部帯状ヘルペス	ime	名詞
がんぶたいじょうほうしん	眼部帯状疱疹	both	名詞
がんぶたんじゅん	眼部単純	ime	名詞
がんぶたんじゅんへるぺす	眼部単純ヘルペス	ime	名詞
がんぶだぼくしょう	眼部打撲傷	ime	名詞
がんぶちゅうししょう	眼部虫刺傷	ime	名詞
がんぶはくせん	顔部白癬	ime	名詞
がんぶひかけっしゅ	眼部皮下血腫	ime	名詞
がんぶひかしゅっけつ	眼部皮下出血	ime	名詞
がんぶれっそう	眼部裂創	ime	名詞
がんぶんぴつえき	眼分泌液	ime	名詞
がんべーちぇっとびょう	眼ベーチェット病	ime	名詞
がんほう	眼胞	mac	名詞
がんぼう	眼房	mac	名詞
がんぼう	顔貌	mac	名詞
がんぼういじょう	顔貌異常	mac	名詞
がんぼうすい	眼房水	mac	名詞
がんま	γ	ime	名詞
がんまGT	γ-GT	ime	名詞
がんまGTP	γ-GTP	ime	名詞
がんまHさびょう	ガンマH鎖病	ime	名詞
がんまあみのらくさん	γ-アミノ酪酸	mac	名詞
がんまえっちさびょう	ガンマH鎖病	ime	名詞
がんまおりざのーる	ガンマオリザノール	ime	名詞
がんまおりざのーるさいりゅう	ガンマオリザノール細粒	ime	名詞
がんまぐるたみるかいろ	γ-グルタミル回路	mac	名詞
がんまぐるたみるとらんすぺぷちだーぜ	γｰグルタミルトランスペプチダーゼ	mac	名詞
がんまぐるたみんかいろしょうがい	ガンマグルタミン回路障害	ime	名詞
がんまぐろぶりん	γ-グロブリン	mac	名詞
がんまぐろぶりんげんしょうしょう	ガンマグロブリン減少症	ime	名詞
がんまぐろぶりんーにちやく	ガンマグロブリン-ニチヤク	ime	名詞
がんまじゅうさびょう	ガンマ重鎖病	ime	名詞
がんませみのぷろていんせいみつ	γ-セミノプロテイン	ime	名詞
がんません	γ線	mac	名詞
がんまでるたＴさいぼうれせぷたー	γδT細胞レセプター	mac	名詞
がんまないふ	ガンマナイフ	ime	名詞
がんまへるぺすういるすせいたんかくしょう	ガンマヘルペスウイルス性単核症	ime	名詞
がんまようけつ	γ溶血	mac	名詞
がんまーじゃすとさいりゅう	ガンマージャスト細粒	ime	名詞
がんまーぱるとっくすん	γ-パルトックスン	ime	名詞
がんまＧＴＰ	γ-GTP	mac	名詞
がんむけいせい	眼無形成	ime	名詞
がんめん	顔面	ime	名詞
がんめんあくせいこくしょくしゅ	顔面悪性黒色腫	ime	名詞
がんめんあくせいしゅよう	顔面悪性腫瘍	ime	名詞
がんめんあつざしょう	顔面圧挫傷	ime	名詞
がんめんあてろーむせつじょこういしょう	顔面アテローム切除後遺症	ime	名詞
がんめんあれるぎーせいひふえん	顔面アレルギー性皮膚炎	ime	名詞
がんめんいちごじょうけっかんしゅ	顔面いちご状血管腫	ime	名詞
がんめんいぼ	顔面いぼ	ime	名詞
がんめんおうもんきんにくしゅ	顔面横紋筋肉腫	ime	名詞
がんめんおせんそう	顔面汚染創	ime	名詞
がんめんかいほうそう	顔面開放創	ime	名詞
がんめんかつそう	顔面割創	ime	名詞
がんめんかんつうそう	顔面貫通創	ime	名詞
がんめんがいしょう	顔面外傷	both	名詞
がんめんがいしょうせいいぶつ	顔面外傷性異物	ime	名詞
がんめんきけい	顔面奇形	ime	名詞
がんめんきていさいぼうがん	顔面基底細胞癌	ime	名詞
がんめんきゅうせい	顔面急性	ime	名詞
がんめんきゅうせいひふえん	顔面急性皮膚炎	ime	名詞
がんめんきゅうせいりんぱせつえん	顔面急性リンパ節炎	ime	名詞
がんめんきん	顔面筋	mac	名詞
がんめんきんけいれん	顔面筋痙攣	ime	名詞
がんめんけいせいいじょう	顔面形成異常	ime	名詞
がんめんけいれん	顔面けいれん	ime	名詞
がんめんけいれん	顔面痙攣	both	名詞
がんめんけいれんしょう	顔面痙攣症	ime	名詞
がんめんけっかんしぼうしゅ	顔面血管脂肪腫	ime	名詞
がんめんけっかんしゅ	顔面血管腫	ime	名詞
がんめんけっしゅ	顔面血腫	ime	名詞
がんめんけんこうじょうわんがたきん	顔面肩甲上腕型筋	ime	名詞
がんめんけんこうじょうわんがたきんじすとろふぃー	顔面肩甲上腕型筋ジストロフィー	ime	名詞
がんめんこうせんかくかしょう	顔面光線角化症	ime	名詞
がんめんこうそう	顔面咬創	ime	名詞
がんめんこうちょう	顔面紅潮	both	名詞
がんめんこっせつ	顔面骨折	ime	名詞
がんめんこつ	顔面骨	both	名詞
がんめんこつかいほうこっせつ	顔面骨開放骨折	ime	名詞
がんめんこつこっせつ	顔面骨骨折	ime	名詞
がんめんこつこっせつこういしょう	顔面骨骨折後遺症	ime	名詞
がんめんこつしゅよう	顔面骨腫瘍	ime	名詞
がんめんこつせんいせいこついけいせいしょう	顔面骨線維性骨異形成症	ime	名詞
がんめんこつせんてんいじょう	顔面骨先天異常	ime	名詞
がんめんこつりょうせいしゅよう	顔面骨良性腫瘍	ime	名詞
がんめんこんちゅうせき	顔面昆虫螫	ime	名詞
がんめんさっかしょう	顔面擦過傷	ime	名詞
がんめんさっかそう	顔面擦過創	ime	名詞
がんめんさんさしんけいつう	顔面三叉神経痛	ime	名詞
がんめんざしょう	顔面挫傷	ime	名詞
がんめんざそう	顔面ざ瘡	ime	名詞
がんめんざそう	顔面挫創	ime	名詞
がんめんざめつしょう	顔面挫滅傷	ime	名詞
がんめんざめつそう	顔面挫滅創	ime	名詞
がんめんしきそせいぼはん	顔面色素性母斑	ime	名詞
がんめんしせんがん	顔面脂腺癌	ime	名詞
がんめんしせんぼはん	顔面脂腺母斑	ime	名詞
がんめんしそう	顔面刺創	ime	名詞
がんめんしっこうしょう	顔面失行症	ime	名詞
がんめんしぼうしゅ	顔面脂肪腫	ime	名詞
がんめんしゅさ	顔面しゅさ	ime	名詞
がんめんしゅちょう	顔面腫脹	ime	名詞
がんめんしゅよう	顔面腫瘍	ime	名詞
がんめんしゅりゅう	顔面腫瘤	ime	名詞
がんめんしんきんせいしっしん	顔面真菌性湿疹	ime	名詞
がんめんしんけい	顔面神経	both	名詞
がんめんしんけいえん	顔面神経炎	ime	名詞
がんめんしんけいかく	顔面神経核	mac	名詞
がんめんしんけいかん	顔面神経管	mac	名詞
がんめんしんけいかんかいほうじゅつ	顔面神経管開放術	ime	名詞
がんめんしんけいきゅう	顔面神経丘	mac	名詞
がんめんしんけいけいしゅく	顔面神経痙縮	ime	名詞
がんめんしんけいけいれん	顔面神経痙攣	ime	名詞
がんめんしんけいげんあつしゅじゅつ	顔面神経減圧手術	ime	名詞
がんめんしんけいげんかじゅつ	顔面神経減荷術	mac	名詞
がんめんしんけいしつ	顔面神経膝	mac	名詞
がんめんしんけいしょうがい	顔面神経障害	ime	名詞
がんめんしんけいすこあ	顔面神経スコア	mac	名詞
がんめんしんけいそんしょう	顔面神経損傷	ime	名詞
がんめんしんけいつう	顔面神経痛	ime	名詞
がんめんしんけいふぜん	顔面神経不全	ime	名詞
がんめんしんけいふぜんまひ	顔面神経不全麻痺	ime	名詞
がんめんしんけいぶろっく	顔面神経ブロック	ime	名詞
がんめんしんけいまひ	顔面神経麻痺	both	名詞
がんめんしんけいまひけいせいしゅじゅ	顔面神経麻痺形成手術	ime	名詞
がんめんしんけいまひせいとがんしょう	顔面神経麻痺性兎眼症	ime	名詞
がんめんじょうひないこくしょくしゅ	顔面上皮内黒色腫	ime	名詞
がんめんじんじょうせい	顔面尋常性	ime	名詞
がんめんじんじょうせいかんせん	顔面尋常性乾癬	ime	名詞
がんめんじんじょうせいざそう	顔面尋常性ざ瘡	ime	名詞
がんめんせいしょくぼはん	顔面青色母斑	ime	名詞
がんめんせっかいかじょうひしゅ	顔面石灰化上皮腫	ime	名詞
がんめんせっそう	顔面切創	ime	名詞
がんめんせつ	顔面せつ	ime	名詞
がんめんそうしょう	顔面創傷	ime	名詞
がんめんそうそう	顔面掻創	ime	名詞
がんめんそうはく	顔面蒼白	both	名詞
がんめんそんしょう	顔面損傷	ime	名詞
がんめんたいじょうへるぺす	顔面帯状ヘルペス	ime	名詞
がんめんたいじょうほうしん	顔面帯状疱疹	ime	名詞
がんめんたかんしょう	顔面多汗症	ime	名詞
がんめんたはつかいほうこっせつ	顔面多発開放骨折	ime	名詞
がんめんたはつかいほうそう	顔面多発開放創	ime	名詞
がんめんたはつかつそう	顔面多発割創	ime	名詞
がんめんたはつかんつうそう	顔面多発貫通創	ime	名詞
がんめんたはつこうそう	顔面多発咬創	ime	名詞
がんめんたはつこっせつ	顔面多発骨折	ime	名詞
がんめんたはつこっせつかんけつてきしゅ	顔面多発骨折観血的手術	ime	名詞
がんめんたはつさっかそう	顔面多発擦過創	ime	名詞
がんめんたはつざしょう	顔面多発挫傷	ime	名詞
がんめんたはつざそう	顔面多発挫創	ime	名詞
がんめんたはつしそう	顔面多発刺創	ime	名詞
がんめんたはつせいひふしゅよう	顔面多発性皮膚腫瘍	ime	名詞
がんめんたはつせっそう	顔面多発切創	ime	名詞
がんめんたはつそうしょう	顔面多発創傷	ime	名詞
がんめんたはつだぼくしょう	顔面多発打撲傷	ime	名詞
がんめんたはつちゅうししょう	顔面多発虫刺傷	ime	名詞
がんめんたはつひかけっしゅ	顔面多発皮下血腫	ime	名詞
がんめんたはつひかしゅっけつ	顔面多発皮下出血	ime	名詞
がんめんたはつれっそう	顔面多発裂創	ime	名詞
がんめんたんじゅんせいけっかんしゅ	顔面単純性血管腫	ime	名詞
がんめんたんどく	顔面丹毒	ime	名詞
がんめんだい	顔面第	ime	名詞
がんめんだい1どねっしょう	顔面第1度熱傷	ime	名詞
がんめんだい2どねっしょう	顔面第2度熱傷	ime	名詞
がんめんだい3どねっしょう	顔面第3度熱傷	ime	名詞
がんめんだいいちどねっしょう	顔面第1度熱傷	ime	名詞
がんめんだいさんどねっしょう	顔面第3度熱傷	ime	名詞
がんめんだいにどねっしょう	顔面第2度熱傷	ime	名詞
がんめんだぼくさっかしょう	顔面打撲擦過傷	ime	名詞
がんめんだぼくざそう	顔面打撲挫創	ime	名詞
がんめんだぼくしょう	顔面打撲傷	ime	名詞
がんめんちっく	顔面チック	ime	名詞
がんめんつう	顔面痛	ime	名詞
がんめんとうがい	顔面頭蓋	mac	名詞
がんめんとうけいぶのでんたつますい	顔面・頭頚部の伝達麻酔	ime	名詞
がんめんとうしょう	顔面凍傷	ime	名詞
がんめんどうじょうみゃくろう	顔面動静脈瘻	ime	名詞
がんめんどうみゃく	顔面動脈	mac	名詞
がんめんなんせいせんいしゅ	顔面軟性線維腫	ime	名詞
がんめんなんぶそしきがいしょう	顔面軟部組織外傷	ime	名詞
がんめんにくげしゅ	顔面肉芽腫	ime	名詞
がんめんにくげそう	顔面肉芽創	ime	名詞
がんめんねっしょう	顔面熱傷	ime	名詞
がんめんねっしょうこういしょう	顔面熱傷後遺症	ime	名詞
がんめんのうかしん	顔面膿痂疹	ime	名詞
がんめんのうかしんせいしっしん	顔面膿痂疹性湿疹	ime	名詞
がんめんのうよう	顔面膿瘍	ime	名詞
がんめんのぶんべんそんしょう	顔面の分娩損傷	ime	名詞
がんめんはくせん	顔面白癬	ime	名詞
がんめんはしゅじょうぞくりゅうせいろうそう	顔面播種状粟粒性狼瘡	ime	名詞
がんめんはしゅせいぞくりゅうせいろうそう	顔面播種性粟粒性狼瘡	ime	名詞
がんめんはんこんけいせい	顔面瘢痕形成	ime	名詞
がんめんはんそくいしゅく	顔面半側萎縮	ime	名詞
がんめんはんそくいしゅくしょう	顔面半側萎縮症	ime	名詞
がんめんはんそくけいれんしょう	顔面半側痙攣症	ime	名詞
がんめんはんそくひだい	顔面半側肥大	ime	名詞
がんめんはんそくひだいしょう	顔面半側肥大症	ime	名詞
がんめんはんそくまひ	顔面半側麻痺	ime	名詞
がんめんひかけっしゅ	顔面皮下血腫	ime	名詞
がんめんひかしゅよう	顔面皮下腫瘍	ime	名詞
がんめんひたいしょう	顔面非対称	both	名詞
がんめんひふえん	顔面皮膚炎	ime	名詞
がんめんひふがん	顔面皮膚癌	ime	名詞
がんめんひふけっそんそう	顔面皮膚欠損創	ime	名詞
がんめんひふこうちょう	顔面皮膚紅潮	mac	名詞
がんめんひふしゅよう	顔面皮膚腫瘍	ime	名詞
がんめんひふじょうひないがん	顔面皮膚上皮内癌	ime	名詞
がんめんひふりょうせいしゅよう	顔面皮膚良性腫瘍	ime	名詞
がんめんひょうひぼはん	顔面表皮母斑	ime	名詞
がんめんびいんくうしょうこうぐん	顔面鼻咽腔症候群	ime	名詞
がんめんびぶざしょう	顔面鼻部挫傷	ime	名詞
がんめんふしゅ	顔面浮腫	ime	名詞
がんめんふるんくろーじす	顔面フルンクロージス	ime	名詞
がんめんふれぐもーね	顔面フレグモーネ	ime	名詞
がんめんぶけいまひ	顔面部痙麻痺	ime	名詞
がんめんぶしゅちょう	顔面部腫脹	ime	名詞
がんめんぶつう	顔面部痛	ime	名詞
がんめんへるぺす	顔面ヘルペス	ime	名詞
がんめんへんけい	顔面変形	ime	名詞
がんめんへんぺいぼはん	顔面扁平母斑	ime	名詞
がんめんへんまひ	顔面片麻痺	ime	名詞
がんめんほうそうえん	顔面蜂巣炎	ime	名詞
がんめんぼはん	顔面母斑	ime	名詞
がんめんぼはんさいぼうぼはん	顔面母斑細胞母斑	ime	名詞
がんめんぼーえんびょう	顔面ボーエン病	ime	名詞
がんめんまっしょうしんけいえん	顔面末梢神経炎	ime	名詞
がんめんまひ	顔面麻痺	ime	名詞
がんめんみおきみあ	顔面ミオキミア	ime	名詞
がんめんめるけるさいぼうがん	顔面メルケル細胞癌	ime	名詞
がんめんもうほうせいこうはんこくひしょう	顔面毛包性紅斑黒皮症	ime	名詞
がんめんゆうきょくさいぼうがん	顔面有棘細胞癌	ime	名詞
がんめんゆうぜい	顔面疣贅	ime	名詞
がんめんよう	顔面よう	ime	名詞
がんめんりゅうきせいひふせんいにくしゅ	顔面隆起性皮膚線維肉腫	ime	名詞
がんめんりょうせいしゅよう	顔面良性腫瘍	ime	名詞
がんめんれっそう	顔面裂創	ime	名詞
がんめんれつ	顔面裂	mac	名詞
がんやとびょう	眼野兎病	ime	名詞
がんようぶ	岩様部	mac	名詞
がんよくせいいでんし	がん抑制遺伝子	mac	名詞
がんりんきん	眼輪筋	both	名詞
がんりんきんかんせん	眼淋菌感染	ime	名詞
がんりんぱせつりすてりあしょう	眼リンパ節リステリア症	ime	名詞
がんるいてんぽうそう	眼類天疱瘡	mac	名詞
がんれつ	眼裂	mac	名詞
がんれついじょう	眼裂異常	ime	名詞
がんれつきょうしょう	眼裂狭小	both	名詞
がんれつこうたい	眼裂後退	ime	名詞
がんれつせいのうほう	顔裂性嚢胞	mac	名詞
がんれぷとすぴらしょう	眼レプトスピラ症	ime	名詞
がーごいりずむがんぼう	ガーゴイリズム顔貌	ime	名詞
がーごいるがんぼう	ガーゴイル顔貌	mac	名詞
がーごいるようがんぼう	ガーゴイル様顔貌	ime	名詞
がーどなーしょうこうぐん	ガードナー症候群	ime	名詞
がーらんどどらいしろっぷ	ガーランドドライシロップ	ime	名詞
ぎあるどすてろんしょう	偽アルドステロン症	mac	名詞
ぎいんせい	偽陰性	mac	名詞
ぎおうしょくしゅ	偽黄色腫	ime	名詞
ぎおんかんしょうこうぐん	ギオン管症候群	ime	名詞
ぎかく	疑核	mac	名詞
ぎかんせつ	偽関節	both	名詞
ぎかんせつけいせい	偽関節形成	ime	名詞
ぎかんせつしゅじゅつ	偽関節手術	ime	名詞
ぎかんせつしょう	偽関節症	ime	名詞
ぎがいしゃし	偽外斜視	mac	名詞
ぎがん	義眼	ime	名詞
ぎがんかしゅよう	偽眼窩腫瘍	ime	名詞
ぎがんしょち	義眼処置	ime	名詞
ぎがんせいなんぞくしゅ	偽癌性軟属腫	ime	名詞
ぎがんだいほうまいじゅつ	義眼台包埋術	ime	名詞
ぎきゅうまひ	偽球麻痺	ime	名詞
ぎきんし	偽菌糸	mac	名詞
ぎきんし	偽近視	both	名詞
ぎくう	偽腔	mac	名詞
ぎけっしょうばんげんしょう	偽血小板減少	ime	名詞
ぎげんかく	偽幻覚	mac	名詞
ぎこっほげんしょう	偽コッホ現象	ime	名詞
ぎこりんえすてらーぜ	偽コリンエステラーゼ	mac	名詞
ぎさん	ギ酸	mac	名詞
ぎし	義歯	ime	名詞
ぎしかんにゅう	義歯嵌入	ime	名詞
ぎしこうごうめんふてきごう	義歯咬合面不適合	ime	名詞
ぎししょう	義歯床	mac	名詞
ぎししょうかねんまくいじょう	義歯床下粘膜異常	ime	名詞
ぎししんけいえん	偽視神経炎	ime	名詞
ぎしせいかいよう	義歯性潰瘍	ime	名詞
ぎしせいこうないえん	義歯性口内炎	ime	名詞
ぎしせいせんいしゅ	義歯性線維腫	ime	名詞
ぎしそうぐ	義肢装具	mac	名詞
ぎしぞうし	義歯増歯	ime	名詞
ぎしだんたんふてきごう	義肢断端不適合	ime	名詞
ぎしねんまくめんふてきごう	義歯粘膜面不適合	ime	名詞
ぎしはそん	義歯破損	ime	名詞
ぎしふてきごう	義歯不適合	ime	名詞
ぎしゃし	偽斜視	both	名詞
ぎしょうこうねつ	偽猩紅熱	ime	名詞
ぎしょうよう	偽小葉	mac	名詞
ぎしん	疑診	mac	名詞
ぎしんけいしょうせいせいしんぶんれつびょう	偽神経症性精神分裂病	ime	名詞
ぎしんけいしょうせいとうごうしっちょうしょう	偽神経症性統合失調症	ime	名詞
ぎじしょう	疑似症	ime	名詞
ぎじとらこーま	疑似トラコーマ	ime	名詞
ぎじゅうそう	偽重層	mac	名詞
ぎじゅしじょうかくまくえん	偽樹枝状角膜炎	ime	名詞
ぎじょうしゃし	偽上斜視	mac	名詞
ぎじんつう	偽陣痛	both	名詞
ぎせい	偽性	both	名詞
ぎせいBartterしょうこうぐん	偽性Bartter症候群	ime	名詞
ぎせいVT	偽性VT	ime	名詞
ぎせいあるどすてろんしょう	偽性アルドステロン症	mac	名詞
ぎせいいれうす	偽性イレウス	ime	名詞
ぎせいえんけいだつもうしょう	偽性円形脱毛症	ime	名詞
ぎせいおうしょくしゅ	偽性黄色腫	ime	名詞
ぎせいがんけんかすいしょう	偽性眼瞼下垂症	ime	名詞
ぎせいがんしん	偽性眼振	ime	名詞
ぎせいきゅうまひ	偽性球麻痺	ime	名詞
ぎせいぎせいふくこうじょうせんきのうていかしょう	偽性偽性副甲状腺機能低下症	ime	名詞
ぎせいけっしょうばんげんしょうしょう	偽性血小板減少症	mac	名詞
ぎせいこうじょうせんきのうこうしんしょう	偽性甲状腺機能亢進症	ime	名詞
ぎせいこかんせつつう	偽性股関節痛	ime	名詞
ぎせいこつなんかしょう	偽性骨軟化症	ime	名詞
ぎせいこりんえすてらーぜ	偽性コリンエステラーゼ	mac	名詞
ぎせいこれら	偽性コレラ	ime	名詞
ぎせいししんけいえん	偽性視神経炎	ime	名詞
ぎせいしゃけい	偽性斜頚	ime	名詞
ぎせいしんしつひんぱく	偽性心室頻拍	mac	名詞
ぎせいじょうひしょうたいきのうていかしょう	偽性上皮小体機能低下症	ime	名詞
ぎせいじょうひしょうたいきのうていかしょう1がた	偽性上皮小体機能低下症1型	ime	名詞
ぎせいじょうひしょうたいきのうていかしょう2がた	偽性上皮小体機能低下症2型	ime	名詞
ぎせいすいじんしょう	偽性水腎症	ime	名詞
ぎせいすべりしょう	偽性すべり症	ime	名詞
ぎせいずいまくえん	偽性髄膜炎	ime	名詞
ぎせいずいまくりゅう	偽性髄膜瘤	ime	名詞
ぎせいたい	偽声帯	mac	名詞
ぎせいちゅうすいえん	偽性虫垂炎	ime	名詞
ぎせいつうふう	偽性痛風	ime	名詞
ぎせいてい	偽性低	ime	名詞
ぎせいていあるどすてろんしょう	偽性低アルドステロン症	both	名詞
ぎせいどうみゃくりゅう	偽性動脈瘤	ime	名詞
ぎせいのうしゅよう	偽性脳腫瘍	ime	名詞
ぎせいのうどうみゃくりゅう	偽性脳動脈瘤	ime	名詞
ぎせいばんぱーこっせつ	偽性バンパー骨折	mac	名詞
ぎせいばーたーしょうこうぐん	偽性バーター症候群	ime	名詞
ぎせいふくこうじょうせんきのうていかしょう	偽性副甲状腺機能低下症	both	名詞
ぎせいふくこうじょうせんきのうていかしょう1がた	偽性副甲状腺機能低下症1型	ime	名詞
ぎせいふくこうじょうせんきのうていかしょう2がた	偽性副甲状腺機能低下症2型	ime	名詞
ぎせいふくこうじょうせんきのうていかしょういちがた	偽性副甲状腺機能低下症1型	ime	名詞
ぎせいふくこうじょうせんきのうていかしょうにがた	偽性副甲状腺機能低下症2型	ime	名詞
ぎせいぺらぐら	偽性ペラグラ	ime	名詞
ぎせいぽりぽーしす	偽性ポリポーシス	ime	名詞
ぎせいみおとにあ	偽性ミオトニア	ime	名詞
ぎせいりうまち	偽性リウマチ	ime	名詞
ぎそうかん	蟻走感	both	名詞
ぎそく	偽足	mac	名詞
ぎたいのう	偽胎嚢	ime	名詞
ぎたんきょく	偽単極	mac	名詞
ぎたんきょくせいにゅーろん	偽単極性ニューロン	mac	名詞
ぎたんきょくにゅーろん	偽単極ニューロン	mac	名詞
ぎちゅうかく	偽中隔	mac	名詞
ぎちょう	疑徴	ime	名詞
ぎってるまんしょうこうぐん	ギッテルマン症候群	ime	名詞
ぎつうふう	偽痛風	both	名詞
ぎてるまんしょうこうぐん	ギテルマン症候群	mac	名詞
ぎないしゃし	偽内斜視	mac	名詞
ぎにくしゅせいせんいしゅしょう	偽肉腫性線維腫症	ime	名詞
ぎにゅうとうえん	偽乳頭炎	ime	名詞
ぎにゅうとうふしゅ	偽乳頭浮腫	ime	名詞
ぎにんしんりょうほう	偽妊娠療法	mac	名詞
ぎのうほう	偽嚢胞	mac	名詞
ぎはんいんよう	偽半陰陽	ime	名詞
ぎはんもう	偽半盲	ime	名詞
ぎひだいせいきん	偽肥大性筋	ime	名詞
ぎひだいせいきんじすとろふぃー	偽肥大性筋ジストロフィー	ime	名詞
ぎひまく	偽被膜	ime	名詞
ぎぶすせいかいよう	ギブス性潰瘍	ime	名詞
ぎぷす	ギプス	mac	名詞
ぎぷすべっど	ギプスベッド	ime	名詞
ぎへいけいりょうほう	偽閉経療法	mac	名詞
ぎぽりぽーしす	偽ポリポーシス	ime	名詞
ぎまく	偽膜	mac	名詞
ぎまくせい	偽膜性	both	名詞
ぎまくせいあんぎな	偽膜性アンギナ	ime	名詞
ぎまくせいあんぎーな	偽膜性アンギーナ	ime	名詞
ぎまくせいいんとうえん	偽膜性咽頭炎	ime	名詞
ぎまくせいえん	偽膜性炎	both	名詞
ぎまくせいきかんしえん	偽膜性気管支炎	ime	名詞
ぎまくせいけつまくえん	偽膜性結膜炎	ime	名詞
ぎまくせいこうとうえん	偽膜性喉頭炎	ime	名詞
ぎまくせいこうないえん	偽膜性口内炎	ime	名詞
ぎまくせいだいちょうえん	偽膜性大腸炎	both	名詞
ぎまくせいちょうえん	偽膜性腸炎	ime	名詞
ぎまくせいへんとうえん	偽膜性扁桃炎	ime	名詞
ぎむざせんしょく	ギムザ染色	mac	名詞
ぎむちんせいらんそうのうほうせんしゅ	偽ムチン性卵巣嚢胞腺腫	ime	名詞
ぎめらしる	ギメラシル	mac	名詞
ぎゃくい	逆位	mac	名詞
ぎゃくせいし	逆生歯	ime	名詞
ぎゃくせいせっ	逆性石	ime	名詞
ぎゃくせいせっけんえき	逆性石鹸液	ime	名詞
ぎゃくたいし	虐待死	mac	名詞
ぎゃくたいしぼうじ	虐待死亡児	mac	名詞
ぎゃくたいしょうこうぐん	虐待症候群	ime	名詞
ぎゃくたいせいげんしょう	逆耐性現象	mac	名詞
ぎゃくてんしゃ	逆転写	mac	名詞
ぎゃくてんしゃこうそ	逆転写酵素	mac	名詞
ぎゃくひかんき	逆比換気	ime	名詞
ぎゃくひかんきほう	逆比換気法	ime	名詞
ぎゃくゆそう	逆輸送	mac	名詞
ぎゃくりゅうせい	逆流性	ime	名詞
ぎゃくりゅうせいざつおん	逆流性雑音	mac	名詞
ぎゃくりゅうせいしょくどうえん	逆流性食道炎	both	名詞
ぎゃくりゅうせいじんうじんえん	逆流性腎盂腎炎	ime	名詞
ぎゃくりゅうせいじんしょう	逆流性腎症	ime	名詞
ぎゃっこうけんぼう	逆向健忘	mac	名詞
ぎゃっこうせい	逆行性	ime	名詞
ぎゃっこうせいけんぼう	逆向性健忘	ime	名詞
ぎゃっこうせいしゃせいしょう	逆行性射精症	ime	名詞
ぎゃっこうせいじんうぞうえい	逆行性腎盂造影	mac	名詞
ぎゃっこうせいたんかんえん	逆行性胆管炎	ime	名詞
ぎゃっこうせいにょうろぞうえい	逆行性尿路造影	ime	名詞
ぎゃっこうせいゆそう	逆行性輸送	mac	名詞
ぎゃろうぇいもわとしょうこうぐん	ギャロウェイ・モワト症候群	ime	名詞
ぎゃろっぷちょうりつ	ギャロップ調律	mac	名詞
ぎやくざいあれるぎー	偽薬剤アレルギー	mac	名詞
ぎゅうがん	牛眼	mac	名詞
ぎゅうし	牛脂	ime	名詞
ぎゅうとう	牛痘	ime	名詞
ぎゅうにゅう	牛乳	ime	名詞
ぎゅうにゅうあれるぎー	牛乳アレルギー	ime	名詞
ぎゅうにゅうふたいしょう	牛乳不耐症	ime	名詞
ぎゅぶれーるしょうこうぐん	ギュブレール症候群	ime	名詞
ぎょうがい	仰臥位	mac	名詞
ぎょうがいていけつあつしょうこうぐん	仰臥位低血圧症候群	both	名詞
ぎょうがせい	仰臥性	ime	名詞
ぎょうけつかい	凝血塊	mac	名詞
ぎょうこ	凝固	ime	名詞
ぎょうこいんし	凝固因子	both	名詞
ぎょうこいんしいんひびたー	凝固因子インヒビター	ime	名詞
ぎょうこいんしけつぼうしょう	凝固因子欠乏症	ime	名詞
ぎょうこえし	凝固壊死	mac	名詞
ぎょうこかてい	凝固過程	mac	名詞
ぎょうこけい	凝固系	mac	名詞
ぎょうこげんしょう	凝固現象	mac	名詞
ぎょうこしょうがいをともなうじょういたいばんそうきはく	凝固障害を伴う常位胎盤早期剥離	ime	名詞
ぎょうこじかん	凝固時間	mac	名詞
ぎょうこせんようかっせい	凝固線溶活性	mac	名詞
ぎょうこせんようけい	凝固線溶系	mac	名詞
ぎょうこのう	凝固能	mac	名詞
ぎょうこのうこうしん	凝固能亢進	mac	名詞
ぎょうこのうていか	凝固能低下	mac	名詞
ぎょうこふぜん	凝固不全	ime	名詞
ぎょうこゆういがたＤＩＣ	凝固優位型DIC	mac	名詞
ぎょうしゅうかい	凝集塊	mac	名詞
ぎょうしゅうげん	凝集原	mac	名詞
ぎょうしゅうそ	凝集素	mac	名詞
ぎょうしゅうそししけん	凝集阻止試験	mac	名詞
ぎょうしゅうたい	凝集体	mac	名詞
ぎょうしゅうのう	凝集能	ime	名詞
ぎょうしゅうはんのう	凝集反応	mac	名詞
ぎょうせいかいぼう	行政解剖	mac	名詞
ぎょうちゅう	蟯虫	mac	名詞
ぎょうちゅうしょう	蟯虫症	both	名詞
ぎょうちゅうしょうせいがいいんえん	蟯虫症性外陰炎	ime	名詞
ぎょうちゅうしょうせいちつえん	蟯虫症性腟炎	ime	名詞
ぎょうむじょうだたい	業務上堕胎	mac	名詞
ぎょこうしょう	魚咬傷	ime	名詞
ぎょこうそう	魚咬創	ime	名詞
ぎょこつ	魚骨	mac	名詞
ぎょつい	魚椎	ime	名詞
ぎょふんせいぞうぎょうしゃはい	魚粉製造業者肺	ime	名詞
ぎょりんせん	魚鱗癬	both	名詞
ぎようせい	偽陽性	mac	名詞
ぎよくじょうへん	偽翼状片	ime	名詞
ぎらくせつしょうこうぐん	偽落屑症候群	ime	名詞
ぎらくせつりょくないしょう	偽落屑緑内障	ime	名詞
ぎらんばれーしょうこうぐん	Guillain-Barré症候群	ime	名詞
ぎらんばれーしょうこうぐん	ギラン・バレー症候群	both	名詞
ぎりょくないしょう	偽緑内障	ime	名詞
ぎんちんちゃくしょう	銀沈着症	ime	名詞
ぎんなんちゅうどく	銀杏中毒	ime	名詞
ぎんなんによるあれるぎーせいせっしょくひふえん	銀杏によるアレルギー性接触皮膚炎	ime	名詞
ぎんひしょう	銀皮症	ime	名詞
ぐあにるさん	グアニル酸	mac	名詞
ぐあねちじんちゅうどく	グアネチジン中毒	ime	名詞
ぐあのしん	グアノシン	mac	名詞
ぐあやくし	グアヤク脂	ime	名詞
ぐうかく	隅角	both	名詞
ぐうかくかいり	隅角解離	ime	名詞
ぐうかくきょう	隅角鏡	mac	名詞
ぐうかくけんさ	隅角検査	mac	名詞
ぐうかくこうたい	隅角後退	ime	名詞
ぐうかくはくり	隅角剥離	ime	名詞
ぐうかくひかりぎょうこじゅつ	隅角光凝固術	ime	名詞
ぐうかくゆちゃく	隅角癒着	ime	名詞
ぐうはつしょう	偶発症	mac	名詞
ぐうはつせい	偶発性	ime	名詞
ぐうはつせいたんぱくにょう	偶発性蛋白尿	ime	名詞
ぐうはつせいたんぱくにょうしょう	偶発性蛋白尿症	ime	名詞
ぐうはつせいふくじんしゅよう	偶発性副腎腫瘍	ime	名詞
ぐっどぱすちゃーしょうこうぐん	Goodpasture症候群	ime	名詞
ぐっどぱすちゃーしょうこうぐん	グッドパスチャー症候群	both	名詞
ぐっどぱすちゃーびょう	グッドパスチャー病	mac	名詞
ぐらちらまーえんさんえん	グラチラマー塩酸塩	ime	名詞
ぐらでにーごしょうこうぐん	グラデニーゴ症候群	ime	名詞
ぐらなてっくてんがんえき	グラナテック点眼液	ime	名詞
ぐらはむすてぃーるざつおん	Graham-Steel雑音	ime	名詞
ぐらびっつしゅよう	グラビッツ腫瘍	ime	名詞
ぐらびっつじんしゅよう	グラビッツ腎腫瘍	ime	名詞
ぐらふと	グラフト	mac	名詞
ぐらふとざいりょう	グラフト材料	mac	名詞
ぐらまりーるさいりゅう	グラマリール細粒	ime	名詞
ぐらむいんせい	グラム陰性	mac	名詞
ぐらむいんせいかんきん	グラム陰性桿菌	mac	名詞
ぐらむいんせいかんきんかんせんしょう	グラム陰性桿菌感染症	ime	名詞
ぐらむいんせいかんきんはいけつしょう	グラム陰性桿菌敗血症	ime	名詞
ぐらむいんせいきゅうきん	グラム陰性球菌	mac	名詞
ぐらむいんせいきゅうきんかんせんしょう	グラム陰性球菌感染症	ime	名詞
ぐらむいんせいきん	グラム陰性菌	mac	名詞
ぐらむいんせいきんかんせんしょう	グラム陰性菌感染症	ime	名詞
ぐらむいんせいきんはいけつしょう	グラム陰性菌敗血症	ime	名詞
ぐらむせんしょく	Gram染色	ime	名詞
ぐらむせんしょく	グラム染色	mac	名詞
ぐらむようせい	グラム陽性	mac	名詞
ぐらむようせいかんきん	グラム陽性桿菌	mac	名詞
ぐらむようせいかんきんかんせんしょう	グラム陽性桿菌感染症	ime	名詞
ぐらむようせいきゅうきん	グラム陽性球菌	mac	名詞
ぐらむようせいきゅうきんかんせんしょう	グラム陽性球菌感染症	ime	名詞
ぐらむようせいきん	グラム陽性菌	mac	名詞
ぐらむようせいきんはいけつしょう	グラム陽性菌敗血症	ime	名詞
ぐらんざいむ	グランザイム	mac	名詞
ぐらんしりんじ	グランシリンジ	ime	名詞
ぐらんだきしんさいりゅう	グランダキシン細粒	ime	名詞
ぐらんつまんびょう	グランツマン病	ime	名詞
ぐらーふき	グラーフ期	mac	名詞
ぐらーふらんぽう	グラーフ卵胞	mac	名詞
ぐらーふらんぽうのうほう	グラーフ卵胞嚢胞	ime	名詞
ぐりあ	グリア	mac	名詞
ぐりあさいぼう	グリア細胞	mac	名詞
ぐりあじん	グリアジン	mac	名詞
ぐりおぶらすとーま	グリオブラストーマ	both	名詞
ぐりおーしす	グリオーシス	both	名詞
ぐりおーま	グリオーマ	ime	名詞
ぐりくらじど	グリクラジド	ime	名詞
ぐりくらみんかりゅう	グリクラミン顆粒	ime	名詞
ぐりくらみんはいごうかりゅう	グリクラミン配合顆粒	ime	名詞
ぐりけーしょん	グリケーション	mac	名詞
ぐりこあるぶみん	グリコアルブミン	ime	名詞
ぐりここーるさん	グリココール酸	ime	名詞
ぐりこさみのぐりかん	グリコサミノグリカン	mac	名詞
ぐりこさみのぐりかんたいしゃしょうがい	グリコサミノグリカン代謝障害	ime	名詞
ぐりこぷろていん１びー５９	GPⅠb-Ⅴ-Ⅸ	mac	名詞
ぐりこぷろていん２びー３えー	GPⅡb-Ⅲa	mac	名詞
ぐりこべーすくりーむ	グリコベースクリーム	ime	名詞
ぐりこべーすなんこう	グリコベース軟膏	ime	名詞
ぐりこぺぷちどけいやく	グリコペプチド系薬	mac	名詞
ぐりこほりん	グリコホリン	mac	名詞
ぐりこーげんしんせたーぜけっそん	グリコーゲンシンセターゼ欠損	ime	名詞
ぐりこーげんせいびまんせいかんひだいしょう	グリコーゲン性びまん性肝肥大症	ime	名詞
ぐりこーげんちくせきしっかんせいみおぱちー	グリコーゲン蓄積疾患性ミオパチー	ime	名詞
ぐりこーるちゅうどく	グリコール中毒	ime	名詞
ぐりこーるるいのどくさよう	グリコール類の毒作用	ime	名詞
ぐりしる	グリシル	mac	名詞
ぐりしるさいくりん	グリシルサイクリン	mac	名詞
ぐりしるさいくりんけいやく	グリシルサイクリン系薬	mac	名詞
ぐりしん	グリシン	mac	名詞
ぐりしんにょうしょう	グリシン尿症	ime	名詞
ぐりしんほうごう	グリシン抱合	mac	名詞
ぐりじーるくりーむ	グリジールクリーム	ime	名詞
ぐりじーるすかるぷ	グリジールスカルプ	ime	名詞
ぐりじーるすかるぷろーしょん	グリジールスカルプローション	ime	名詞
ぐりじーるなんこう	グリジール軟膏	ime	名詞
ぐりせりしょうこうぐん	グリセリ症候群	ime	名詞
ぐりせりん	グリセリン	ime	名詞
ぐりせりんかりえき	グリセリンカリ液	ime	名詞
ぐりせりんかんちょうえき	グリセリン浣腸液	ime	名詞
ぐりせろーる	グリセロール	mac	名詞
ぐりせろーるてすと	グリセロールテスト	mac	名詞
ぐりそんしょう	グリソン鞘	both	名詞
ぐりそんひまく	グリソン被膜	mac	名詞
ぐりちるりちん	グリチルリチン	mac	名詞
ぐりぱす	グリパス	ime	名詞
ぐりぱす	グリパスC	ime	名詞
ぐりふぁーげんしー	グリファーゲン	ime	名詞
ぐりべんくらみど	グリベンクラミド	both	名詞
ぐりほさーと	グリホサート	mac	名詞
ぐりまっくかりゅう	グリマック顆粒	ime	名詞
ぐりまっくはいごうかりゅう	グリマック配合顆粒	ime	名詞
ぐりめさぞんなんこう	グリメサゾン軟膏	ime	名詞
ぐりめぴりど	グリメピリド	both	名詞
ぐりめりうすせんしょく	グリメリウス染色	mac	名詞
ぐりもーる	グリモール	ime	名詞
ぐるかごのーま	グルカゴノーマ	both	名詞
ぐるかごん	グルカゴン	both	名詞
ぐるかごんさんせいしゅよう	グルカゴン産生腫瘍	ime	名詞
ぐるかごんふか	グルカゴン負荷	ime	名詞
ぐるかごんふかしけん	グルカゴン負荷試験	ime	名詞
ぐるかん	グルカン	mac	名詞
ぐるくろのきしろまんなんこうげん	グルクロノキシロマンナン抗原	ime	名詞
ぐるくろんさん	グルクロン酸	mac	名詞
ぐるくろんさんほうごう	グルクロン酸抱合	mac	名詞
ぐるこ	グルコ	mac	名詞
ぐるここるちこいど	グルココルチコイド	mac	名詞
ぐるこしだーぜ	グルコシダーゼ	mac	名詞
ぐるこしど	グルコシド	mac	名詞
ぐるこしどけつごう	グルコシド結合	mac	名詞
ぐるこんさん	グルコン酸	mac	名詞
ぐるこんさんかるしうむ	グルコン酸カルシウム	ime	名詞
ぐるこんさんかるしうむすいわぶつ	グルコン酸カルシウム水和物	ime	名詞
ぐるこんさんくろるへきしじん	グルコン酸クロルヘキシジン	ime	名詞
ぐるこんさんくろるへきしじんえき	グルコン酸クロルヘキシジン液	ime	名詞
ぐるこんさんけーさいりゅう	グルコンサンK細粒	ime	名詞
ぐるこーす	グルコース	ime	名詞
ぐるこーすがらくとーすきゅうしゅうふりょうしょう	グルコース・ガラクトース吸収不良症	ime	名詞
ぐるこーすたいせいいじょう	グルコース耐性異常	ime	名詞
ぐるこーすとらんすぽーたー1けっそんしょう	グルコーストランスポーター1欠損症	ime	名詞
ぐるこーすはっこう	グルコース発酵	mac	名詞
ぐるこーすゆそうたい	グルコース輸送体	mac	名詞
ぐるこーす６ほすふぁたーぜ	グルコース-6-ホスファターゼ	mac	名詞
ぐるたちおん	グルタチオン	both	名詞
ぐるたちおんていりょう	グルタチオン定量	ime	名詞
ぐるたちおんほうごう	グルタチオン抱合	mac	名詞
ぐるたちん	グルタチン	ime	名詞
ぐるたみる	グルタミル	mac	名詞
ぐるたみるとらんすぺぷちだーぜ	グルタミルトランスペプチダーゼ	mac	名詞
ぐるたみんじゅようたいじここうたい	グルタミン受容体自己抗体	ime	名詞
ぐるたるさんけっしょう1がた	グルタル酸血症1型	ime	名詞
ぐるたるさんけっしょう2がた	グルタル酸血症2型	ime	名詞
ぐるたるさんにょうしょう	グルタル酸尿症	ime	名詞
ぐるたーるあるでひど	グルタールアルデヒド	mac	名詞
ぐるてちみどけいちゅうどく	グルテチミド系中毒	ime	名詞
ぐるてちみどちゅうどく	グルテチミド中毒	ime	名詞
ぐるてんかびんせいちょうしょう	グルテン過敏性腸症	ime	名詞
ぐるほしねーと	グルホシネート	mac	名詞
ぐるまーるかりゅう	グルマール顆粒	ime	名詞
ぐるみんかりゅう	グルミン顆粒	ime	名詞
ぐるーいやー	グルーイヤー	ime	名詞
ぐるーぷひこう	グループ非行	ime	名詞
ぐれいけっしょうばんしょうこうぐん	グレイ血小板症候群	ime	名詞
ぐれーすびっとさいりゅう	グレースビット細粒	ime	名詞
ぐれーぶすびょう	グレーブス病	ime	名詞
ぐろこっとせんしょく	Grocott染色	ime	名詞
ぐろこっとせんしょく	グロコット染色	both	名詞
ぐろすぱーるかりゅう	グロスパール顆粒	ime	名詞
ぐろすぱーるしろっぷ	グロスパールシロップ	ime	名詞
ぐろびん	グロビン	mac	名詞
ぐろぶりんかじょうけっしょう	グロブリン過剰血症	ime	名詞
ぐろぶりんくらすべつういるすこうたいか	グロブリンクラス別ウイルス抗体価	ime	名詞
ぐろぶりんくらすべつくらみじあと	グロブリンクラス別クラミジアトラコマチス抗体価	ime	名詞
ぐろぶりんーだぶりゅえふ	グロブリン	ime	名詞
ぐろぼいどさいぼうせいのうはくしついえいようしょう	グロボイド細胞性脳白質異栄養症	ime	名詞
ぐろぼとりあおしるせらみど	グロボトリアオシルセラミド	mac	名詞
ぐろむすけっかんしゅ	グロムス血管腫	ime	名詞
ぐろむすしゅよう	グロムス腫瘍	ime	名詞
ぐろりあみんかりゅう	グロリアミン顆粒	ime	名詞
ぐろりあみんはいごうかりゅう	グロリアミン配合顆粒	ime	名詞
ぐろーばーびょう	グローバー病	ime	名詞
ぐろーむすけっかんしゅ	グロームス血管腫	ime	名詞
ぐろーむすしゅよう	グロームス腫瘍	both	名詞
ぐろーむすしょうたい	グロームス小体	mac	名詞
ぐんぱつずつう	群発頭痛	mac	名詞
ぐんぱつせいずつう	群発性頭痛	ime	名詞
ぐんようれんきんかんせんぼたい	群溶連菌感染母体	ime	名詞
ぐーすねっくさいん	グースネックサイン	mac	名詞
げおとりくむしょう	ゲオトリクム症	ime	名詞
げおとりくむせいこうないえん	ゲオトリクム性口内炎	ime	名詞
げかけい	外科頚	mac	名詞
げかけっさつ	外科結紮	mac	名詞
げかてききょうせい	外科的矯正	mac	名詞
げかますいき	外科麻酔期	mac	名詞
げかん	下疳	mac	名詞
げきえつ	激越	ime	名詞
げきえつせいうつしょう	激越性うつ症	ime	名詞
げきえつせいうつびょう	激越性うつ病	ime	名詞
げきしょう	劇症	ime	名詞
げきしょう	激症	ime	名詞
げきしょう1がたとうにょうびょう	劇症1型糖尿病	ime	名詞
げきしょういちがたとうにょうびょう	劇症1型糖尿病	ime	名詞
げきしょうか	劇症化	mac	名詞
げきしょうかんえん	劇症肝炎	both	名詞
げきしょうがたAぐんれんさきゅうきんかんせんしょう	劇症型A群連鎖球菌感染症	ime	名詞
げきしょうがたかいようせいだいちょうえん	劇症型潰瘍性大腸炎	ime	名詞
げきしょうがたしんきんえん	劇症型心筋炎	ime	名詞
げきしょうしはんびょう	劇症紫斑病	ime	名詞
げきしょうたいじょうほうしん	劇症帯状疱疹	ime	名詞
げきしょうはいえん	劇症肺炎	mac	名詞
げきしょう１がたとうにょうびょう	劇症1型糖尿病	mac	名詞
げきはつかつどう	撃発活動	mac	名詞
げけつ	下血	ime	名詞
げざいらんよう	下剤乱用	ime	名詞
げしゅうるはいごうさいりゅう	ゲシュウル配合細粒	ime	名詞
げすたーげん	ゲスターゲン	mac	名詞
げすとろん	ゲストロン	ime	名詞
げっくらーぶんるい	Geckler分類	ime	名詞
げっけい	月経	ime	名詞
げっけいいじょう	月経異常	ime	名詞
げっけいかいしび	月経開始日	mac	名詞
げっけいかた	月経過多	mac	名詞
げっけいこんなん	月経困難	ime	名詞
げっけいこんなんしょう	月経困難症	ime	名詞
げっけいじとうつう	月経時疼痛	mac	名詞
げっけいずいはんせいききょう	月経随伴性気胸	both	名詞
げっけいせいしにくえん	月経性歯肉炎	ime	名詞
げっけいぜんきんちょうしょう	月経前緊張症	ime	名詞
げっけいぜんしょうこうぐん	月経前症候群	ime	名詞
げっけいぜんふしゅ	月経前浮腫	ime	名詞
げっけいぜんへんずつう	月経前片頭痛	ime	名詞
げっけいちゅうかんきしゅっけつ	月経中間期出血	ime	名詞
げっけいつう	月経痛	ime	名詞
げっけいふじゅん	月経不順	ime	名詞
げっけいへんずつう	月経片頭痛	ime	名詞
げっけいもりみな	月経モリミナ	both	名詞
げっけいろう	月経瘻	ime	名詞
げつじょうこつ	月状骨	both	名詞
げつじょうこつかいほうこっせつ	月状骨開放骨折	ime	名詞
げつじょうこつこっせつ	月状骨骨折	ime	名詞
げつじょうこつしゅうい	月状骨周囲	ime	名詞
げつじょうこつしゅういだっきゅう	月状骨周囲脱臼	ime	名詞
げつじょうこつじゃくねんせいこつなんこつしょう	月状骨若年性骨軟骨症	ime	名詞
げつじょうこつだっきゅう	月状骨脱臼	ime	名詞
げつじょうめん	月状面	mac	名詞
げねつちんつうやく	解熱鎮痛薬	mac	名詞
げのむそうやく	ゲノム創薬	mac	名詞
げのむてきすりこみ	ゲノム的刷り込み	mac	名詞
げふぁにーるさいりゅう	ゲファニール細粒	ime	名詞
げふぁるとさいりゅう	ゲファルト細粒	ime	名詞
げふぁるなーと	ゲファルナート	ime	名詞
げふぁるなーとさいりゅう	ゲファルナート細粒	ime	名詞
げふぃちにぶ	ゲフィチニブ	mac	名詞
げむしたびん	ゲムシタビン	mac	名詞
げむつずまぶ	ゲムツズマブ	mac	名詞
げらんすたーんしょうこうぐん	ゲラン・スターン症候群	ime	名詞
げりがたかびんせいちょうしょうこうぐん	下痢型過敏性腸症候群	ime	名詞
げりしょう	下痢症	ime	名詞
げりせいかびんせいちょうしょうこうぐん	下痢性過敏性腸症候群	ime	名詞
げるじゅうてんじんこうにゅうぼうさいけんじゅつ	ゲル充填人工乳房を用いた乳房再建術	ime	名詞
げるすとまんしゅとろいすらーしゃいんかーしょう	ゲルストマン・シュトロイスラー・シャインカー症候群	ime	名詞
げるすとまんしょうこうぐん	Gerstmann症候群	ime	名詞
げるすとまんしょうこうぐん	ゲルストマン症候群	both	名詞
げるとねるかんのうほう	ゲルトネル管嚢胞	ime	名詞
げるなーとなんこう	ゲルナート軟膏	ime	名詞
げるはるとしょうこうぐん	ゲルハルト症候群	ime	名詞
げんあつ	減圧	ime	名詞
げんあつかいとうじゅつ	減圧開頭術	ime	名詞
げんあつしょう	減圧症	both	名詞
げんあつせきずいせっかいじゅつ	減圧脊髄切開術	ime	名詞
げんあつたんくりょうほう	減圧タンク療法	ime	名詞
げんいんきんふめいずいまくえん	原因菌不明髄膜炎	ime	名詞
げんいんし	原因歯	mac	名詞
げんいんふめい	原因不明	ime	名詞
げんいんふめいのしぼう	原因不明の死亡	ime	名詞
げんいんふめいのようすいかしょうしょう	原因不明の羊水過少症	ime	名詞
げんいんふめいはつねつ	原因不明発熱	ime	名詞
げんうんしょう	眩暈症	ime	名詞
げんえいさいぼう	幻影細胞	mac	名詞
げんおう	減黄	mac	名詞
げんかく	幻覚	ime	名詞
げんかくさいぼう	原核細胞	mac	名詞
げんかくざいいぞん	幻覚剤依存	ime	名詞
げんかくざいらんよう	幻覚剤乱用	ime	名詞
げんかくしょう	幻覚症	ime	名詞
げんかくもうそうじょうたい	幻覚妄想状態	ime	名詞
げんかくやく	幻覚薬	mac	名詞
げんかくやくいぞん	幻覚薬依存	ime	名詞
げんかくやくしよう	幻覚薬使用	ime	名詞
げんかくやくやくぶついぞん	幻覚薬薬物依存	ime	名詞
げんかくやくらんよう	幻覚薬乱用	ime	名詞
げんがいろか	限外濾過	mac	名詞
げんがんいでんし	原がん遺伝子	mac	名詞
げんきょく	限局	mac	名詞
げんきょくかいようがた	限局潰瘍型	ime	名詞
げんきょくがたうぇじなーにくげしゅしょう	限局型ウェジナー肉芽腫症	ime	名詞
げんきょくがたじゃくねんせいししゅうえん	限局型若年性歯周炎	ime	名詞
げんきょくしゅよう	限局腫瘍	mac	名詞
げんきょくせい	限局性	ime	名詞
げんきょくせいあくせいきょうまくちゅうひしゅ	限局性悪性胸膜中皮腫	ime	名詞
げんきょくせいあみろいどしょう	限局性アミロイド症	ime	名詞
げんきょくせいあみろいどーしす	限局性アミロイドーシス	ime	名詞
げんきょくせいえんばんじょう	限局性円板状	ime	名詞
げんきょくせいえんばんじょうえりてまとーです	限局性円板状エリテマトーデス	ime	名詞
げんきょくせいえんばんじょうこうはんせいろうそう	限局性円板状紅斑性狼瘡	ime	名詞
げんきょくせいかいちょうえん	限局性回腸炎	ime	名詞
げんきょくせいかゆみしょう	限局性痒み症	ime	名詞
げんきょくせいがいじどうえん	限局性外耳道炎	ime	名詞
げんきょくせいきかんしかくちょうしょう	限局性気管支拡張症	ime	名詞
げんきょくせいきょうひしょう	限局性強皮症	ime	名詞
げんきょくせいきんえん	限局性筋炎	ime	名詞
げんきょくせいげんぱつせいへんけいせいかんせつしょう	限局性原発性変形性関節症	ime	名詞
げんきょくせいこうさいいしゅく	限局性虹彩萎縮	ime	名詞
げんきょくせいしがいけいせいしょう	限局性歯牙異形成症	ime	名詞
げんきょくせいしにくたいしゅく	限局性歯肉退縮	ime	名詞
げんきょくせいしぼういえいようしょう	限局性脂肪異栄養症	ime	名詞
げんきょくせいしぼうしょう	限局性脂肪症	ime	名詞
げんきょくせいしんけいひふえん	限局性神経皮膚炎	ime	名詞
げんきょくせいしんしゅつせいもうみゃくらくまくえん	限局性滲出性網脈絡膜炎	ime	名詞
げんきょくせいすいえん	限局性膵炎	ime	名詞
げんきょくせいぜんりつせんがん	限局性前立腺癌	ime	名詞
げんきょくせいそうようしょう	限局性そう痒症	ime	名詞
げんきょくせいたもうしょう	限局性多毛症	ime	名詞
げんきょくせいだいちょうえん	限局性大腸炎	ime	名詞
げんきょくせいちゅうすいえん	限局性虫垂炎	ime	名詞
げんきょくせいちゅうひしゅ	限局性中皮腫	ime	名詞
げんきょくせいちょうえん	限局性腸炎	ime	名詞
げんきょくせいちょうきょけつ	限局性腸虚血	ime	名詞
げんきょくせいちょくちょうえん	限局性直腸炎	ime	名詞
げんきょくせいちょくちょうかいよう	限局性直腸潰瘍	ime	名詞
げんきょくせいねんえきすいしゅ	限局性粘液水腫	mac	名詞
げんきょくせいのういしゅくしょう	限局性脳萎縮症	ime	名詞
げんきょくせいのうきょう	限局性膿胸	ime	名詞
げんきょくせいは	限局性歯	ime	名詞
げんきょくせいはっかんかたしょう	限局性発汗過多症	ime	名詞
げんきょくせいはのいけいせいしょう	限局性歯の異形成症	ime	名詞
げんきょくせいひかしゅちょう	限局性皮下腫脹	ime	名詞
げんきょくせいひしついけいせい	限局性皮質異形成	ime	名詞
げんきょくせいひょうざいせいしゅちょう	限局性表在性腫脹	ime	名詞
げんきょくせいふくくうのうようしゅじ	限局性腹腔膿瘍手術	ime	名詞
げんきょくせいふくまくえん	限局性腹膜炎	ime	名詞
げんきょくせいふしゅ	限局性浮腫	ime	名詞
げんきょくせいりんぱせつしゅだい	限局性リンパ節腫大	ime	名詞
げんごさてつ	言語蹉跌	both	名詞
げんごしつにん	言語失認	ime	名詞
げんごしょうがい	言語障害	ime	名詞
げんごしんさく	言語新作	mac	名詞
げんごちえん	言語遅延	ime	名詞
げんごちたい	言語遅滞	ime	名詞
げんごのさらだ	言語のサラダ	mac	名詞
げんごはったつしょうがい	言語発達障害	both	名詞
げんごはったつちたい	言語発達遅滞	both	名詞
げんごはついくちえん	言語発育遅延	ime	名詞
げんごはついくちたい	言語発育遅滞	ime	名詞
げんごりかいしょうがい	言語理解障害	ime	名詞
げんし	幻肢	ime	名詞
げんし	幻視	ime	名詞
げんしいん	原死因	mac	名詞
げんしうしつ	原始右室	mac	名詞
げんしか	原始窩	mac	名詞
げんしがい	原子外	mac	名詞
げんしきゅうこうほう	原子吸光法	mac	名詞
げんしけっせつ	原始結節	mac	名詞
げんしこうびくう	原始後鼻腔	mac	名詞
げんしこしつ	原始鼓室	mac	名詞
げんしさいじょうみゃく	原始臍静脈	mac	名詞
げんしさいたい	原始臍帯	mac	名詞
げんしさいりん	原始臍輪	mac	名詞
げんしさしつ	原始左室	mac	名詞
げんしさんさしんけいどうみゃく	原始三叉神経動脈	ime	名詞
げんししうりょうたんい	原子質量単位	mac	名詞
げんししょうこうぐん	幻肢症候群	ime	名詞
げんししんけいがいはいようしゅよう	原始神経外胚葉腫瘍	ime	名詞
げんししんけいがいはいようせいしゅよう	原始神経外胚葉性腫瘍	ime	名詞
げんしじくさく	原始軸索	mac	名詞
げんしじしんけいどうみゃく	原始耳神経動脈	ime	名詞
げんしじゅじょうとっき	原始樹状突起	mac	名詞
げんしじんう	原始腎盂	mac	名詞
げんしせい	原始性	ime	名詞
げんしせいしょくさいぼう	原始生殖細胞	mac	名詞
げんしせいしょくさく	原始生殖索	mac	名詞
げんしせいせん	原始性腺	mac	名詞
げんしせいのうほう	原始性嚢胞	both	名詞
げんしせんじょう	原始線条	mac	名詞
げんしぜっかしんけいどうみゃく	原始舌下神経動脈	ime	名詞
げんしだいのうはんきゅう	原始大脳半球	mac	名詞
げんしちょうかん	原始腸間	mac	名詞
げんしっかん	原疾患	mac	名詞
げんしつう	幻肢痛	ime	名詞
げんしはいがいたいくう	原始胚外体腔	mac	名詞
げんしはいどうみゃく	原始肺動脈	mac	名詞
げんしはいほう	原始肺胞	mac	名詞
げんしはんしゃ	原始反射	mac	名詞
げんしはんのう	原始反応	mac	名詞
げんしひしつ	原始皮質	mac	名詞
げんしゆうはつてすと	幻視誘発試験	ime	名詞
げんしょう	現症	mac	名詞
げんしらんおうのう	原始卵黄嚢	mac	名詞
げんしらんぽう	原始卵胞	mac	名詞
げんじゃく	減弱	mac	名詞
げんじん	ゲンジン	ime	名詞
げんすうぶんれつせいふぶんり	減数分裂性不分離	ime	名詞
げんすうぶんれつせいふぶんりとりそみー	減数分裂性不分離トリソミー	ime	名詞
げんすうぶんれつせいふぶんりとりそみー	減数分裂性不分離トリソミー13	ime	名詞
げんすうぶんれつせいふぶんりとりそみー	減数分裂性不分離トリソミー18	ime	名詞
げんすうぶんれつせいふぶんりとりそみー	減数分裂性不分離トリソミー21	ime	名詞
げんせい	源性	mac	名詞
げんせいどうぶつ	原生動物	mac	名詞
げんせんいせいせいさいぼうしゅ	原線維性星細胞腫	ime	名詞
げんそくき	減速期	mac	名詞
げんそくきんき	原則禁忌	mac	名詞
げんたしんくりーむ	ゲンタシンクリーム	ime	名詞
げんたしんなんこう	ゲンタシン軟膏	ime	名詞
げんたまいしん	ゲンタマイシン	mac	名詞
げんたまいしんりゅうさんえん	ゲンタマイシン硫酸塩	ime	名詞
げんたまいしんりゅうさんえんなんこう	ゲンタマイシン硫酸塩軟膏	ime	名詞
げんたろーるてんがんえき	ゲンタロール点眼液	ime	名詞
げんちあな	ゲンチアナ	both	名詞
げんちゅうしょう	原虫症	mac	名詞
げんちゅうせいしっかん	原虫性疾患	mac	名詞
げんちゅうせいだいちょうえん	原虫性大腸炎	ime	名詞
げんちょう	原腸	mac	名詞
げんちょう	幻聴	ime	名詞
げんちょうけいせい	原腸形成	mac	名詞
げんちょうせっかい	減張切開	mac	名詞
げんちょうほうごう	減張縫合	mac	名詞
げんにょう	原尿	mac	名詞
げんのしょうこ	ゲンノショウコ	ime	名詞
げんのしょうこまつ	ゲンノショウコ末	ime	名詞
げんばしもん	現場指紋	mac	名詞
げんぱつかいほうぐうかくりょくないしょう	原発開放隅角緑内障	ime	名詞
げんぱつせい	原発性	ime	名詞
げんぱつせいあくせいのうしゅよう	原発性悪性脳腫瘍	ime	名詞
げんぱつせいあみろいどーしす	原発性アミロイドーシス	ime	名詞
げんぱつせいあめーばせいずいまくのうえん	原発性アメーバ性髄膜脳炎	ime	名詞
げんぱつせいあるどすてろんかじょうしょう	原発性アルドステロン過剰症	mac	名詞
げんぱつせいあるどすてろんしょう	原発性アルドステロン症	both	名詞
げんぱつせいいけいはいえん	原発性異型肺炎	ime	名詞
げんぱつせいえきかたかんしょう	原発性腋窩多汗症	ime	名詞
げんぱつせいかいほうぐうかくりょくないしょう	原発性開放隅角緑内障	mac	名詞
げんぱつせいかんがん	原発性肝癌	ime	名詞
げんぱつせいかんさいぼうがん	原発性肝細胞癌	ime	名詞
げんぱつせいかんせつしょう	原発性関節症	ime	名詞
げんぱつせいきはつげっけい	原発性希発月経	ime	名詞
げんぱつせいきょくしょせいたかんしょう	原発性局所性多汗症	ime	名詞
げんぱつせいくりおぐろぶりんけっしょう	原発性クリオグロブリン血症	ime	名詞
げんぱつせいけっしょうばんげんしょうしょう	原発性血小板減少症	ime	名詞
げんぱつせいげっけいこんなんしょう	原発性月経困難症	ime	名詞
げんぱつせいこう	原発性抗	ime	名詞
げんぱつせいこう	原発性高	ime	名詞
げんぱつせいこうかいろみくろんけっしょう	原発性高カイロミクロン血症	ime	名詞
げんぱつせいこうかせいたんかんえん	原発性硬化性胆管炎	both	名詞
げんぱつせいこうしけっしょう	原発性高脂血症	ime	名詞
げんぱつせいこうしゅうさんにょうしょう	原発性高シュウ酸尿症	ime	名詞
げんぱつせいこうじょうせんきのうこうしんしょう	原発性甲状腺機能亢進症	ime	名詞
げんぱつせいこうじょうせんきのうていかしょう	原発性甲状腺機能低下症	ime	名詞
げんぱつせいこうないえん	原発性口内炎	ime	名詞
げんぱつせいこうにょうさんけっしょう	原発性高尿酸血症	ime	名詞
げんぱつせいこうりんししつこうたいしょうこうぐん	原発性抗リン脂質抗体症候群	ime	名詞
げんぱつせいこかんせつしょう	原発性股関節症	ime	名詞
げんぱつせいこくしょくしゅ	原発性黒色腫	ime	名詞
げんぱつせいこつしゅよう	原発性骨腫瘍	ime	名詞
げんぱつせいこつずいせんいしょう	原発性骨髄線維症	both	名詞
げんぱつせいしきゅうたいしっかん	原発性糸球体疾患	mac	名詞
げんぱつせいししこつなんぶしゅよう	原発性四肢骨軟部腫瘍	mac	名詞
げんぱつせいししんけいいしゅく	原発性視神経萎縮	ime	名詞
げんぱつせいしつかんせつしょう	原発性膝関節症	ime	名詞
げんぱつせいしょうせきたかんしょう	原発性掌蹠多汗症	ime	名詞
げんぱつせいしょうのうへんせいしょう	原発性小脳変性症	ime	名詞
げんぱつせいしんしゅつせいりんぱしゅ	原発性滲出性リンパ腫	ime	名詞
げんぱつせいじょうひしょうたいきのうこうしんしょう	原発性上皮小体機能亢進症	ime	名詞
げんぱつせいじんつうびじゃく	原発性陣痛微弱	ime	名詞
げんぱつせいせきがきゅう	原発性赤芽球	ime	名詞
げんぱつせいせきがきゅうろう	原発性赤芽球ろう	ime	名詞
げんぱつせいせんもうきのうふぜんしょう	原発性線毛機能不全症	mac	名詞
げんぱつせいぜんしんせい	原発性全身性	ime	名詞
げんぱつせいぜんしんせいあみろいどーしす	原発性全身性アミロイドーシス	ime	名詞
げんぱつせいぜんしんせいかんせつしょう	原発性全身性関節症	ime	名詞
げんぱつせいぜんしんせいたかんしょう	原発性全身性多汗症	ime	名詞
げんぱつせいそくさくこうかしょう	原発性側索硬化症	ime	名詞
げんぱつせいたんじゅうせいかんこうへん	原発性胆汁性肝硬変	both	名詞
げんぱつせいだつずいしっかん	原発性脱髄疾患	ime	名詞
げんぱつせいつうふう	原発性痛風	ime	名詞
げんぱつせいてい	原発性低	ime	名詞
げんぱつせいていりんけっしょうくるびょう	原発性低リン血症くる病	ime	名詞
げんぱつせいてつがきゅうせいひんけつ	原発性鉄芽球性貧血	ime	名詞
げんぱつせいとうがいないしゅよう	原発性頭蓋内腫瘍	ime	名詞
げんぱつせいにょうさいかんせい	原発性尿細管性	ime	名詞
げんぱつせいにょうさいかんせいあしどーしす	原発性尿細管性アシドーシス	ime	名詞
げんぱつせいにんちしょう	原発性認知症	ime	名詞
げんぱつせいのうしゅよう	原発性脳腫瘍	ime	名詞
げんぱつせいはい	原発性肺	ime	名詞
げんぱつせいはいあみろいどーしす	原発性肺アミロイドーシス	mac	名詞
げんぱつせいはいがん	原発性肺癌	both	名詞
げんぱつせいはいこうけつあつしょう	原発性肺高血圧症	ime	名詞
げんぱつせいはいしゅよう	原発性肺腫瘍	mac	名詞
げんぱつせいはいぺすと	原発性肺ペスト	ime	名詞
げんぱつせいはいほうていかんきしょうこうぐん	原発性肺胞低換気症候群	ime	名詞
げんぱつせいはくないしょう	原発性白内障	ime	名詞
げんぱつせいはんじょうひふいしゅくしょう	原発性斑状皮膚萎縮症	ime	名詞
げんぱつせいぱーきんそんしょうこうぐん	原発性パーキンソン症候群	ime	名詞
げんぱつせいひだいせいこつかんせつしょう	原発性肥大性骨関節症	ime	名詞
げんぱつせいひていけいはいえん	原発性非定型肺炎	ime	名詞
げんぱつせいひふろほうちゅうしんりんぱしゅ	原発性皮膚濾胞中心リンパ腫	ime	名詞
げんぱつせいびじゃくじんつう	原発性微弱陣痛	ime	名詞
げんぱつせいびまんせいかんしつせいはいえん	原発性びまん性間質性肺炎	ime	名詞
げんぱつせいふくこうじょうせんきのうこうしんしょう	原発性副甲状腺機能亢進症	both	名詞
げんぱつせいふくまくえん	原発性腹膜炎	ime	名詞
げんぱつせいふにんしょう	原発性不妊症	ime	名詞
げんぱつせいふみんしょう	原発性不眠症	mac	名詞
げんぱつせいへいそくぐうかくりょくないしょう	原発性閉塞隅角緑内障	mac	名詞
げんぱつせいへるぺすういるすせいこうないえん	原発性ヘルペスウイルス性口内炎	ime	名詞
げんぱつせいへるぺすせいこうないえん	原発性ヘルペス性口内炎	ime	名詞
げんぱつせいへんけいせいかんせつしょう	原発性変形性関節症	ime	名詞
げんぱつせいへんせいちほう	原発性変性痴呆	ime	名詞
げんぱつせいほたいけっそんしょう	原発性補体欠損症	ime	名詞
げんぱつせいぼし	原発性母指	ime	名詞
げんぱつせいぼしCMかんせつしょう	原発性母指CM関節症	ime	名詞
げんぱつせいぼししーえむかんせつしょう	原発性母指CM関節症	ime	名詞
げんぱつせいまくろぐろぶりんけっしょう	原発性マクログロブリン血症	both	名詞
げんぱつせいむきはい	原発性無気肺	ime	名詞
げんぱつせいむげっけい	原発性無月経	both	名詞
げんぱつせいむせいししょう	原発性無精子症	ime	名詞
げんぱつせいめんえきふぜんしょう	原発性免疫不全症	mac	名詞
げんぱつせいめんえきふぜんしょうこうぐん	原発性免疫不全症候群	ime	名詞
げんぱつせいらんそうがん	原発性卵巣癌	ime	名詞
げんぱつせいらんそうきのうていかしょう	原発性卵巣機能低下症	ime	名詞
げんぱつせいりょくないしょう	原発性緑内障	ime	名詞
げんぱつせいりんぱきゅうげんしょうせいめんえきふぜんし	原発性リンパ球減少性免疫不全症	ime	名詞
げんぱつそう	原発巣	mac	名詞
げんぱつふめいがん	原発不明がん	mac	名詞
げんぱつふめいがん	原発不明癌	ime	名詞
げんぱつへいそくぐうかくしょう	原発閉塞隅角症	ime	名詞
げんぱつへいそくぐうかくりょくないしょう	原発閉塞隅角緑内障	ime	名詞
げんひしつ	原皮質	mac	名詞
げんびょうそう	原病巣	mac	名詞
げんびょうれき	現病歴	mac	名詞
げんやくりょう	原薬量	mac	名詞
げんりょうしゅじゅつ	減量手術	mac	名詞
げーべんくりーむ	ゲーベンクリーム	ime	名詞
ごいんし	Ⅴ因子	mac	名詞
ごいんせい	誤飲性	mac	名詞
ごうおんべんべつのうけんさ	語音弁別能検査	mac	名詞
ごうきょくがくこうちゅう	剛棘顎口虫	mac	名詞
ごうけいとくしゅしゅっせいりつ	合計特殊出生率	mac	名詞
ごうざい	合剤	mac	名詞
ごうししょう	合指症	both	名詞
ごうししょう	合趾症	ime	名詞
ごうししょうしゅじゅつ	合指症手術	ime	名詞
ごうせい	合成	ime	名詞
ごうせいき	合成期	mac	名詞
ごうせいきゅうしゅうせいこっぺんせつ	合成吸収性骨片接合材	ime	名詞
ごうせいきゅうしゅうせいゆちゃくぼう	合成吸収性癒着防止材	ime	名詞
ごうせいけいさんあるみにうむ	合成ケイ酸アルミニウム	ime	名詞
ごうせいしょうがい	合成障害	mac	名詞
ごうせいのう	合成能	mac	名詞
ごうせいまやく	合成麻薬	mac	名詞
ごうせいわくちん	合成ワクチン	mac	名詞
ごうちゅう	号注	ime	名詞
ごうほうたい	合胞体	mac	名詞
ごえんせい	誤嚥性	both	名詞
ごえんせいはいえん	誤嚥性肺炎	both	名詞
ごえんのきけんせい	誤嚥の危険性	mac	名詞
ごえんぼうし	誤嚥防止	mac	名詞
ごえんりすく	誤嚥リスク	mac	名詞
ごえー	Ⅴa	mac	名詞
ごおん	語音	mac	名詞
ごおんおーじおめとりー	語音オージオメトリー	mac	名詞
ごおんちょうしゅいきち	語音聴取閾値	mac	名詞
ごおんちょうりょく	語音聴力	mac	名詞
ごおんちょうりょくいきち	語音聴力閾値	mac	名詞
ごおんちょうりょくけんさ	語音聴力検査	mac	名詞
ごおんべんべつのう	語音弁別能	mac	名詞
ごおんめんりょうど	語音明瞭度	mac	名詞
ごがた	V型	ime	名詞
ごがたあれるぎー	Ⅴ型アレルギー	mac	名詞
ごくしょうみじゅくじ	極小未熟児	ime	名詞
ごくちょうさほうわしぼうさん	極長鎖飽和脂肪酸	ime	名詞
ごくていしゅっしょうたいじゅうじ	極低出生体重児	mac	名詞
ごくていしゅっせいたいじゅうじ	極低出生体重児	both	名詞
ごことう	五虎湯	ime	名詞
ごしつ	ゴシツ	ime	名詞
ごしゃくさん	五積散	ime	名詞
ごしゃじんきがん	牛車腎気丸	ime	名詞
ごしゅゆ	ゴシュユ	ime	名詞
ごしゅゆとう	呉茱萸湯	ime	名詞
ごじゅうかた	五十肩	ime	名詞
ごそうかん	誤挿管	mac	名詞
ごたいにんしん	五胎妊娠	ime	名詞
ごたいにんしんしんせいじ	五胎妊娠新生児	ime	名詞
ごたいにんしんたいじ	五胎妊娠胎児	ime	名詞
ごたいぶんべん	五胎分娩	ime	名詞
ごたんとう	五炭糖	mac	名詞
ごたんとうにょうしょう	五炭糖尿症	ime	名詞
ごたんとうりんさん	五炭糖リン酸	mac	名詞
ごちょう	五徴	ime	名詞
ごっとろんきゅうしん	ゴットロン丘疹	ime	名詞
ごっとろんちょうこう	ゴットロン兆候	mac	名詞
ごなとろぴん	ゴナトロピン	ime	名詞
ごなどとろぴん	ゴナドトロピン	mac	名詞
ごなどとろぴんさんせいかすいたいしゅよう	ゴナドトロピン産生下垂体腫瘍	ime	名詞
ごなどとろぴんさんせいかすいたいせんしゅ	ゴナドトロピン産生下垂体腺腫	both	名詞
ごなどとろぴんさんせいしゅよう	ゴナドトロピン産生腫瘍	mac	名詞
ごなどとろぴんさんせいせんしゅ	ゴナドトロピン産生腺腫	ime	名詞
ごなどとろぴんたんどくけっそんしょう	ゴナドトロピン単独欠損症	ime	名詞
ごなどとろぴんふかしけん	ゴナドトロピン負荷試験	ime	名詞
ごなどとろぴんぶんぴいじょう	ゴナドトロピン分泌異常	ime	名詞
ごのほうそく	5の法則	mac	名詞
ごぱらんしょうこうぐん	ゴパラン症候群	ime	名詞
ごぼうし	ゴボウシ	ime	名詞
ごま	ゴマ	ime	名詞
ごまゆ	ゴマ油	ime	名詞
ごみし	ゴミシ	ime	名詞
ごむしゅ	ゴム腫	both	名詞
ごむしゅせいふらんべじあ	ゴム腫性フランベジア	ime	名詞
ごむのう	ゴム嚢	mac	名詞
ごもりとりくろーむせんしょく	Gomori-Trichrome染色	ime	名詞
ごりんさん	五淋散	ime	名詞
ごるいかんせんしょう	五類感染症	both	名詞
ごるじさいぼう	ゴルジ細胞	mac	名詞
ごるりんしゃうどりいもすしょうこうぐん	ゴルリン・シャウドリイ・モス症候群	ime	名詞
ごれいさん	五苓散	mac	名詞
ごろう	語聾	mac	名詞
ごんぎろねーましょう	ゴンギロネーマ症	ime	名詞
ごーしぇびょう	Gaucher病	ime	名詞
ごーしぇびょう	ゴーシェ病	both	名詞
ごーしぇびょう1がた	ゴーシェ病1型	ime	名詞
ごーしぇびょう2がた	ゴーシェ病2型	ime	名詞
ごーしぇびょう3がた	ゴーシェ病3型	ime	名詞
ごーるでんはーしょうこうぐん	ゴールデンハー症候群	ime	名詞
ごーるどぶらっとじん	ゴールドブラット腎	ime	名詞
ごーるどまん	ゴールドマン	mac	名詞
ごーるどまんあつへいがんあつけい	Goldmann圧平眼圧計	ime	名詞
ごーるどまんがんあつけい	ゴールドマン眼圧計	mac	名詞
ごーるどまんさんめんきょう	Goldmann三面鏡	ime	名詞
ごーるどまんしやけい	Goldmann視野計	ime	名詞
ごーるどまんしやけい	ゴールドマン視野計	mac	名詞
