まいあーそんちょうこう	Myerson徴候	win	名詞
まいくろあでのーま	マイクロアデノーマ	win	名詞
まいくろさてらいと	マイクロサテライト	mac	名詞
まいくろさーじぇりー	マイクロサージェリー	mac	名詞
まいくろしーるどぴーぶいぴー	マイクロシールド	win	名詞
まいくろぞーむ	マイクロゾーム	mac	名詞
まいくろぞーむこうたい	マイクロゾーム抗体	win	名詞
まいくろとらんすふぇりん	マイクロトランスフェリン	win	名詞
まいくろばぶるてすと	マイクロバブルテスト	win	名詞
まいくろばるぶてすと	マイクロバルブテスト	mac	名詞
まいくろふらくちゃーほう	マイクロフラクチャー法	mac	名詞
まいこぞーるくりーむ	マイコゾールクリーム	win	名詞
まいこばくてりあしょう	マイコバクテリア症	win	名詞
まいこばくてりうむ	マイコバクテリウム	mac	名詞
まいこばくてりうむあびうむいんとらせるらーかくさんどう	マイコバクテリウムアビウム・イントラセルラー核酸同定	win	名詞
まいこぷらすましょう	マイコプラスマ症	win	名詞
まいこぷらずま	マイコプラズマ	both	名詞
まいこぷらずまかんせんしょう	マイコプラズマ感染症	win	名詞
まいこぷらずまきかんしえん	マイコプラズマ気管支炎	win	名詞
まいこぷらずまこうげん	マイコプラズマ抗原	win	名詞
まいこぷらずまこうげんていせい	マイコプラズマ抗原定性	win	名詞
まいこぷらずまこうたいか	マイコプラズマ抗体価	win	名詞
まいこぷらずませいせんてんせいはいえん	マイコプラズマ性先天性肺炎	win	名詞
まいこぷらずまはいえん	マイコプラズマ肺炎	both	名詞
まいすたんさいりゅう	マイスタン細粒	win	名詞
まいすなー	マイスナー	mac	名詞
まいすなーしょうたい	マイスナー小体	mac	名詞
まいすなーしんけいそう	マイスナー神経叢	mac	名詞
まいとまいしん	マイトマイシン	mac	名詞
まいなーとりそみー	マイナートリソミー	win	名詞
まいねるときていかく	マイネルト基底核	mac	名詞
まいふくし	埋伏歯	win	名詞
まいふくちし	埋伏智歯	both	名詞
まいぼついんけい	埋没陰茎	both	名詞
まいぼつみみ	埋没耳	win	名詞
まいぼーむせん	マイボーム腺	win	名詞
まいぼーむせんえん	マイボーム腺炎	win	名詞
まいぼーむせんきのうふぜん	マイボーム腺機能不全	win	名詞
まいぼーむせんこうそく	マイボーム腺梗塞	win	名詞
まいぼーむせんこうそくてきしゅつじゅ	マイボーム腺梗塞摘出術	win	名詞
まいぼーむせんしゅよう	マイボーム腺腫瘍	win	名詞
まいぼーむせんせっかいじゅつ	マイボーム腺切開術	win	名詞
まいぼーむせんぶんぴかた	マイボーム腺分泌過多	win	名詞
まいやーそんちょうこう	Myerson徴候	win	名詞
まいやーそんちょうこう	マイヤーソン徴候	win	名詞
まいりすちつざざい	マイリス腟坐剤	win	名詞
まいりーてんびえき	マイリー点鼻液	win	名詞
まおう	マオウ	win	名詞
まおう	麻黄	mac	名詞
まおうとう	麻黄湯	win	名詞
まおうぶしさいしんとう	麻黄附子細辛湯	win	名詞
まきさかるしとーる	マキサカルシトール	win	名詞
まきさかるしとーるなんこう	マキサカルシトール軟膏	win	名詞
まきしでっくすけんだくせいてんがん	マキシデックス懸濁性点眼液	win	名詞
まきづめ	巻爪	win	名詞
まきょう	麻杏	win	名詞
まきょうかんせきとう	麻杏甘石湯	win	名詞
まきょうよくかんとうえきすかりゅう	麻杏よく甘湯エキス顆粒	win	名詞
まくあんていか	膜安定化	mac	名詞
まくいおんとうかせい	膜イオン透過性	mac	名詞
まくいじょう	膜異常	mac	名詞
まくかんげき	膜間隙	mac	名詞
まくかんつう	膜貫通	mac	名詞
まくかんつうがた	膜貫通型	mac	名詞
まくがたじんこうはい	膜型人工肺	mac	名詞
まくきゅーんおるぶらいとしょうこうぐん	マクキューン・オルブライト症候群	win	名詞
まくけつごうこうぶんしがた	膜結合高分子型	mac	名詞
まくこうげき	膜攻撃	mac	名詞
まくこうげきふくごうたい	膜攻撃複合体	mac	名詞
まくしょうしんけいしょう	膜症神経症	win	名詞
まくじゅようたい	膜受容体	mac	名詞
まくせい	膜性	mac	名詞
まくせいいんとうえん	膜性咽頭炎	win	名詞
まくせいきかんしえん	膜性気管支炎	win	名詞
まくせいこっか	膜性骨化	mac	名詞
まくせいこつか	膜性骨化	mac	名詞
まくせいしきゅうたいじんえん	膜性糸球体腎炎	both	名詞
まくせいしんけいとうがい	膜性神経頭蓋	mac	名詞
まくせいしんだん	膜性診断	win	名詞
まくせいじんえん	膜性腎炎	win	名詞
まくせいじんしょう	膜性腎症	both	名詞
まくせいぞうしょくせいしきゅうたいじんえん	膜性増殖性糸球体腎炎	both	名詞
まくせいぞうしょくせいしきゅうたいじんえん1がた	膜性増殖性糸球体腎炎1型	win	名詞
まくせいぞうしょくせいしきゅうたいじんえん2がた	膜性増殖性糸球体腎炎2型	win	名詞
まくせいぞうしょくせいしきゅうたいじんえん3がた	膜性増殖性糸球体腎炎3型	win	名詞
まくせいぞうしょくせいじんえん	膜性増殖性腎炎	win	名詞
まくせいぶ	膜性部	mac	名詞
まくせいへき	膜性壁	mac	名詞
まくたんぱく	膜蛋白	mac	名詞
まくたんぱくしつ	膜蛋白質	mac	名詞
まくでんい	膜電位	mac	名詞
まくとうか	膜透過	mac	名詞
まくとうかせい	膜透過性	mac	名詞
まくないこつか	膜内骨化	mac	名詞
まくのにじゅうか	膜の二重化	mac	名詞
まくめいろ	膜迷路	mac	名詞
まくめいろいじょう	膜迷路異常	win	名詞
まくよう	膜様	mac	名詞
まくようげっけいこんなんしょう	膜様月経困難症	win	名詞
まくようぶ	膜様部	both	名詞
まくようらくせつ	膜様落屑	mac	名詞
まくらでんさ	マクラデンサ	win	名詞
まくろあでのーま	マクロアデノーマ	win	名詞
まくろあみらーぜけっしょう	マクロアミラーゼ血症	win	名詞
まくろぐろぶりん	マクログロブリン	mac	名詞
まくろぐろぶりんけっしょう	マクログロブリン血症	mac	名詞
まくろごーる	マクロゴール	win	名詞
まくろふぁーじ	Mφ	mac	名詞
まくろふぁーじ	マクロファージ	mac	名詞
まくろらいど	マクロライド	mac	名詞
まくろらいどけい	マクロライド系	mac	名詞
まくろらいどけいやく	マクロライド系薬	mac	名詞
まくろらいどしょうりょうちょうきりょうほう	マクロライド少量長期療法	mac	名詞
まくろーどしょうこうぐん	マクロード症候群	win	名詞
まぐころーる	マグコロール	win	名詞
まぐてくとえき	マグテクト液	win	名詞
まぐねしうむえん	マグネシウム塩	mac	名詞
まぐねしうむけっちゅうちいじょう	マグネシウム血中値異常	win	名詞
まぐねしうむけつぼうしょう	マグネシウム欠乏症	win	名詞
まぐねしうむけつぼうせいてたにー	マグネシウム欠乏性テタニー	win	名詞
まぐねしうむたいしゃしょうがい	マグネシウム代謝障害	win	名詞
まぐねしうむちゅうどく	マグネシウム中毒	win	名詞
まぐねすこーぷしりんじ	マグネスコープシリンジ	win	名詞
まぐねびすと	マグネビスト	win	名詞
まぐねびすとしりんじ	マグネビストシリンジ	win	名詞
まぐみっとさいりゅう	マグミット細粒	win	名詞
まぐらっくすさいりゅう	マグラックス細粒	win	名詞
まごちろん	マゴチロン	win	名詞
ましにん	マシニン	win	名詞
ましにんがん	麻子仁丸	win	名詞
ましにんがんりょう	麻子仁丸料	win	名詞
ましゃどじょせふびょう	マシャド・ジョセフ病	win	名詞
ましん	麻疹	win	名詞
ましんういるす	麻疹ウイルス	both	名詞
ましんごはいえん	麻疹後肺炎	win	名詞
ましんずいまくえん	麻疹髄膜炎	win	名詞
ましんせい	麻疹性	win	名詞
ましんせいかくけつまくえん	麻疹性角結膜炎	win	名詞
ましんせいかくまくえん	麻疹性角膜炎	win	名詞
ましんせいけつまくえん	麻疹性結膜炎	win	名詞
ましんせいちゅうじえん	麻疹性中耳炎	win	名詞
ましんせきずいえん	麻疹脊髄炎	win	名詞
ましんのうえん	麻疹脳炎	win	名詞
ましんのうせきずいえん	麻疹脳脊髄炎	win	名詞
ましんはいえん	麻疹肺炎	win	名詞
ましんふうしんこんごうわくちん	麻疹風疹混合ワクチン	mac	名詞
ましんようこうはん	麻疹様紅斑	win	名詞
まじゃんでぃこう	マジャンディ孔	win	名詞
まじゃんでぃーこう	マジャンディー孔	mac	名詞
まじょっきにくげしゅ	マジョッキ肉芽腫	win	名詞
まじんどーる	マジンドール	mac	名詞
ますい	麻酔	win	名詞
ますいか	麻酔下	mac	名詞
ますいかくせいちえん	麻酔覚醒遅延	win	名詞
ますいごていたいおん	麻酔後低体温	win	名詞
ますいしょっく	麻酔ショック	win	名詞
ますいしんど	麻酔深度	mac	名詞
ますいせいあくせいこうねつしょう	麻酔性悪性高熱症	win	名詞
ますいぜんとうよ	麻酔前投与	mac	名詞
ますいほう	麻酔法	mac	名詞
ますいやく	麻酔薬	mac	名詞
ますいよう	麻酔用	win	名詞
ますいようえーてる	麻酔用エーテル	win	名詞
ますくかんき	マスク換気	mac	名詞
ますすくりーにんぐ	マススクリーニング	both	名詞
ますたーそんかんし	マスターソン鉗子	mac	名詞
ますとさいぼう	マスト細胞	mac	名詞
まずらきんしょう	マズラ菌症	win	名詞
ませだーる	マセダール	win	名詞
まぞひずむ	マゾヒズム	win	名詞
まだに	マダニ	mac	名詞
まだにしょう	まだに症	win	名詞
まだにしょう	マダニ症	win	名詞
まちゅー	マチュー	mac	名詞
まっきがん	末期癌	win	名詞
まっきじょうたい	末期状態	win	名詞
まっきじん	末期腎	mac	名詞
まっきじんふぜん	末期腎不全	both	名詞
まっきゅーんおるぶらいとしょうこうぐん	McCune-Albright症候群	win	名詞
まっくあーどるびょう	マックアードル病	win	名詞
まっくるうえるずしょうこうぐん	マックル・ウエルズ症候群	win	名詞
まっこんきーばいち	マッコンキー培地	mac	名詞
まっしょう	末梢	win	名詞
まっしょうえし	末梢壊死	win	名詞
まっしょうがた	末梢型	mac	名詞
まっしょうがんめんしんけいまひ	末梢顔面神経麻痺	both	名詞
まっしょうけっかん	末梢血管	win	名詞
まっしょうけっかんかくちょうせいうんどうしっちょうしょ	末梢血管拡張性運動失調症	win	名詞
まっしょうけっかんかくちょうやくちゅうどく	末梢血管拡張薬中毒	win	名詞
まっしょうけっかんがいしょう	末梢血管外傷	win	名詞
まっしょうけっかんがっぺいしょう	末梢血管合併症	win	名詞
まっしょうけっかんきけい	末梢血管奇形	win	名詞
まっしょうけっかんじゅんかんしょうがい	末梢血管循環障害	win	名詞
まっしょうけっかんていこう	末梢血管抵抗	mac	名詞
まっしょうけっかんよう	末梢血管用	win	名詞
まっしょうけっかんようすてんとせっと	末梢血管用ステントセット	win	名詞
まっしょうけつえきいっぱん	末梢血液一般	win	名詞
まっしょうけつかんさいぼういしょく	末梢血幹細胞移植	win	名詞
まっしょうけつかんさいぼういしょくどなー	末梢血幹細胞移植ドナー	win	名詞
まっしょうけつちゅう	末梢血中	mac	名詞
まっしょうけつとまつけんさ	末梢血塗抹検査	mac	名詞
まっしょうしんけい	末梢神経	both	名詞
まっしょうしんけいあくせいしゅよう	末梢神経悪性腫瘍	win	名詞
まっしょうしんけいえん	末梢神経炎	win	名詞
まっしょうしんけいがいしょう	末梢神経外傷	win	名詞
まっしょうしんけいこうやくしょうがい	末梢神経絞扼障害	mac	名詞
まっしょうしんけいしっかん	抹消神経疾患	mac	名詞
まっしょうしんけいしゃだんじゅつ	末梢神経遮断術	win	名詞
まっしょうしんけいしゅよう	末梢神経腫瘍	win	名詞
まっしょうしんけいしょうがい	抹消神経障害	mac	名詞
まっしょうしんけいしょうがい	末梢神経障害	win	名詞
まっしょうしんけいしょうがいせいとうつう	末梢神経障害性疼痛	win	名詞
まっしょうしんけいせい	末梢神経性	win	名詞
まっしょうしんけいせいきゅうかくしょうがい	末梢神経性嗅覚障害	win	名詞
まっしょうしんけいそんしょう	末梢神経損傷	win	名詞
まっしょうしんけいでんどうけんさ	末梢神経伝導検査	win	名詞
まっしょうじゅんかん	末梢循環	mac	名詞
まっしょうじゅんかんしょうがい	末梢循環障害	both	名詞
まっしょうじゅんかんふぜん	末梢循環不全	win	名詞
まっしょうじょうみゃくえいよう	末梢静脈栄養	mac	名詞
まっしょうじょうみゃくないかにゅーれそうにゅうほう	末梢静脈内カニューレ挿入法	mac	名詞
まっしょうじりつしんけい	末梢自律神経	win	名詞
まっしょうじりつしんけいかびん	末梢自律神経過敏	win	名詞
まっしょうじりつしんけいにゅーろぱちー	末梢自律神経ニューロパチー	win	名詞
まっしょうせい	末梢性	win	名詞
まっしょうせいTさいぼうりんぱしゅ	末梢性T細胞リンパ腫	win	名詞
まっしょうせいがんしん	末梢性眼振	win	名詞
まっしょうせいがんめんしんけいまひ	末梢性顔面神経麻痺	win	名詞
まっしょうせいきゅうかくしょうがい	末梢性嗅覚障害	win	名詞
まっしょうせいけっかんれんしゅく	末梢性血管攣縮	win	名詞
まっしょうせいげんうんしょう	末梢性眩暈症	win	名詞
まっしょうせいてぃーさいぼうりんぱしゅ	末梢性T細胞リンパ腫	win	名詞
まっしょうせいとれらんす	末梢性トレランス	mac	名詞
まっしょうせいどうじょうみゃくきけい	末梢性動静脈奇形	win	名詞
まっしょうせいはいどうみゃくきょうさくしょう	末梢性肺動脈狭窄症	win	名詞
まっしょうせいふしゅ	末梢性浮腫	win	名詞
まっしょうせいめまいしょう	末梢性めまい症	win	名詞
まっしょうぜんていしょうがい	末梢前庭障害	win	名詞
まっしょうそく	末梢側	mac	名詞
まっしょうたんかん	末梢胆管	mac	名詞
まっしょうどうじょうみゃくろうぞう	末梢動静脈瘻造設術	win	名詞
まっしょうどうみゃくきょうさくしょう	末梢動脈狭窄症	win	名詞
まっしょうどうみゃくこうかしょう	末梢動脈硬化症	win	名詞
まっしょうどうみゃくしっかん	末梢動脈疾患	both	名詞
まっしょうどうみゃくそくせんしょう	末梢動脈塞栓症	win	名詞
まっしょうめいろしょうがい	末梢迷路障害	win	名詞
まっしょうりんぱきかん	末梢リンパ器官	mac	名詞
まっせつこつ	末節骨	both	名詞
まっせつこつあっぱくこっせつ	末節骨圧迫骨折	win	名詞
まっせつこつかいほうこっせつ	末節骨開放骨折	win	名詞
まっせつこつきれつこっせつ	末節骨亀裂骨折	win	名詞
まっせつこつこっせつ	末節骨骨折	win	名詞
まっせつこつふくざつこっせつ	末節骨複雑骨折	win	名詞
まっそんとりくろーむせんしょく	Masson-Trichrome染色	win	名詞
まったん	末端	win	名詞
まったんこくしがた	末端黒子型	mac	名詞
まったんこっせつ	末端骨折	win	名詞
まったんひだいしょう	末端肥大症	win	名詞
まったんひだいりょう	末端肥大症	mac	名詞
まってじゅうけつきゅうちゅうしょう	マッテ住血吸虫症	win	名詞
までるんぐへんけい	マデルング変形	win	名詞
まとりっくすめたろぷろてあーぜ	マトリックスメタロプロテアーゼ	mac	名詞
まにじぴんえんさんえん	マニジピン塩酸塩	win	名詞
まひき	麻痺期	mac	名詞
まひせい	麻痺性	both	名詞
まひせいいれうす	麻痺性イレウス	both	名詞
まひせいがんけんかすいしょう	麻痺性眼瞼下垂症	win	名詞
まひせいがんけんがいはんしょう	麻痺性眼瞼外反症	win	名詞
まひせいがんしん	麻痺性眼振	mac	名詞
まひせいこうおんしょうがい	麻痺性構音障害	win	名詞
まひせいこかんせつだっきゅう	麻痺性股関節脱臼	win	名詞
まひせいさんどう	麻痺性散瞳	win	名詞
まひせいしっせいしょう	麻痺性失声症	win	名詞
まひせいしゃし	麻痺性斜視	win	名詞
まひせいしゅくどう	麻痺性縮瞳	win	名詞
まひせいせんそく	麻痺性尖足	win	名詞
まひせいそくわんしょう	麻痺性側弯症	win	名詞
まひせいとがんしょう	麻痺性兎眼症	win	名詞
まひせいないはんそく	麻痺性内反足	win	名詞
まひせいほこう	麻痺性歩行	win	名詞
まひそくきんにくつう	麻痺側筋肉痛	win	名詞
まひそくふしゅ	麻痺側浮腫	win	名詞
まふっちしょうこうぐん	マフッチ症候群	win	名詞
まぶりんさん	マブリン散	win	名詞
まぷろちりん	マプロチリン	mac	名詞
まぷろちりんえんさんえん	マプロチリン塩酸塩	win	名詞
まむしこうしょう	マムシ咬傷	win	名詞
まもうしょう	磨耗症	win	名詞
まやくおよびこうせいしんやくとりしまりほう	麻薬及び向精神薬取締法	mac	名詞
まやくきっこうやく	麻薬拮抗薬	mac	名詞
まやくしようしゃ	麻薬施用者	mac	名詞
まやくしようしゃめんきょ	麻薬施用者免許	mac	名詞
まやくせいちんつうやく	麻薬性鎮痛薬	mac	名詞
まやくちゅうしゃ	麻薬注射	win	名詞
まやくちゅうどく	麻薬中毒	win	名詞
まやこうじんまつ	マヤコウジン末	win	名詞
まらかいと	マラカイト	mac	名詞
まらすむす	マラスムス	both	名詞
まらせちあ	マラセチア	mac	名詞
まらせちあぞく	マラセチア属	mac	名詞
まらせちあもうほうえん	マラセチア毛包炎	win	名詞
まらりあ	マラリア	both	名詞
まらりあげんちゅう	マラリア原虫	mac	名詞
まらりあせいあくえきしつ	マラリア性悪液質	win	名詞
まらんぱちぶんるい	Mallampati分類	win	名詞
まりおっともうてん	Mariotte盲点	win	名詞
まりおっともうてん	マリオット盲点	mac	名詞
まりねすこしぇーぐれんしょうこうぐん	マリネスコ・シェーグレン症候群	win	名詞
まりふぁないぞん	マリファナ依存	win	名詞
まりふぁなちゅうどく	マリファナ中毒	win	名詞
まりんぞーるくりーむ	マリンゾールクリーム	win	名詞
まりーしっちょうしょう	マリー失調症	win	名詞
まりーしょうこうぐん	マリー症候群	win	名詞
まるいしらくとみん	マルイシラクトミン	win	名詞
まるきあふぁーゔぁしょうこうぐん	マルキアファーヴァ症候群	win	名詞
まるきあふぁーゔぁびにゃみしょうこうぐん	マルキアファーヴァ・ビニャミ症候群	win	名詞
まるけさーにしょうこうぐん	マルケサーニ症候群	win	名詞
まるげーぬこっせつ	マルゲーヌ骨折	win	名詞
まるせいゆねつ	マルセイユ熱	win	名詞
まるたねつ	マルタ熱	win	名詞
まるたーぜ	マルターゼ	mac	名詞
まるちこあびょう	マルチコア病	win	名詞
まるちねすぱっぷ	マルチネスパップ	win	名詞
まるちのっちさいぼう	マルチノッチ細胞	mac	名詞
まるちぷるかるぼきしらーぜけっそんしょう	マルチプルカルボキシラーゼ欠損症	win	名詞
まるちぷるするふぁたーぜけっそんしょう	マルチプルスルファターゼ欠損症	win	名詞
まるちりーふこりめーたー	マルチリーフコリメーター	mac	名詞
まるちろーかすほう	マルチローカス法	mac	名詞
まるつえきす	マルツエキス	win	名詞
まるとりんぱしゅ	MALTリンパ腫	mac	名詞
まるとーす	マルトース	mac	名詞
まるふぁえき	マルファ液	win	名詞
まるふぁんしょうこうぐん	マルファン症候群	both	名詞
まるわあさんかちっそ	マルワ亜酸化窒素	win	名詞
まれいんさん	マレイン酸	mac	名詞
まれいんさんくろるふぇにらみん	マレイン酸クロルフェニラミン	both	名詞
まれっとふぃんがー	マレットフィンガー	mac	名詞
まれっとゆび	マレット指	win	名詞
まれっとゆびへんけい	マレット指変形	win	名詞
まれーけいこくのうえん	マレー渓谷脳炎	win	名詞
まれーしじょうちゅう	マレー糸状虫	mac	名詞
まれーしじょうちゅうしょう	マレー糸状虫症	win	名詞
まろとーらみーしょうこうぐん	マロトー・ラミー症候群	win	名詞
まろにる	マロニル	mac	名詞
まろにるこーえー	マロニル-CoA	mac	名詞
まろりわいすしょうこうぐん	マロリ・ワイス症候群	win	名詞
まろりーしょうたい	マロリー小体	both	名詞
まろりーわいすしょうこうぐん	Mallory-Weiss症候群	win	名詞
まろりーわいすしょうこうぐん	マロリーワイス症候群	mac	名詞
まんかPer	慢化Per	win	名詞
まんがん	マンガン	win	名詞
まんがんけつぼうしょう	マンガン欠乏症	win	名詞
まんがんちゅうどく	マンガン中毒	win	名詞
まんけいし	マンケイシ	win	名詞
まんげつようがんぼう	満月様顔貌	mac	名詞
まんしぇっと	マンシェット	mac	名詞
まんじょう	蔓状	mac	名詞
まんせい	慢性	win	名詞
まんせいBがたかんえん	慢性B型肝炎	win	名詞
まんせいNKさいぼうりんぱぞうしょくせいしっかん	慢性NK細胞リンパ増殖性疾患	win	名詞
まんせいあきれすけんけんしょうえん	慢性アキレス腱腱鞘炎	win	名詞
まんせいあめーばしょう	慢性アメーバ症	win	名詞
まんせいあめーばせきり	慢性アメーバ赤痢	win	名詞
まんせいあるこーるしょう	慢性アルコール症	win	名詞
まんせいあるこーるせいかんしょうがい	慢性アルコール性肝障害	win	名詞
まんせいあるこーるせいかんふぜん	慢性アルコール性肝不全	win	名詞
まんせいあるこーるせいのうしょうこうぐん	慢性アルコール性脳症候群	win	名詞
まんせいあるこーるちゅうどく	慢性アルコール中毒	win	名詞
まんせいあるこーるちゅうどくしょう	慢性アルコール中毒症	win	名詞
まんせいあれるぎーせいちゅうじえん	慢性アレルギー性中耳炎	win	名詞
まんせいいえん	慢性胃炎	win	名詞
まんせいいかいよう	慢性胃潰瘍	win	名詞
まんせいいかいようかつどうき	慢性胃潰瘍活動期	win	名詞
まんせいいしゅくせいしたんひふえん	慢性萎縮性肢端皮膚炎	win	名詞
まんせいいしゅくせいろうじんせいしにくえん	慢性萎縮性老人性歯肉炎	win	名詞
まんせいいしょくへんたいしゅくしゅびょう	慢性移植片対宿主病	win	名詞
まんせいいちょうえん	慢性胃腸炎	win	名詞
まんせいいんこうとうえん	慢性咽喉頭炎	win	名詞
まんせいいんとう	慢性咽頭	win	名詞
まんせいいんとうえん	慢性咽頭炎	win	名詞
まんせいいんとうかたる	慢性咽頭カタル	win	名詞
まんせいいんとうこうとうえん	慢性咽頭喉頭炎	win	名詞
まんせいいんとうつう	慢性咽頭痛	win	名詞
まんせいいんもんかいよう	慢性陰門潰瘍	win	名詞
まんせいういるすかんえん	慢性ウイルス肝炎	win	名詞
まんせいうっけつせいしんふぜん	慢性うっ血性心不全	win	名詞
まんせいうんどうしっちょうしょう	慢性運動失調症	win	名詞
まんせいうんどうせい	慢性運動性	win	名詞
まんせいうんどうせいちっくしょうがい	慢性運動性チック障害	win	名詞
まんせいえいようしょうがい	慢性栄養障害	win	名詞
まんせいえいようせいふしゅ	慢性栄養性浮腫	win	名詞
まんせいえいようふりょうしょう	慢性栄養不良症	win	名詞
まんせいえしせいはいあすぺるぎるすしょう	慢性壊死性肺アスペルギルス症	win	名詞
まんせいえそせいしずいえん	慢性壊疽性歯髄炎	win	名詞
まんせいえんしょう	慢性炎症	mac	名詞
まんせいえんしょうせいせきずいしょう	慢性炎症性脊髄症	mac	名詞
まんせいえんしょうせいだつずいせいたはつしんけいえん	慢性炎症性脱髄性多発神経炎	win	名詞
まんせいかいほうかくりょくないしょう	慢性開放角緑内障	win	名詞
まんせいかいほうせいしずいえん	慢性開放性歯髄炎	win	名詞
まんせいかいよう	慢性潰瘍	mac	名詞
まんせいかいようせい	慢性潰瘍性	win	名詞
まんせいかいようせいしずいえん	慢性潰瘍性歯髄炎	win	名詞
まんせいかいようせいびいんとうえん	慢性潰瘍性鼻咽頭炎	win	名詞
まんせいかがくせいきかんしえん	慢性化学性気管支炎	win	名詞
まんせいかくけつまくえん	慢性角結膜炎	both	名詞
まんせいかしどうみゃくへいそくしょう	慢性下肢動脈閉塞症	win	名詞
まんせいかせいきゅうまひ	慢性仮性球麻痺	win	名詞
まんせいかぞくせいたはつせいしんけいえん	慢性家族性多発性神経炎	win	名詞
まんせいかたるせいけつまくえん	慢性カタル性結膜炎	win	名詞
まんせいかたるせいちゅうじえん	慢性カタル性中耳炎	win	名詞
まんせいかたるせいびえん	慢性カタル性鼻炎	win	名詞
まんせいかつどうせいかんえん	慢性活動性肝炎	win	名詞
まんせいかつまくえんしょう	慢性滑膜炎症	win	名詞
まんせいかのうせい	慢性化膿性	mac	名詞
まんせいかのうせいきかんしえん	慢性化膿性気管支炎	win	名詞
まんせいかのうせいこつずいえん	慢性化膿性骨髄炎	win	名詞
まんせいかのうせいこんせんせいししゅうえん	慢性化膿性根尖性歯周炎	win	名詞
まんせいかのうせいしこんまくえん	慢性化膿性歯根膜炎	win	名詞
まんせいかのうせいせんこうせいちゅうじえん	慢性化膿性穿孔性中耳炎	win	名詞
まんせいかのうせいちゅうじえん	慢性化膿性中耳炎	both	名詞
まんせいかのうせいびいんとうえん	慢性化膿性鼻咽頭炎	win	名詞
まんせいかんえん	慢性肝炎	both	名詞
まんせいかんえんぞうあく	慢性肝炎増悪	win	名詞
まんせいかんしつせいじんえん	慢性間質性腎炎	both	名詞
まんせいかんしつせいすいえん	慢性間質性膵炎	win	名詞
まんせいかんしつせいはいえん	慢性間質性肺炎	win	名詞
まんせいかんしょうがい	慢性肝障害	win	名詞
まんせいかんじょうどうみゃくふぜん	慢性冠状動脈不全	win	名詞
まんせいかんせいのうしょう	慢性肝性脳症	win	名詞
まんせいかんせつえん	慢性関節炎	win	名詞
まんせいかんせつりうまち	慢性関節リウマチ	both	名詞
まんせいかんせつりうまちせいしんえん	慢性関節リウマチ性心炎	win	名詞
まんせいかんせつりうまちせいしんきんえん	慢性関節リウマチ性心筋炎	win	名詞
まんせいかんせつりうまちせいしんまくえん	慢性関節リウマチ性心膜炎	win	名詞
まんせいかんせつりうまちせいみおぱちー	慢性関節リウマチ性ミオパチー	win	名詞
まんせいかんせつろいまちす	慢性関節ロイマチス	win	名詞
まんせいかんせん	慢性感染	mac	名詞
まんせいかんせんしょう	慢性感染症	mac	名詞
まんせいかんせんせいひんけつ	慢性感染性貧血	win	名詞
まんせいかんそうしょう	慢性乾燥症	win	名詞
まんせいかんふぜん	慢性冠不全	win	名詞
まんせいかんふぜん	慢性肝不全	win	名詞
まんせいがいいんえん	慢性外陰炎	win	名詞
まんせいがいしょうごずつう	慢性外傷後頭痛	win	名詞
まんせいがいじえん	慢性外耳炎	win	名詞
まんせいがいそう	慢性咳嗽	both	名詞
まんせいがくかせんえん	慢性顎下腺炎	win	名詞
まんせいがくかんせつえん	慢性顎関節炎	win	名詞
まんせいがくこつえん	慢性顎骨炎	win	名詞
まんせいがくこつこつずいえん	慢性顎骨骨髄炎	win	名詞
まんせいがくほうしゃせんこつえし	慢性顎放射線骨壊死	win	名詞
まんせいき	慢性期	win	名詞
まんせいきかんえん	慢性気管炎	win	名詞
まんせいきかんきかんしえん	慢性気管気管支炎	win	名詞
まんせいきかんしえん	慢性気管支炎	both	名詞
まんせいきかんしかくちょうしょう	慢性気管支拡張症	win	名詞
まんせいきかんしろう	慢性気管支漏	win	名詞
まんせいきこうそく	慢性期梗塞	mac	名詞
まんせいきしつせいせいしんびょうじょうたい	慢性器質性精神病状態	win	名詞
まんせいきしゃくせいてい	慢性希釈性低	win	名詞
まんせいきしゃくせいていなとりうむけっしょう	慢性希釈性低ナトリウム血症	win	名詞
まんせいきゅうまひ	慢性球麻痺	win	名詞
まんせいきょうちょくせいせきついえん	慢性強直性脊椎炎	win	名詞
まんせいきょうまくえん	慢性胸膜炎	win	名詞
まんせいきょけつせいぜんちょうえん	慢性虚血性全腸炎	win	名詞
まんせいきょけつせいだいちょうえん	慢性虚血性大腸炎	win	名詞
まんせいきょけつせいちょうえん	慢性虚血性腸炎	win	名詞
まんせいきょぜつ	慢性拒絶	mac	名詞
まんせいきょぜつはんのう	慢性拒絶反応	win	名詞
まんせいきんちょうせいずつう	慢性緊張性頭痛	win	名詞
まんせいぐんぱつずつう	慢性群発頭痛	win	名詞
まんせいけっこうせいこつずいえん	慢性血行性骨髄炎	win	名詞
まんせいけっせんそくせんせいはいこうけつあつしょう	慢性血栓塞栓性肺高血圧症	win	名詞
まんせいけつまくえん	慢性結膜炎	win	名詞
まんせいげりしょう	慢性下痢症	win	名詞
まんせいげんかくせいしんびょう	慢性幻覚精神病	win	名詞
まんせいげんかくせいせいしんびょう	慢性幻覚性精神病	win	名詞
まんせいげんぱつへいそくぐうかくりょくないしょう	慢性原発閉塞隅角緑内障	win	名詞
まんせいこうかせい	慢性硬化性	win	名詞
まんせいこうけつあつ	慢性高血圧	mac	名詞
まんせいこうさいもうようたいえん	慢性虹彩毛様体炎	win	名詞
まんせいこうさんきゅうせいはいえん	慢性好酸球性肺炎	both	名詞
まんせいこうじょうせんえん	慢性甲状腺炎	both	名詞
まんせいこうせんせいひふえん	慢性光線性皮膚炎	win	名詞
まんせいこうてんせいせきがきゅう	慢性後天性赤芽球	win	名詞
まんせいこうてんせいせきがきゅうろう	慢性後天性赤芽球癆	win	名詞
まんせいこうとうえん	慢性喉頭炎	both	名詞
まんせいこうとうがいえん	慢性喉頭蓋炎	win	名詞
まんせいこうとうきかんえん	慢性喉頭気管炎	win	名詞
まんせいこうまくかけっしゅ	慢性硬膜下血腫	both	名詞
まんせいこうまくかけっしゅせんこうせんし	慢性硬膜下血腫穿孔洗浄術	win	名詞
まんせいこうまくかけっしゅせんじょうし	慢性硬膜下血腫洗浄術	win	名詞
まんせいこうまくかすいしゅ	慢性硬膜下水腫	win	名詞
まんせいこうまくかっしゅ	慢性硬膜下血腫	mac	名詞
まんせいこかんせつえん	慢性股関節炎	win	名詞
まんせいこきゅうふぜん	慢性呼吸不全	win	名詞
まんせいこきゅうふぜんきゅうせいぞうあく	慢性呼吸不全急性増悪	win	名詞
まんせいこしつえん	慢性鼓室炎	win	名詞
まんせいこつずいえん	慢性骨髄炎	win	名詞
まんせいこつずいせいはっけつびょう	慢性骨髄性白血病	both	名詞
まんせいこつずいせいはっけつびょういこうき	慢性骨髄性白血病移行期	win	名詞
まんせいこつずいせいはっけつびょうきゅうせいてんか	慢性骨髄性白血病急性転化	win	名詞
まんせいこつずいせいはっけつびょうまんせいき	慢性骨髄性白血病慢性期	win	名詞
まんせいこつずいぞうしょくせい	慢性骨髄増殖性	mac	名詞
まんせいこつずいたんきゅうせいはっけつびょう	慢性骨髄単球性白血病	win	名詞
まんせいこつばんふくまくえん	慢性骨盤腹膜炎	win	名詞
まんせいこつまくえん	慢性骨膜炎	win	名詞
まんせいこまくえん	慢性鼓膜炎	win	名詞
まんせいこんせんせいししゅうえん	慢性根尖性歯周炎	win	名詞
まんせいさいきんせいしんまくえん	慢性細菌性心膜炎	win	名詞
まんせいさいきんせいぜんりつせんえん	慢性細菌性前立腺炎	win	名詞
まんせいさいはつせい	慢性再発性	win	名詞
まんせいさいはつせいすいえん	慢性再発性膵炎	win	名詞
まんせいさいはつせいたはつこつずいえん	慢性再発性多発性骨髄炎	win	名詞
まんせいさいはつせいぼうこうえん	慢性再発性膀胱炎	win	名詞
まんせいさんりゅうしゅ	慢性霰粒腫	win	名詞
まんせいざこつしんけいつう	慢性坐骨神経痛	win	名詞
まんせいしかんしゅういえん	慢性歯冠周囲炎	win	名詞
まんせいしきそせいしはん	慢性色素性紫斑	win	名詞
まんせいしきそせいしはんびょう	慢性色素性紫斑病	win	名詞
まんせいしきゅうしゅういえん	慢性子宮周囲炎	win	名詞
まんせいしきゅうたいじんえん	慢性糸球体腎炎	both	名詞
まんせいしきゅうたいせいじんえん	慢性糸球体性腎炎	win	名詞
まんせいしきゅうないまくえん	慢性子宮内膜炎	win	名詞
まんせいしきゅうぼうけつごうしきえん	慢性子宮傍結合織炎	win	名詞
まんせいしきゅうりゅうのうしょう	慢性子宮留膿症	win	名詞
まんせいししゅうえん	慢性歯周炎	win	名詞
まんせいししゅうのうよう	慢性歯周膿瘍	win	名詞
まんせいしずいえん	慢性歯髄炎	win	名詞
まんせいしそうのうよう	慢性歯槽膿瘍	win	名詞
まんせいしっしん	慢性湿疹	win	名詞
まんせいしつかんせつえん	慢性膝関節炎	win	名詞
まんせいしにくえん	慢性歯肉炎	win	名詞
まんせいしゃがすびょう	慢性シャガス病	win	名詞
まんせいしゅうしゅくせいしんまくえん	慢性収縮性心膜炎	win	名詞
まんせいしょうえき	慢性漿液	win	名詞
まんせいしょうえきせいちゅうじえん	慢性漿液性中耳炎	win	名詞
まんせいしょうえきむちんせいちゅうじえん	慢性漿液ムチン性中耳炎	win	名詞
まんせいしょくどうえん	慢性食道炎	win	名詞
まんせいしんいんはんのう	慢性心因反応	win	名詞
まんせいしんきんえん	慢性心筋炎	win	名詞
まんせいしんけいすいじゃく	慢性神経衰弱	win	名詞
まんせいしんけいつう	慢性神経痛	win	名詞
まんせいしんけいばいどく	慢性神経梅毒	win	名詞
まんせいしんこうせいがいがんきんまひしょうこうぐん	慢性進行性外眼筋麻痺症候群	win	名詞
まんせいしんこうせいたはつせいかんせつえん	慢性進行性多発性関節炎	win	名詞
まんせいしんしゅつせいちゅうじえん	慢性滲出性中耳炎	win	名詞
まんせいしんふぜん	慢性心不全	win	名詞
まんせいしんぼうさいどう	慢性心房細動	win	名詞
まんせいじかせんえん	慢性耳下腺炎	win	名詞
まんせいじかんえん	慢性耳管炎	win	名詞
まんせいじかんこしつ	慢性耳管鼓室	win	名詞
まんせいじかんこしつかたる	慢性耳管鼓室カタル	win	名詞
まんせいじかんこしつかのうせいちゅうじえん	慢性耳管鼓室化膿性中耳炎	win	名詞
まんせいじぞくがたかいようせいだいちょうえん	慢性持続型潰瘍性大腸炎	win	名詞
まんせいじぞくせいかんえん	慢性持続性肝炎	win	名詞
まんせいじゃくしつ	慢性弱質	win	名詞
まんせいじゅうにしちょう	慢性十二指腸	win	名詞
まんせいじゅうにしちょういれうす	慢性十二指腸イレウス	win	名詞
まんせいじゅうにしちょうえん	慢性十二指腸炎	win	名詞
まんせいじゅうにしちょうかいよう	慢性十二指腸潰瘍	win	名詞
まんせいじゅうにしちょうかいようかつどうき	慢性十二指腸潰瘍活動期	win	名詞
まんせいじょうきどうえん	慢性上気道炎	win	名詞
まんせいじょうこしつにゅうとつどうかのうせいちゅうじえ	慢性上鼓室乳突洞化膿性中耳炎	win	名詞
まんせいじょうしどうみゃくへいそくしょう	慢性上肢動脈閉塞症	win	名詞
まんせいじょうひけっそん	慢性上皮欠損	mac	名詞
まんせいじろう	慢性痔瘻	win	名詞
まんせいじんうじんえん	慢性腎盂腎炎	win	名詞
まんせいじんえん	慢性腎炎	win	名詞
まんせいじんえんしょうこうぐん	慢性腎炎症候群	both	名詞
まんせいじんぞうびょう	慢性腎臓病	both	名詞
まんせいじんふぜん	慢性腎不全	both	名詞
まんせいじんましん	慢性じんま疹	win	名詞
まんせいじんましん	慢性蕁麻疹	both	名詞
まんせいすいえん	慢性膵炎	both	名詞
まんせいすいえんきゅうせいぞうあく	慢性膵炎急性増悪	win	名詞
まんせいずいまくえん	慢性髄膜炎	win	名詞
まんせいずいまくえんきんきんけつしょう	慢性髄膜炎菌菌血症	win	名詞
まんせいずつう	慢性頭痛	win	名詞
まんせいせいそうじょうたいえん	慢性精巣上体炎	win	名詞
まんせいせきずいえん	慢性脊髄炎	win	名詞
まんせいせんこうせいちゅうじえん	慢性穿孔性中耳炎	both	名詞
まんせいぜつえん	慢性舌炎	win	名詞
まんせいぜんそくせいきかんしえん	慢性喘息性気管支炎	win	名詞
まんせいぜんりつせんえん	慢性前立腺炎	win	名詞
まんせいぜんりつせんえんきゅうせいぞうあく	慢性前立腺炎急性増悪	win	名詞
まんせいそういえん	慢性爪囲炎	win	名詞
まんせいそうかくえん	慢性爪郭炎	win	名詞
まんせいそうびょう	慢性躁病	win	名詞
まんせいぞう	慢性像	mac	名詞
まんせいぞうしょくせいしずいえん	慢性増殖性歯髄炎	win	名詞
まんせいたいせんか	慢性苔癬化	win	名詞
まんせいたいせんじょうひこうしん	慢性苔癬状粃糠疹	win	名詞
まんせいたはつせいこつずいえん	慢性多発性骨髄炎	win	名詞
まんせいたん	慢性胆	win	名詞
まんせいたんかんえん	慢性胆管炎	win	名詞
まんせいたんきゅうせいはっけつびょう	慢性単球性白血病	win	名詞
まんせいたんさいかんえん	慢性胆細管炎	win	名詞
まんせいたんじゅんせいしずいえん	慢性単純性歯髄炎	win	名詞
まんせいたんじゅんせいたいせん	慢性単純性苔癬	mac	名詞
まんせいたんじゅんせいびえん	慢性単純性鼻炎	mac	名詞
まんせいたんせいりょくないしょう	慢性単性緑内障	win	名詞
まんせいたんのうえん	慢性胆嚢炎	win	名詞
まんせいだいちょうえん	慢性大腸炎	win	名詞
まんせいだいどうみゃくかいり	慢性大動脈解離	win	名詞
まんせいだえきせんえん	慢性唾液腺炎	win	名詞
まんせいちつえん	慢性腟炎	win	名詞
まんせいちゅうかんせつえん	慢性肘関節炎	win	名詞
まんせいちゅうじえん	慢性中耳炎	both	名詞
まんせいちゅうじえんきゅうせいぞうあく	慢性中耳炎急性増悪	win	名詞
まんせいちゅうじえんこういしょう	慢性中耳炎後遺症	win	名詞
まんせいちゅうじえんじゅつごさいねん	慢性中耳炎術後再燃	win	名詞
まんせいちゅうじかたる	慢性中耳カタル	win	名詞
まんせいちゅうすいえん	慢性虫垂炎	win	名詞
まんせいちょう	慢性腸	win	名詞
まんせいちょうあめーばしょう	慢性腸アメーバ症	win	名詞
まんせいちょうえん	慢性腸炎	win	名詞
まんせいちょうかんまくどうみゃくふぜん	慢性腸間膜動脈不全	win	名詞
まんせいちょうかんまくどうみゃくふぜんしょうこうぐん	慢性腸間膜動脈不全症候群	win	名詞
まんせいちょうきょうさくしょう	慢性腸狭窄症	win	名詞
まんせいつう	慢性痛	mac	名詞
まんせいでんすでぽじっとびょう	慢性デンスデポジット病	win	名詞
まんせいとうつう	慢性疼痛	win	名詞
まんせいとうつうじんかくしょうこうぐん	慢性疼痛人格症候群	win	名詞
まんせいとくはつせいけっしょうばんげんしょうせいしはん	慢性特発性血小板減少性紫斑病	win	名詞
まんせいとくはつせいこつずいせんいしょう	慢性特発性骨髄線維症	mac	名詞
まんせいとらこーま	慢性トラコーマ	win	名詞
まんせいどうみゃくへいそくしょう	慢性動脈閉塞症	win	名詞
まんせいにくげしゅ	慢性肉芽腫	win	名詞
まんせいにくげしゅしょう	慢性肉芽腫症	both	名詞
まんせいにくげせいしずいえん	慢性肉芽性歯髄炎	win	名詞
まんせいにこちんちゅうどく	慢性ニコチン中毒	win	名詞
まんせいにゅうじしっしん	慢性乳児湿疹	win	名詞
まんせいにゅうせんえん	慢性乳腺炎	win	名詞
まんせいにゅうせんしょう	慢性乳腺症	win	名詞
まんせいにゅうとつえん	慢性乳突炎	win	名詞
まんせいにゅうようとっきえん	慢性乳様突起炎	win	名詞
まんせいにょうさいかんかんしつせいじんえん	慢性尿細管間質性腎炎	win	名詞
まんせいにょうどうえん	慢性尿道炎	win	名詞
まんせいにょうろかんせんしょう	慢性尿路感染症	win	名詞
まんせいのうえん	慢性脳炎	win	名詞
まんせいのうきょう	慢性膿胸	both	名詞
まんせいのうじゅんかんふぜんしょう	慢性脳循環不全症	win	名詞
まんせいのうひしょう	慢性膿皮症	win	名詞
まんせいはい	慢性肺	win	名詞
まんせいはいえん	慢性肺炎	win	名詞
まんせいはいかのうしょう	慢性肺化膿症	win	名詞
まんせいはいきしゅ	慢性肺気腫	win	名詞
まんせいはいけっせんそくせんしょう	慢性肺血栓塞栓症	win	名詞
まんせいはいけっせんそくせんせいはいこうけつあつしょう	慢性肺血栓塞栓性肺高血圧症	win	名詞
まんせいはいこうさんきゅうしょう	慢性肺好酸球症	win	名詞
まんせいはいこくしじおいですしょう	慢性肺コクシジオイデス症	win	名詞
まんせいはいしっかん	慢性肺疾患	mac	名詞
まんせいはいせいしん	慢性肺性心	win	名詞
まんせいはいせいしんしっかん	慢性肺性心疾患	win	名詞
まんせいはいせんいしょう	慢性肺線維症	win	名詞
まんせいはいぶらすとみせすしょう	慢性肺ブラストミセス症	win	名詞
まんせいはっけつびょう	慢性白血病	both	名詞
まんせいひかつどうせいかんえん	慢性非活動性肝炎	win	名詞
まんせいひかのうせいちゅうじえん	慢性非化膿性中耳炎	win	名詞
まんせいひかのうせいはかいせいたんかんえん	慢性非化膿性破壊性胆管炎	win	名詞
まんせいひこうせいいえん	慢性肥厚性胃炎	win	名詞
まんせいひこうせいびえん	慢性肥厚性鼻炎	both	名詞
まんせいひさいきんせいぜんりつせんえん	慢性非細菌性前立腺炎	win	名詞
まんせいひふねんまく	慢性皮膚粘膜	win	名詞
まんせいひふねんまくかんじだしょう	慢性皮膚粘膜カンジダ症	win	名詞
まんせいひょういじょうたい	慢性憑依状態	win	名詞
まんせいひょうざいせい	慢性表在性	win	名詞
まんせいひょうざいせいぜつえん	慢性表在性舌炎	win	名詞
まんせいひょうそうせいいえん	慢性表層性胃炎	win	名詞
まんせいひろうしょうこうぐん	慢性疲労症候群	win	名詞
まんせいひんけつ	慢性貧血	both	名詞
まんせいびいんとうえん	慢性鼻咽頭炎	win	名詞
まんせいびえん	慢性鼻炎	both	名詞
まんせいびねつ	慢性微熱	win	名詞
まんせいびまんせいかんないぞうしょくせいしきゅうたいじ	慢性びまん性管内増殖性糸球体腎炎	win	名詞
まんせいびまんせいはんげつたいけいせいせいしきゅうたい	慢性びまん性半月体形成性糸球体腎炎	win	名詞
まんせいびまんせいまくせいしきゅうたいじんえん	慢性びまん性膜性糸球体腎炎	win	名詞
まんせいびまんせいめさんぎうむぞうしょくせいしきゅうた	慢性びまん性メサンギウム増殖性糸球体腎炎	win	名詞
まんせいびょうへん	慢性病変	mac	名詞
まんせいふくざつせいじんうじんえん	慢性複雑性腎盂腎炎	win	名詞
まんせいふくざつせいぼうこうえん	慢性複雑性膀胱炎	win	名詞
まんせいふくじんきのうていかしょう	慢性副腎機能低下症	win	名詞
まんせいふくじんきのうふぜん	慢性副腎機能不全	win	名詞
まんせいふくじんふぜん	慢性副腎不全	mac	名詞
まんせいふくびくうえん	慢性副鼻腔炎	both	名詞
まんせいふくびくうえんきゅうせいぞうあく	慢性副鼻腔炎急性増悪	win	名詞
まんせいふくびくうのうよう	慢性副鼻腔膿瘍	win	名詞
まんせいふくまくえん	慢性腹膜炎	win	名詞
まんせいふぞくきえん	慢性付属器炎	win	名詞
まんせいへいさせいしずいえん	慢性閉鎖性歯髄炎	win	名詞
まんせいへいそくぐうかくりょくないしょう	慢性閉塞隅角緑内障	win	名詞
まんせいへいそくせいじんうじんえん	慢性閉塞性腎盂腎炎	win	名詞
まんせいへいそくせいはいしっかん	慢性閉塞性肺疾患	both	名詞
まんせいへんえんせいししゅうえん	慢性辺縁性歯周炎	mac	名詞
まんせいへんえんせいししゅうえんきゅうせいほっさ	慢性辺縁性歯周炎急性発作	win	名詞
まんせいへんえんせいししゅうえんけいど	慢性辺縁性歯周炎軽度	win	名詞
まんせいへんえんせいししゅうえんじゅうど	慢性辺縁性歯周炎重度	win	名詞
まんせいへんえんせいししゅうえんちゅうとうど	慢性辺縁性歯周炎中等度	win	名詞
まんせいへんとうえん	慢性扁桃炎	both	名詞
まんせいほうしゃせんせいがくこつえし	慢性放射線性顎骨壊死	win	名詞
まんせいほうしゃせんひふえん	慢性放射線皮膚炎	win	名詞
まんせいほんたいせいこうちゅうきゅうげんしょうしょうし	慢性本態性好中球減少症症候群	win	名詞
まんせいぼうこうえん	慢性膀胱炎	win	名詞
まんせいみんざいちゅうどく	慢性眠剤中毒	win	名詞
まんせいむこいどちゅうじえん	慢性ムコイド中耳炎	win	名詞
まんせいもうそうじょうたい	慢性妄想状態	win	名詞
まんせいもうそうせいせいしんびょう	慢性妄想性精神病	win	名詞
まんせいもうまくしょう	慢性網膜症	win	名詞
まんせいやくぶつせいかんえん	慢性薬物性肝炎	win	名詞
まんせいやくぶつせいかんふぜん	慢性薬物性肝不全	win	名詞
まんせいやくぶつちゅうどく	慢性薬物中毒	win	名詞
まんせいやくぶつゆうはつせいかんしつせいはいしょうがい	慢性薬物誘発性間質性肺障害	win	名詞
まんせいゆうそうせいこうはん	慢性遊走性紅斑	both	名詞
まんせいゆちゃくせいしんまくえん	慢性癒着性心膜炎	win	名詞
まんせいようしん	慢性痒疹	win	名詞
まんせいようつうしょう	慢性腰痛症	win	名詞
まんせいらんかんえん	慢性卵管炎	win	名詞
まんせいらんそうえん	慢性卵巣炎	win	名詞
まんせいりうまち	慢性リウマチ	win	名詞
まんせいりうまちせいかんじょうどうみゃくえん	慢性リウマチ性冠状動脈炎	win	名詞
まんせいりうまちせいかんせつえん	慢性リウマチ性関節炎	win	名詞
まんせいりうまちせいしっかん	慢性リウマチ性疾患	win	名詞
まんせいりうまちせいしんきんしんまくえん	慢性リウマチ性心筋心膜炎	win	名詞
まんせいりうまちせいしんまくえん	慢性リウマチ性心膜炎	win	名詞
まんせいりうまちせいじゅうかくしんまくえん	慢性リウマチ性縦隔心膜炎	win	名詞
まんせいりじんしょうこうぐん	慢性離人症候群	win	名詞
まんせいりょうせいかりゅうきゅうげんしょうしょう	慢性良性顆粒球減少症	win	名詞
まんせいりんきんせいにょうどうえん	慢性淋菌性尿道炎	win	名詞
まんせいりんぱかんえん	慢性リンパ管炎	win	名詞
まんせいりんぱせいはっけつびょう	慢性リンパ性白血病	both	名詞
まんせいりんぱせつえん	慢性リンパ節炎	win	名詞
まんせいるい	慢性涙	win	名詞
まんせいるいしょうかんえん	慢性涙小管炎	win	名詞
まんせいるいせんえん	慢性涙腺炎	win	名詞
まんせいるいのうえん	慢性涙嚢炎	win	名詞
まんせいるいびそ	慢性類鼻疽	win	名詞
まんせいれっこう	慢性裂肛	win	名詞
まんせいれっこうはんこん	慢性裂肛瘢痕	win	名詞
まんせいろほうせいけつまくえん	慢性濾胞性結膜炎	win	名詞
まんそねらしょう	マンソネラ症	win	名詞
まんそんしっかん	マンソン疾患	win	名詞
まんそんじゅうけつきゅうちゅうしょう	マンソン住血吸虫症	win	名詞
まんそんれっとうじょうちゅう	マンソン裂頭条虫	mac	名詞
まんでぃぶらりとらくたーはそん	マンディブラリトラクター破損	win	名詞
まんでぃぶらりとらくたーふてきごう	マンディブラリトラクター不適合	win	名詞
まんでるさん	マンデル酸	mac	名詞
まんとるさいぼうりんぱしゅ	マントル細胞リンパ腫	both	名詞
まんにとーる	マンニトール	mac	名詞
まんのしどーしす	マンノシドーシス	win	名詞
まんのーす	マンノース	mac	名詞
まんのーすけつごうれくちん	マンノース結合レクチン	mac	名詞
まんのーすしょう	マンノース症	win	名詞
まんのーすれせぷたー	マンノースレセプター	mac	名詞
まんもぐふらふぃ	マンモグフラフィ	mac	名詞
まんもぐらふぃー	マンモグラフィー	both	名詞
まーきゅろくろむ	マーキュロクロム	win	名詞
まーきゅろくろむえき	マーキュロクロム液	win	名詞
まーげさん	マーゲサン	win	名詞
まーしゃるしょうこうぐん	マーシャル症候群	win	名詞
まーでるんぐへんけい	マーデルング変形	win	名詞
まーるぶるぐういるすびょう	マールブルグウイルス病	win	名詞
まーるぶるぐびょう	マールブルグ病	both	名詞
みあんせりん	ミアンセリン	mac	名詞
みえりん	ミエリン	mac	名詞
みえりんえんきせいたんぱく	ミエリン塩基性蛋白	mac	名詞
みえりんおりごでんどろさいととうたんぱくしつ	ミエリンオリゴデンドロサイト糖タンパク質	mac	名詞
みえりんしょう	ミエリン鞘	mac	名詞
みえりんへんせい	ミエリン変性	win	名詞
みえりんよう	ミエリン様	mac	名詞
みえろぐらふぃー	ミエログラフィー	mac	名詞
みえろぱしー	ミエロパシー	win	名詞
みえろぱちー	ミエロパチー	mac	名詞
みえろぺるおきしだーぜ	ミエロペルオキシダーゼ	both	名詞
みえろぺるおきしだーぜけっそんしょう	ミエロペルオキシダーゼ欠損症	win	名詞
みえろーま	ミエローマ	win	名詞
みおいのしとーるていりょう	ミオイノシトール定量	win	名詞
みおかまいしんどらいしろっぷ	ミオカマイシンドライシロップ	win	名詞
みおくろにー	ミオクロニー	mac	名詞
みおくろにーけっしんてんかん	ミオクロニー欠神てんかん	win	名詞
みおくろにーだつりょくほっさをともなうてんかん	ミオクロニー脱力発作を伴うてんかん	win	名詞
みおくろにーてんかん	ミオクロニーてんかん	win	名詞
みおくろにーほっさ	ミオクロニー発作	both	名詞
みおくろみーほっさ	ミオクロニー発作	mac	名詞
みおくろーぬす	ミオクローヌス	both	名詞
みおくろーぬすけいれん	ミオクローヌス痙攣	win	名詞
みおくろーぬすてんかん	ミオクローヌスてんかん	both	名詞
みおくろーぬすほっさ	ミオクローヌス発作	win	名詞
みおくろーぬすようほっさ	ミオクローヌス様発作	win	名詞
みおぐろびん	ミオグロビン	mac	名詞
みおぐろびんにょう	ミオグロビン尿	both	名詞
みおこーるすぷれー	ミオコールスプレー	win	名詞
みおしん	ミオシン	mac	名詞
みおしんけいさ	ミオシン軽鎖	mac	名詞
みおしんけいさきなーぜ	ミオシン軽鎖キナーゼ	mac	名詞
みおちゅーぶらーみおぱちー	ミオチューブラーミオパチー	win	名詞
みおとにあ	ミオトニア	both	名詞
みおとにー	ミオトニー	win	名詞
みおとみー	ミオトミー	mac	名詞
みおぱしー	ミオパシー	win	名詞
みおぱちー	ミオパチー	both	名詞
みかえりすめんてんがた	ミカエリス-メンテン型	mac	名詞
みかくいじょう	味覚異常	win	名詞
みかくけんさ	味覚検査	mac	名詞
みかくげんたいしょう	味覚減退症	win	名詞
みかくしょうがい	味覚障害	win	名詞
みかくしょうしつ	味覚消失	win	名詞
みかくていりょう	味覚定量	win	名詞
みかくどんま	味覚鈍麻	win	名詞
みかめたんーくりーむ	ミカメタン-クリーム	win	名詞
みかん	MI_CAN	win	名詞
みぎいだいもうどうみゃく	右胃大網動脈	mac	名詞
みぎいどうみゃく	右胃動脈	mac	名詞
みぎうえ	右上	win	名詞
みぎかいきょうかいふくしょくどうあぜんてきじゅつ	右開胸開腹食道亜全摘術	mac	名詞
みぎかいせん	右回旋	mac	名詞
みぎかがく	右下顎	win	名詞
みぎかがくしれつ	右下顎歯列	win	名詞
みぎかんじょうみゃく	右肝静脈	mac	名詞
みぎかんどうみゃく	右冠動脈	mac	名詞
みぎがわ	右側	win	名詞
みぎけっちょうきょく	右結腸曲	mac	名詞
みぎけっちょうどうみゃく	右結腸動脈	mac	名詞
みぎけんすいとうい	右懸垂頭位	mac	名詞
みぎした	右下	win	名詞
みぎしたとうい	右下頭位	mac	名詞
みぎじょうがく	右上顎	win	名詞
みぎじょうがくしれつ	右上顎歯列	win	名詞
みぎじょうみゃくどうかく	右静脈洞角	mac	名詞
みぎじん	右腎	mac	名詞
みぎぜんしこつ	右全指骨	win	名詞
みぎだいどうみゃくきゅう	右大動脈弓	both	名詞
みぎだい１きゅう	右第1弓	mac	名詞
みぎだい２きゅう	右第2弓	mac	名詞
みぎはいどうみゃくかこうし	右肺動脈下行枝	mac	名詞
みぎはんきゅうきしつせいかんじょうしょうがい	右半球器質性感情障害	win	名詞
みぎはんしん	右半身	win	名詞
みぎひだりしゃんと	右→左シャント	mac	名詞
みぎりんぱほんかん	右リンパ本幹	mac	名詞
みぎ１きゅう	右1弓	mac	名詞
みぎ２きゅう	右2弓	mac	名詞
みくりっつしょうこうぐん	ミクリッツ症候群	win	名詞
みくりっつせん	ミクリッツ線	mac	名詞
みくりっつびょう	ミクリッツ病	both	名詞
みくろぐろぶりん	ミクログロブリン	mac	名詞
みくろすぽりじうむしょう	ミクロスポリジウム症	win	名詞
みくろそーむ	ミクロソーム	mac	名詞
みくろそーむえたのーるさんかけい	ミクロソームエタノール酸化系	mac	名詞
みくろふぃらりあ	ミクロフィラリア	mac	名詞
みぐれにん	ミグレニン	win	名詞
みけんぶ	眉間部	win	名詞
みけんぶざそう	眉間部挫創	win	名詞
みけんぶれっそう	眉間部裂創	win	名詞
みけんまし	未研磨歯	win	名詞
みこなぞーるしょうさんえん	ミコナゾール硝酸塩	win	名詞
みさいぼう	味細胞	mac	名詞
みさんぷ	未産婦	mac	名詞
みしかん	未視感	mac	名詞
みじゅくがたじんかくしょうがい	未熟型人格障害	win	名詞
みじゅくがたぱーそなりてぃしょうがい	未熟型パーソナリティ障害	win	名詞
みじゅくがんてい	未熟眼底	win	名詞
みじゅくじ	未熟児	win	名詞
みじゅくじくるびょう	未熟児くる病	win	名詞
みじゅくじしゅっけつせいしっかん	未熟児出血性疾患	win	名詞
みじゅくじひんけつ	未熟児貧血	win	名詞
みじゅくじむこきゅうほっさ	未熟児無呼吸発作	win	名詞
みじゅくじもうまくしょう	未熟児網膜症	both	名詞
みじゅくじんかく	未熟人格	win	名詞
みじゅくはい	未熟肺	win	名詞
みじゅくはくないしょう	未熟白内障	win	名詞
みじゅくりんぱきゅう	未熟リンパ球	mac	名詞
みじゅせいらんし	未受精卵子	mac	名詞
みすせんすへんい	ミスセンス変異	mac	名詞
みずいぼ	水いぼ	win	名詞
みずかきし	みずかき趾	win	名詞
みずかきゆび	みずかき指	win	名詞
みずせいげんしけん	水制限試験	mac	名詞
みずちゅうどく	水中毒	win	名詞
みずむし	水虫	win	名詞
みずりにょう	水利尿	win	名詞
みせいじゅくじんかく	未成熟人格	win	名詞
みせる	ミセル	mac	名詞
みせるか	ミセル化	mac	名詞
みぞりびん	ミゾリビン	win	名詞
みたぞらむ	ミタゾラム	mac	名詞
みたぴらりん	ミタピラリン	win	名詞
みだぞらむ	ミダゾラム	mac	名詞
みちぐりにど	ミチグリニド	mac	名詞
みっかねつ	三日熱	win	名詞
みっかねつまらりあ	三日熱マラリア	win	名詞
みっかはしか	三日はしか	win	名詞
みっどぺりっく	ミッドペリック	win	名詞
みっぷうしょうせんげん	密封小線源	mac	名詞
みっぷうしょうせんげんちりょう	密封小線源治療	win	名詞
みっぷうしょうせんげんりょうほう	密封小線源療法	mac	名詞
みつかりゅう	密顆粒	mac	名詞
みつろう	ミツロウ	win	名詞
みときさんとろん	ミトキサントロン	mac	名詞
みとこんどりあいでんしいじょうとうにょうびょう	ミトコンドリア遺伝子異常糖尿病	win	名詞
みとこんどりあかんしょう	ミトコンドリア肝症	win	名詞
みとこんどりあしんきんしょう	ミトコンドリア心筋症	win	名詞
みとこんどりあのうきんしょう	ミトコンドリア脳筋症	both	名詞
みとこんどりあびょう	ミトコンドリア病	win	名詞
みとこんどりあみおぱちー	ミトコンドリアミオパチー	win	名詞
みとこんどりあＤＮＡかた	ミトコンドリアDNA型	mac	名詞
みとたん	ミトタン	mac	名詞
みとんはんど	ミトンハンド	mac	名詞
みどどりん	ミドドリン	mac	名詞
みどどりんえんさんえん	ミドドリン塩酸塩	win	名詞
みどれふりん	ミドレフリン	win	名詞
みなまたびょう	水俣病	win	名詞
みにさてらいと	ミニサテライト	mac	名詞
みにへぱとうせきよう	ミニヘパ透析用	win	名詞
みにりんめると	ミニリンメルト	win	名詞
みねそたためんじんかくもくろく	ミネソタ多面人格目録	mac	名詞
みねらるこるちこいど	ミネラルコルチコイド	mac	名詞
みのあれさん	ミノアレ散	win	名詞
みのさいくりん	ミノサイクリン	mac	名詞
みのさいくりんえんさんえん	ミノサイクリン塩酸塩	win	名詞
みのーるびょう	ミノール病	win	名詞
みはりいぼ	みはりいぼ	win	名詞
みはりりんぱせつ	見張りリンパ節	mac	名詞
みはれつせんてんせいのうどうじょうみゃくりゅう	未破裂先天性脳動静脈瘤	win	名詞
みはれつついこつどうみゃくかいり	未破裂椎骨動脈解離	win	名詞
みはれつないけいどうみゃくかいり	未破裂内頚動脈解離	win	名詞
みはれつのうどうみゃくりゅう	未破裂脳動脈瘤	win	名詞
みぶんか	未分化	mac	名詞
みぶんかがた	未分化型	win	名詞
みぶんかがたせきついかんせつえん	未分化型脊椎関節炎	win	名詞
みぶんかがたびまんせいりんぱしゅ	未分化型びまん性リンパ腫	win	名詞
みぶんかがん	未分化癌	mac	名詞
みぶんかき	未分化期	mac	名詞
みぶんかさいぼう	未分化細胞	mac	名詞
みぶんかしんけいがいはいようせいしゅよう	未分化神経外胚葉性腫瘍	win	名詞
みぶんかだいさいぼうりんぱしゅ	未分化大細胞リンパ腫	win	名詞
みへんかたい	未変化体	mac	名詞
みべりひかくけっかんしゅ	ミベリ被角血管腫	win	名詞
みべりびょう	ミベリ病	win	名詞
みべりーしかんこうかくかしょう	ミベリー氏汗孔角化症	win	名詞
みほうしゅつし	未萌出歯	win	名詞
みみいしゅく	耳萎縮	win	名詞
みみきけい	耳奇形	win	名詞
みみこうぶ	耳後部	win	名詞
みみこうぶざそう	耳後部挫創	win	名詞
みみこうぶしゅちょう	耳後部腫脹	win	名詞
みみこうぶしゅよう	耳後部腫瘍	win	名詞
みみこうぶしゅりゅう	耳後部腫瘤	win	名詞
みみこうぶだぼくしょう	耳後部打撲傷	win	名詞
みみこうぶのうよう	耳後部膿瘍	win	名詞
みみこうぶりんぱせつえん	耳後部リンパ節炎	win	名詞
みみこうぶりんぱせつしゅちょう	耳後部リンパ節腫脹	win	名詞
みみこうぶりんぱせんえん	耳後部リンパ腺炎	win	名詞
みみこうぶりんぱせんしゅちょう	耳後部リンパ腺腫脹	win	名詞
みみしっかん	耳疾患	win	名詞
みみしゅよう	耳腫瘍	win	名詞
みみしゅりゅう	耳腫瘤	win	名詞
みみしんきんしょう	耳真菌症	win	名詞
みみせつ	耳せつ	win	名詞
みみそんしょう	耳損傷	win	名詞
みみたいじょうほうしん	耳帯状疱疹	win	名詞
みみだれ	耳だれ	win	名詞
みみないしゅっけつ	耳内出血	win	名詞
みみなりけんさ	耳鳴検査	win	名詞
みみのいちいじょう	耳の位置異常	win	名詞
みみのうろう	耳膿漏	win	名詞
みみのきあつせいがいしょう	耳の気圧性外傷	win	名詞
みみはえようちゅうしょう	耳はえ幼虫症	win	名詞
みみへるぺす	耳ヘルペス	win	名詞
みみぽりーぷ	耳ポリープ	win	名詞
みみりょうせいしんせいぶつ	耳良性新生物	win	名詞
みゃくなししんしつひんぱく	脈無し心室頻拍	mac	名詞
みゃくなしでんきかつどう	脈無し電気活動	mac	名詞
みゃくなしびょう	脈無し病	both	名詞
みゃくはくげんじゃく	脈拍減弱	mac	名詞
みゃくはくしょくちふか	脈拍触知不可	mac	名詞
みゃくはくそうしつ	脈拍消失	mac	名詞
みゃくはくのしょくちできないしんしつひんぱく	脈拍の触知できない心室頻拍	mac	名詞
みゃくはくびじゃく	脈拍微弱	win	名詞
みゃくはずしんきずぽりぐらふ	脈波図、心機図、ポリグラフ	win	名詞
みゃくはでんぱそくど	脈波伝播速度	mac	名詞
みゃくらくこりつけっかく	脈絡孤立結核	win	名詞
みゃくらくそう	脈絡叢	mac	名詞
みゃくらくそうにゅうとうしゅ	脈絡叢乳頭腫	win	名詞
みゃくらくそしき	脈絡組織	mac	名詞
みゃくらくまく	脈絡膜	both	名詞
みゃくらくまくあくせいこくしょくしゅ	脈絡膜悪性黒色腫	win	名詞
みゃくらくまくあくせいしんせいぶつ	脈絡膜悪性新生物	win	名詞
みゃくらくまくいしゅくしょう	脈絡膜萎縮症	win	名詞
みゃくらくまくえん	脈絡膜炎	win	名詞
みゃくらくまくけっかく	脈絡膜結核	win	名詞
みゃくらくまくけっかんしゅ	脈絡膜血管腫	win	名詞
みゃくらくまくけっそんしょう	脈絡膜欠損症	win	名詞
みゃくらくまくこうかしょう	脈絡膜硬化症	win	名詞
みゃくらくまくしっかん	脈絡膜疾患	win	名詞
みゃくらくまくしゅうへき	脈絡膜皺壁	win	名詞
みゃくらくまくしゅっけつ	脈絡膜出血	win	名詞
みゃくらくまくしゅよう	脈絡膜腫瘍	win	名詞
みゃくらくまくしゅようせつじょじゅつ	脈絡膜腫瘍切除術	win	名詞
みゃくらくまくだんれつ	脈絡膜断裂	win	名詞
みゃくらくまくてんいがん	脈絡膜転移癌	win	名詞
みゃくらくまくのせんてんきけい	脈絡膜の先天奇形	win	名詞
みゃくらくまくはくり	脈絡膜剥離	win	名詞
みゃくらくまくはんこん	脈絡膜瘢痕	win	名詞
みゃくらくまくへるにあ	脈絡膜ヘルニア	win	名詞
みゃくらくまくへんせい	脈絡膜変性	win	名詞
みゃくらくまくぼはん	脈絡膜母斑	win	名詞
みゃくらくまくりょうせいしゅよう	脈絡膜良性腫瘍	win	名詞
みゃくらくもうまくえん	脈絡網膜炎	mac	名詞
みゃくらくもうまくねっしょう	脈絡網膜熱傷	win	名詞
みゃくらくもうまくはんこん	脈絡網膜瘢痕	win	名詞
みゃくらくれつ	脈絡裂	mac	名詞
みゃくりゅうせいがくこつ	脈瘤性顎骨	win	名詞
みゃくりゅうせいがくこつのうほう	脈瘤性顎骨嚢胞	win	名詞
みゃくりゅうせいこつのうほう	脈瘤性骨嚢胞	mac	名詞
みゃっかん	脈管	mac	名詞
みゃっかんけいせい	脈管形成	mac	名詞
みゃっかんしんしゅう	脈管侵襲	mac	名詞
みやざきはいきゅうちゅうしょう	宮崎肺吸虫症	win	名詞
みやーるぎゅぶれーるしょうこうぐん	ミヤール・ギュブレール症候群	win	名詞
みゅらーかん	Müller管	win	名詞
みゅらーかん	ミュラー管	mac	名詞
みゅらーかんよくせいぶっしつ	ミュラー管抑制物質	mac	名詞
みゅらーきん	ミュラー筋	mac	名詞
みゅんひはうぜんしょうこうぐん	ミュンヒハウゼン症候群	win	名詞
みゅーかすしすと	ミューカスシスト	win	名詞
みゅーじゅうさびょう	ミュー重鎖病	win	名詞
みゅーらーかんこんごうしゅよう	ミューラー管混合腫瘍	win	名詞
みらい	味蕾	mac	名詞
みらどーるさいりゅう	ミラドール細粒	win	名詞
みらぺっくす	ミラペックス	mac	名詞
みらーでぃかーしょうこうぐん	ミラー・ディカー症候群	win	名詞
みらーふぃっしゃーしょうこうぐん	ミラーフィッシャー症候群	win	名詞
みりかれっとてんびえき	ミリカレット点鼻液	win	名詞
みりすろーる	ミリスロール	mac	名詞
みりっちしょうこうぐん	ミリッチ症候群	win	名詞
みるくあるかりしょうこうぐん	ミルク・アルカリ症候群	win	名詞
みるくあれるぎー	ミルクアレルギー	win	名詞
みるくこーひーようはん	ミルクコーヒー様斑	win	名詞
みるくまんしょうこうぐん	ミルクマン症候群	win	名詞
みるたざぴん	ミルタザピン	mac	名詞
みるたっくすぱっぷ	ミルタックスパップ	win	名詞
みるどべーとなんこう	ミルドベート軟膏	win	名詞
みるなしぷらん	ミルナシプラン	mac	名詞
みるなしぷらんえんさんえん	ミルナシプラン塩酸塩	win	名詞
みるびょう	ミル病	win	名詞
みるふりーず	ミルフリーズ	win	名詞
みるまぐ	ミルマグ	win	名詞
みるめしあ	ミルメシア	win	名詞
みれーな	ミレーナ	win	名詞
みろん	ミロン	win	名詞
みんこれ	みんコレ	win	名詞
みんざいちゅうどく	眠剤中毒	win	名詞
むあるぶみんけっしょう	無アルブミン血症	win	名詞
むいせい	無胃性	win	名詞
むえこー	無エコー	mac	名詞
むえんしょう	無涎症	win	名詞
むかくしょうしつしょう	無覚消失症	win	名詞
むかたらーぜけっしょう	無カタラーゼ血症	win	名詞
むかでこうそう	ムカデ咬創	win	名詞
むかりゅうきゅうしょう	無顆粒球症	both	名詞
むかりゅうきゅうせい	無顆粒球性	win	名詞
むかりゅうきゅうせいあんぎな	無顆粒球性アンギナ	win	名詞
むかりゅうきゅうせいあんぎーな	無顆粒球性アンギーナ	win	名詞
むかんかくしょう	無感覚症	win	名詞
むかんき	無換気	mac	名詞
むかんしょう	無汗症	both	名詞
むかんしんき	無関心期	mac	名詞
むかんせいがいはいようけいせいいじょうしょう	無汗性外胚葉形成異常症	win	名詞
むかんせいがいはいようけいせいふぜん	無汗性外胚葉形成不全	win	名詞
むかんせいせんてんせいがいはいようけいせいいじょうしょ	無汗性先天性外胚葉形成異常症	win	名詞
むかんせいにっしゃびょう	無汗性日射病	win	名詞
むかんせん	無冠尖	mac	名詞
むかんりゅういき	無灌流域	mac	名詞
むがいせいしんざつおん	無害性心雑音	both	名詞
むがくしょう	無顎症	win	名詞
むがんきゅうしょう	無眼球症	win	名詞
むがんけんしょう	無眼瞼症	win	名詞
むがんまぐろぶりんけっしょう	無ガンマグロブリン血症	win	名詞
むきえん	無機塩	mac	名詞
むきえんのだっかい	無機塩の脱灰	mac	名詞
むきしつけつぼうしょう	無機質欠乏症	win	名詞
むきしつたいしゃしょうがい	無機質代謝障害	win	名詞
むきのうじん	無機能腎	win	名詞
むきはい	無気肺	both	名詞
むきふっそ	無機フッ素	mac	名詞
むきふんじん	無機粉塵	mac	名詞
むきやくどくぶつ	無機薬毒物	mac	名詞
むきゅうかくしょう	無嗅覚症	win	名詞
むきゅうしょう	無嗅症	win	名詞
むきゅうのうしょう	無嗅脳症	win	名詞
むきよーど	無機ヨード	win	名詞
むきんえし	無菌壊死	mac	名詞
むきんせい	無菌性	win	名詞
むきんせいこつえし	無菌性骨壊死	win	名詞
むきんせいしそうえんいしゅく	無菌性歯槽縁萎縮	win	名詞
むきんせいすいえし	無菌性膵壊死	win	名詞
むきんせいずいまくえん	無菌性髄膜炎	both	名詞
むきんせいふくまくえん	無菌性腹膜炎	win	名詞
むくみ	むくみ	win	名詞
むぐるてんしょく	無グルテン食	mac	名詞
むけい	無茎	mac	名詞
むけいがた	無茎型	mac	名詞
むけいせい	無形成	mac	名詞
むけいせいじん	無形成腎	win	名詞
むけいせいせいひんけつ	無形成性貧血	win	名詞
むけっかんせいこつえし	無血管性骨壊死	both	名詞
むけっかんや	無血管野	both	名詞
むげっけい	無月経	both	名詞
むげっけいしょう	無月経症	win	名詞
むげんせいしんびょう	夢幻精神病	win	名詞
むこあすとまりえき	ムコアストマリ液	win	名詞
むこいどちゅうじえん	ムコイド中耳炎	win	名詞
むこうさい	無虹彩	both	名詞
むこうじょうちゅう	無鉤条虫	mac	名詞
むこうじょうちゅうしょう	無鉤条虫症	win	名詞
むこうぞうけつ	無効造血	mac	名詞
むこきゅうほっさ	無呼吸発作	win	名詞
むこそるばん	ムコソルバン	win	名詞
むこたとう	ムコ多糖	mac	名詞
むこたとうしょう	ムコ多糖症	both	名詞
むこたとうしょう1がた	ムコ多糖症I型	win	名詞
むこたとうしょう2がた	ムコ多糖症II型	win	名詞
むこたとうしょう3がた	ムコ多糖症III型	win	名詞
むこたとうしょう4がた	ムコ多糖症IV型	win	名詞
むこたとうしょう6がた	ムコ多糖症VI型	win	名詞
むこたとうしょう7がた	ムコ多糖症VII型	win	名詞
むこたとうたい	ムコ多糖体	mac	名詞
むこたとうたいしゃいじょう	ムコ多糖代謝異常	win	名詞
むこたとうたいしょう	ムコ多糖体症	win	名詞
むこたとうたいちくせきしょう	ムコ多糖体蓄積症	win	名詞
むこたとうちくせきしょうせいしんぞうびょう	ムコ多糖蓄積症性心臓病	win	名詞
むこたとうちんちゃくしょう	ムコ多糖沈着症	mac	名詞
むこたとうるいしょう	ムコ多糖類症	win	名詞
むこたんぱく	ムコ蛋白	both	名詞
むこだいん	ムコダイン	win	名詞
むこりぴどーしす	ムコリピドーシス	win	名詞
むこりぴどーしす1がた	ムコリピドーシス1型	win	名詞
むこりぴどーしす3がた	ムコリピドーシス3型	win	名詞
むこりぴどーしす4がた	ムコリピドーシス4型	win	名詞
むこりぴどーしすいちがた	ムコリピドーシス1型	win	名詞
むこりぴどーしすさんがた	ムコリピドーシス3型	win	名詞
むこりぴどーしすよんがた	ムコリピドーシス4型	win	名詞
むこーずすちゅうじえん	ムコーズス中耳炎	win	名詞
むこーる	ムコール	mac	名詞
むこーるきんしょう	ムコール菌症	win	名詞
むこーるさん	ムコール酸	mac	名詞
むこーるしょう	ムコール症	win	名詞
むごんしょう	無言症	win	名詞
むさいはつせいぞん	無再発生存	mac	名詞
むさん	無酸	mac	名詞
むさんしょう	無酸症	both	名詞
むさんせいしょうかふりょう	無酸性消化不良	mac	名詞
むさんそしょう	無酸素症	mac	名詞
むさんそせいのうしょう	無酸素性脳症	win	名詞
むさんそせいのうしょうがい	無酸素性脳障害	win	名詞
むし	霧視	both	名詞
むしがくていにゅうとうしゅ	無歯顎堤乳頭腫	win	名詞
むしがくていりょうせいしゅよう	無歯顎堤良性腫瘍	win	名詞
むしきそせい	無色素性	win	名詞
むしさされ	虫さされ	win	名詞
むししょう	無歯症	win	名詞
むししょう	無肢症	win	名詞
むしゅうせい	無臭性	win	名詞
むしょうこう	無症候	mac	名詞
むしょうこうき	無症候期	mac	名詞
むしょうこうせい	無症候性	both	名詞
むしょうこうせいきゃりあ	無症候性キャリア	win	名詞
むしょうこうせいけつにょう	無症候性血尿	win	名詞
むしょうこうせいげんぱつせいたんじゅうせいかんこうへん	無症候性原発性胆汁性肝硬変	win	名詞
むしょうこうせいこうにょうさんけっしょう	無症候性高尿酸血症	win	名詞
むしょうこうせいこつずいしゅ	無症候性骨髄腫	both	名詞
むしょうこうせいごえん	無症候性誤嚥	win	名詞
むしょうこうせいさいきんにょう	無症候性細菌尿	win	名詞
むしょうこうせいしんきんきょけつ	無症候性心筋虚血	win	名詞
むしょうこうせいしんけいばいどく	無症候性神経梅毒	win	名詞
むしょうこうせいじめい	無症候性耳鳴	win	名詞
むしょうこうせいたはつこうかしょう	無症候性多発硬化症	win	名詞
むしょうこうせいたはつせいこうかしょう	無症候性多発性硬化症	win	名詞
むしょうこうせいたはつせいのうこうそく	無症候性多発性脳梗塞	win	名詞
むしょうこうせいたんぱくにょう	無症候性蛋白尿	win	名詞
むしょうこうせいのうこうそく	無症候性脳梗塞	win	名詞
むしょうこうせいのうにょう	無症候性膿尿	win	名詞
むしょうこうせいぺすと	無症候性ペスト	win	名詞
むしょうこうせいらくなこうそく	無症候性ラクナ梗塞	win	名詞
むしょうまくや	無漿膜野	mac	名詞
むしょっかくしょう	無触覚症	win	名詞
むしようせい	無晶性	win	名詞
むしんりょうちりょう	無診療治療	mac	名詞
むじくけっかん	無軸血管	mac	名詞
むじしょう	無耳症	win	名詞
むじゅんせいにょうしっきん	矛盾性尿失禁	win	名詞
むじゅんだつい	矛盾脱衣	mac	名詞
むすい	無水	win	名詞
むすいえたのーる	無水エタノール	win	名詞
むすいかふぇいん	無水カフェイン	win	名詞
むすいくえんさん	無水クエン酸	win	名詞
むすいしょうたいがん	無水晶体眼	both	名詞
むすいしょうたいせいりょくないしょう	無水晶体性緑内障	win	名詞
むすいたいぷがいはいようせいけいせいいじょう	無水タイプ外胚葉性形成異常	win	名詞
むすかりん	ムスカリン	mac	名詞
むすかりんじゅようたい	ムスカリン受容体	mac	名詞
むすかりんよう	ムスカリン様	mac	名詞
むずいし	無髄歯	win	名詞
むずいせんい	無髄繊維	mac	名詞
むずむずあししょうこうぐん	むずむず脚症候群	mac	名詞
むせいししょう	無精子症	both	名詞
むせいせだい	無性世代	mac	名詞
むせいせんしょう	無性腺症	win	名詞
むせきずいしょう	無脊髄症	win	名詞
むせきずいのうしょう	無脊髄脳症	win	名詞
むせきたんのうえん	無石胆嚢炎	mac	名詞
むせるろぷらすみんけっしょう	無セルロプラスミン血症	win	名詞
むせんいそげんけっしょう	無線維素原血症	win	名詞
むぜつしょう	無舌症	win	名詞
むそうしょう	無爪症	win	名詞
むぞうあくせいぞん	無増悪生存	mac	名詞
むぞうえいじん	無造影腎	win	名詞
むだえきせんしょう	無唾液腺症	win	名詞
むちうちこういしょう	むちうち後遺症	win	名詞
むちうちしょう	むちうち症	win	名詞
むちうちそんしょう	むちうち損傷	both	名詞
むちげんかりゅう	ムチゲン顆粒	mac	名詞
むちゅうゆうこう	夢中遊行	win	名詞
むちゅうゆうこうしょう	夢中遊行症	mac	名詞
むちらんすへんけい	ムチランス変形	win	名詞
むちん	ムチン	mac	名詞
むちんしょう	ムチン症	mac	名詞
むちんせいらんそうのうほうせんしゅ	ムチン性卵巣嚢胞腺腫	win	名詞
むちんちんちゃくしょう	ムチン沈着症	win	名詞
むつうせい	無痛性	both	名詞
むつうせいこうじょうせんえん	無痛性甲状腺炎	both	名詞
むつうせいしんきんきょけつ	無痛性心筋虚血	win	名詞
むつうせいたんせきしょう	無痛性胆石症	win	名詞
むつうせいほこう	無痛性歩行	mac	名詞
むとうがいしょう	無頭蓋症	win	名詞
むとらんすふぇりんけっしょう	無トランスフェリン血症	win	名詞
むどう	無動	mac	名詞
むどうせい	無動性	win	名詞
むどうせいむごんしょう	無動性無言症	win	名詞
むなやけ	胸やけ	mac	名詞
むなんちょうせいじめい	無難聴性耳鳴	win	名詞
むにゅうしょう	無乳症	win	名詞
むにゅうとうしょう	無乳頭症	win	名詞
むにゅうぼう	無乳房	win	名詞
むにょう	無尿	both	名詞
むにょうしょう	無尿症	mac	名詞
むねこしこうかんしんけいせつぶろっく	胸・腰交感神経節ブロック	win	名詞
むねつせいけいれん	無熱性痙攣	win	名詞
むねつせいはいえん	無熱性肺炎	win	名詞
むねやけ	胸やけ	win	名詞
むのうかいしょう	無脳回症	win	名詞
むのうしょう	無脳症	win	名詞
むのうじ	無脳児	win	名詞
むはいらんげっけい	無排卵月経	win	名詞
むはいらんしょう	無排卵症	win	名詞
むはいらんせいげっけい	無排卵性月経	mac	名詞
むはいらんせいしゅうき	無排卵性周期	mac	名詞
むはっかんしょう	無発汗症	win	名詞
むはっかんせいがいはいようせいいけいせい	無発汗性外胚葉性異形成	win	名詞
むはっかんせいがいはいようせいけいせいいじょう	無発汗性外胚葉性形成異常	win	名詞
むはぷとぐろびんけっしょう	無ハプトグロビン血症	mac	名詞
むはぷとぐろぶりんけっしょう	無ハプトグロブリン血症	win	名詞
むはんのう	無反応	mac	名詞
むひ	無脾	mac	名詞
むひしょう	無脾症	win	名詞
むひしょうこうぐん	無脾症候群	both	名詞
むふぃぶりのげんけっしょう	無フィブリノゲン血症	win	名詞
むふぃぶりのーげんけっしょう	無フィブリノーゲン血症	win	名詞
むふせいえし	無腐性壊死	win	名詞
むべーたりぽたんぱくけっしょう	無βリポタンパク血症	win	名詞
むべーたりぽたんぱくけっしょう	無ベータリポ蛋白血症	win	名詞
むみゃくせいしんしつひんぱく	無脈性心室頻拍	both	名詞
むみゃくせいでんきかつどう	無脈性電気活動	mac	名詞
むみゃくせいでんきてきかつどう	無脈性電気的活動	mac	名詞
むめいしつ	無名質	mac	名詞
むもう	無毛	mac	名詞
むもうしょう	無毛症	win	名詞
むゆうしょう	夢遊症	win	名詞
むゆうびょう	夢遊病	win	名詞
むよくせいせいしんけいいんせいぼうこう	無抑制性神経因性膀胱	win	名詞
むりょくしょう	無力症	win	名詞
むりょくせい	無力性	win	名詞
むりょくせいじんかくいじょう	無力性人格異常	win	名詞
むりょくせいせいかくしょうがい	無力性性格障害	win	名詞
むりょくせいべんぴ	無力性便秘	win	名詞
むりんぱきゅうしょう	無リンパ球症	win	名詞
むろうせい	無瘻性	win	名詞
むんぷす	ムンプス	both	名詞
むんぷすういるす	ムンプスウイルス	mac	名詞
むんぷすういるすこうたいか	ムンプスウイルス抗体価	win	名詞
むんぷすかんえん	ムンプス肝炎	win	名詞
むんぷすかんせつえん	ムンプス関節炎	win	名詞
むんぷすしんきんえん	ムンプス心筋炎	win	名詞
むんぷすじかせんえん	ムンプス耳下腺炎	win	名詞
むんぷすじんえん	ムンプス腎炎	win	名詞
むんぷすすいえん	ムンプス膵炎	win	名詞
むんぷすずいまくえん	ムンプス髄膜炎	win	名詞
むんぷすせいそうえん	ムンプス精巣炎	win	名詞
むんぷすせきずいえん	ムンプス脊髄炎	win	名詞
むんぷすたはつせいにゅーろぱちー	ムンプス多発性ニューロパチー	win	名詞
むんぷすなんちょう	ムンプス難聴	both	名詞
むんぷすのうえん	ムンプス脳炎	win	名詞
むんぷすのうせきずいえん	ムンプス脳脊髄炎	win	名詞
むんぷすらんそうえん	ムンプス卵巣炎	win	名詞
むーこる	ムーコル	mac	名詞
むーこるしょう	ムーコル症	mac	名詞
むーこるもく	ムーコル目	mac	名詞
むーべん	ムーベン	win	名詞
めいぎむざせんしょく	May-Giemsa染色	win	名詞
めいさいぼうがん	明細胞癌	mac	名詞
めいさいぼうにくしゅ	明細胞肉腫	mac	名詞
めいじしょうこうぐん	メイジ症候群	win	名詞
めいじゅんのう	明順応	mac	名詞
めいそうしんけい	迷走神経	both	名詞
めいそうしんけいきんちょうしょう	迷走神経緊張症	win	名詞
めいそうしんけいさんかく	迷走神経三角	mac	名詞
めいそうしんけいしょうがい	迷走神経障害	win	名詞
めいそうしんけいせつだんじゅつ	迷走神経切断術	win	名詞
めいそうしんけいせつりごしょうこうぐん	迷走神経切離後症候群	win	名詞
めいそうしんけいそんしょう	迷走神経損傷	win	名詞
めいそうしんけいつう	迷走神経痛	win	名詞
めいそうしんけいはいそくかく	迷走神経背側核	mac	名詞
めいそうしんけいはんしゃ	迷走神経反射	mac	名詞
めいそうしんけいぶろっく	迷走神経ブロック	win	名詞
めいそうしんけいまひ	迷走神経麻痺	win	名詞
めいちょう	明調	mac	名詞
めいてい	酩酊	mac	名詞
めいていど	酩酊度	mac	名詞
めいていよう	酩酊様	mac	名詞
めいにゅう	迷入	mac	名詞
めいにゅうこうじょうせんそしき	迷入甲状腺組織	mac	名詞
めいにゅうすい	迷入膵	win	名詞
めいへぐりんしょうこうぐん	メイ・ヘグリン症候群	win	名詞
めいもうますい	迷もう麻酔	win	名詞
めいよー	メイヨー	mac	名詞
めいらーどはんのう	メイラード反応	mac	名詞
めいろ	迷路	win	名詞
めいろうっけつ	迷路うっ血	win	名詞
めいろかびんしょう	迷路過敏症	win	名詞
めいろきのういじょう	迷路機能異常	win	名詞
めいろきのうしょうがい	迷路機能障害	win	名詞
めいろきのうそんしつ	迷路機能損失	win	名詞
めいろきのうていかしょう	迷路機能低下症	win	名詞
めいろきのうはいぜつ	迷路機能癈絶	win	名詞
めいろこつほうじこうかしょう	迷路骨包耳硬化症	win	名詞
めいろしょうがい	迷路障害	win	名詞
めいろせい	迷路性	win	名詞
めいろせいなんちょう	迷路性難聴	win	名詞
めいろせいめまい	迷路性めまい	win	名詞
めいろてきしゅつじゅつ	迷路摘出術	win	名詞
めいろばいどく	迷路梅毒	win	名詞
めいろろう	迷路瘻	win	名詞
めいんろーぶ	メインローブ	mac	名詞
めがねそうよう	眼鏡装用	mac	名詞
めがねようけっしゅ	眼鏡様血腫	mac	名詞
めきしれちん	メキシレチン	mac	名詞
めきしれちんえんさんえん	メキシレチン塩酸塩	win	名詞
めきたじん	メキタジン	win	名詞
めくろふぇのきさーとえんさんえん	メクロフェノキサート塩酸塩	win	名詞
めこばらみん	メコバラミン	win	名詞
めこんじゅうけつきゅうちゅうしょう	メコン住血吸虫症	win	名詞
めさどんちゅうどく	メサドン中毒	win	名詞
めさふぃりん	メサフィリン	win	名詞
めさらじん	メサラジン	win	名詞
めさんぎうむ	メサンギウム	mac	名詞
めさんぎうむかんにゅう	メサンギウム間入	mac	名詞
めさんぎうむきしつ	メサンギウム基質	win	名詞
めさんぎうむこうか	メサンギウム硬化	mac	名詞
めさんぎうむさいぼう	メサンギウム細胞	win	名詞
めさんぎうむぞうしょくせいしきゅうたいじんえん	メサンギウム増殖性糸球体腎炎	both	名詞
めしるさんかもすたっと	メシル酸カモスタット	win	名詞
めしるさんがべきさーと	メシル酸ガベキサート	win	名詞
めじてっく	メジテック	win	名詞
めじなちゅう	メジナ虫	mac	名詞
めじなちゅうしょう	メジナ虫症	win	名詞
めじゃーとりそみー	メジャートリソミー	win	名詞
めすかりんちゅうどく	メスカリン中毒	win	名詞
めすな	メスナ	mac	名詞
めずさのあたま	メズサの頭	mac	名詞
めそとれきせーと	メソトレキセート	mac	名詞
めそとれきせーとかんれんりんぱぞうしょくせいしっかん	メソトレキセート関連リンパ増殖性疾患	win	名詞
めたあならいしす	メタアナライシス	mac	名詞
めたかろんちゅうどく	メタカロン中毒	win	名詞
めたこりん	メタコリン	mac	名詞
めたすたみん	メタスタミン	win	名詞
めたすとろんぎるすしょう	メタストロンギルス症	win	名詞
めたせるかりあ	メタセルカリア	mac	名詞
めたねふりん	メタネフリン	both	名詞
めたねふりんぶんかく	メタネフリン分画	win	名詞
めたのーるちゅうどく	メタノール中毒	mac	名詞
めたぼりっく	メタボリック	mac	名詞
めたぼりっくしんどろーむ	メタボリックシンドローム	win	名詞
めたらみのーるちゅうどく	メタラミノール中毒	win	名詞
めたるりてーなーふてきごう	メタルリテーナー不適合	win	名詞
めたろぷろてあーぜ	メタロプロテアーゼ	mac	名詞
めちおにん	メチオニン	mac	名詞
めちしりんたいせいおうしょくぶどうきゅうきん	メチシリン耐性黄色ブドウ球菌	mac	名詞
めちしりんたいせいひょうひぶどうきゅうきん	メチシリン耐性表皮ブドウ球菌	mac	名詞
めちしれちん	メチシレチン	win	名詞
めちまぞーる	メチマゾール	mac	名詞
めちらぽん	メチラポン	mac	名詞
めちるあるこーるちゅうどく	メチルアルコール中毒	win	名詞
めちるか	メチル化	mac	名詞
めちるくろとにるぐりしんにょうしょう	メチルクロトニルグリシン尿症	win	名詞
めちるじごきしん	メチルジゴキシン	win	名詞
めちるせるろーす	メチルセルロース	win	名詞
めちるどぱ	メチルドパ	mac	名詞
めちるふぇにでーと	メチルフェニデート	mac	名詞
めちるぷれどにぞろん	メチルプレドニゾロン	mac	名詞
めちるぷれどにぞろんこはくさんえす	メチルプレドニゾロンコハク酸エステル	win	名詞
めちるまろんさん	メチルマロン酸	both	名詞
めちるまろんさんけっしょう	メチルマロン酸血症	win	名詞
めちるめちおにんするほにうむくろらいど	メチルメチオニンスルホニウムクロライド	win	名詞
めちるりゅうさんあめじにうむ	メチル硫酸アメジニウム	win	名詞
めちるろざにりんえんかぶつ	メチルロザニリン塩化物	win	名詞
めっきんせいせいすい	滅菌精製水	win	名詞
めっけるぐるーばーしょうこうぐん	メッケル・グルーバー症候群	win	名詞
めっけるけいしつ	Meckel憩室	win	名詞
めっけるけいしつ	メッケル憩室	both	名詞
めっけるなんこつ	メッケル軟骨	mac	名詞
めっつぇん	メッツェン	mac	名詞
めっつぇんばうむ	メッツェンバウム	mac	名詞
めでぃえーたー	メディエーター	mac	名詞
めでぃけーしょん	メディケーション	mac	名詞
めでぃけーしょんえらー	メディケーションエラー	mac	名詞
めでぃとらんすてーぷ	メディトランステープ	win	名詞
めときしふるらん	メトキシフルラン	mac	名詞
めとくろぷらみど	メトクロプラミド	both	名詞
めととれきさーと	メトトレキサート	both	名詞
めとぷろろーるしゅせきさんえん	メトプロロール酒石酸塩	win	名詞
めとへもぐろびん	メトヘモグロビン	mac	名詞
めとへもぐろびんけっしょう	メトヘモグロビン血症	both	名詞
めとへもぐろびんにょうしょう	メトヘモグロビン尿症	win	名詞
めとほるみん	メトホルミン	mac	名詞
めとほるみんえんさんえん	メトホルミン塩酸塩	win	名詞
めとろいりんてる	メトロイリンテル	win	名詞
めとろいりーぜ	メトロイリーゼ 	win	名詞
めとろにだぞーる	メトロニダゾール	both	名詞
めどうしょうこうぐん	メドウ症候群	win	名詞
めどろきし	メドロキシ	mac	名詞
めどろきしぷろげすてろん	メドロキシプロゲステロン	mac	名詞
めどろきしぷろげすてろんさくさんえすてる	メドロキシプロゲステロン酢酸エステル	win	名詞
めなてとれのん	メナテトレノン	win	名詞
めにえるげんうん	メニエル眩暈	win	名詞
めにえるしょう	メニエル症	win	名詞
めにえるしょうこうぐん	メニエル症候群	win	名詞
めにえるびょう	メニエル病	win	名詞
めにえるようしょうこうぐん	メニエル様症候群	win	名詞
めにえーるしょうこうぐん	メニエール症候群	win	名詞
めにえーるびょう	Ménière病	win	名詞
めにえーるびょう	メニエール病	both	名詞
めにすかすがんぐりおん	メニスカスガングリオン	win	名詞
めねとりえびょう	メネトリエ病	win	名詞
めのえいどこんびぱっち	メノエイドコンビパッチ	win	名詞
めばろんさん	メバロン酸	mac	名詞
めびうすしょうこうぐん	メビウス症候群	win	名詞
めぴばかいん	メピバカイン	mac	名詞
めふぇなむさん	メフェナム酸	win	名詞
めふるしど	メフルシド	win	名詞
めぷちんすいんぐへらー	メプチンスイングヘラー	win	名詞
めべんだぞーる	メベンダゾール	mac	名詞
めまい	めまい	win	名詞
めまいかん	めまい感	win	名詞
めまいしょう	めまい症	win	名詞
めまいしょうこうぐん	めまい症候群	win	名詞
めまいほっさ	めまい発作	win	名詞
めまりー	メマリー	win	名詞
めもりーBさいぼう	メモリーB細胞	win	名詞
めもりーりんぱきゅう	メモリーリンパ球	mac	名詞
めらにん	メラニン	mac	名詞
めらにんかじょうちんちゃく	メラニン過剰沈着	win	名詞
めらにんさいぼう	メラニン細胞	mac	名詞
めらにんさいぼうせいぼはん	メラニン細胞性母斑	win	名詞
めらにんさんせい	メラニン産生	mac	名詞
めらにんしきそちんちゃくしょう	メラニン色素沈着症	win	名詞
めらにんちんちゃく	メラニン沈着	win	名詞
めらにんちんちゃくしょう	メラニン沈着症	win	名詞
めらにんにょう	メラニン尿	win	名詞
めらのさいと	メラノサイト	mac	名詞
めらのふぁーじ	メラノファージ	win	名詞
めらのーま	メラノーマ	win	名詞
めらのーむ	メラノーム	win	名詞
めらんこりー	メランコリー	win	名詞
めらんこりーしんわがた	メランコリー親和型	mac	名詞
めらんこりーしんわがたせいかく	メランコリー親和型性格	both	名詞
めらーぜつえん	メラー舌炎	win	名詞
めらーばろうびょう	メラー・バロウ病	win	名詞
めるかぷと	メルカプト	mac	名詞
めるかぷとぷりん	メルカプトプリン	mac	名詞
めるかーそんろーぜんたーるしょうこうぐん	メルカーソン・ローゼンタール症候群	win	名詞
めるけるさいぼう	メルケル細胞	mac	名詞
めるけるさいぼうがん	メルケル細胞癌	win	名詞
めるすもん	メルスモン	win	名詞
めるふぁらん	メルファラン	mac	名詞
めれな	メレナ	win	名詞
めろきしかむ	メロキシカム	win	名詞
めろぺねむ	メロペネム	mac	名詞
めんえき	免疫	win	名詞
めんえきかんれんいでんしさいこうせい	免疫関連遺伝子再構成	win	名詞
めんえきがきゅうせい	免疫芽球性	win	名詞
めんえきがきゅうせいりんぱせつしょう	免疫芽球性リンパ節症	win	名詞
めんえきがくてきけんさほう	免疫学的検査法	mac	名詞
めんえきがくてきそくていほう	免疫学的測定法	mac	名詞
めんえきぐろぶりん	免疫グロブリン	mac	名詞
めんえきぐろぶりんHさいでんしけっしつ	免疫グロブリンH鎖遺伝子欠失	win	名詞
めんえきぐろぶりんHさけっそんしょう	免疫グロブリンH鎖欠損症	win	名詞
めんえきぐろぶりんいじょうしょう	免疫グロブリン異常症	win	名詞
めんえきぐろぶりんえっちさいでんしけっしつ	免疫グロブリンH鎖遺伝子欠失	win	名詞
めんえきぐろぶりんえるさかっぱらむた	免疫グロブリンL鎖κ/λ比	win	名詞
めんえきぐろぶりんけっそんしょう	免疫グロブリン欠損症	win	名詞
めんえきぐろぶりんけつぼうしょう	免疫グロブリン欠乏症	win	名詞
めんえきぐろぶりんちじょうしょう	免疫グロブリン値上昇	win	名詞
めんえきけいこう	免疫蛍光	mac	名詞
めんえきけっせい	免疫血清	mac	名詞
めんえきけっせいがくてきけんさ	免疫血清学的検査	mac	名詞
めんえきげん	免疫原	mac	名詞
めんえきさいこうちくしょうこうぐん	免疫再構築症候群	mac	名詞
めんえきしっかん	免疫疾患	both	名詞
めんえきせんしょくびょうりそしきひょう	免疫染色病理組織標本作製	win	名詞
めんえきぞうきょうけいちょうえいようざい	免疫増強経腸栄養剤	win	名詞
めんえきぞうしょくせいしょうちょうしっかん	免疫増殖性小腸疾患	win	名詞
めんえきたんとうさいぼう	免疫担当細胞	mac	名詞
めんえきのう	免疫能	mac	名詞
めんえきふくごうたい	免疫複合体	mac	名詞
めんえきふぜん	免疫不全	win	名詞
めんえきへんこう	免疫偏向	mac	名詞
めんえきよくせい	免疫抑制	mac	名詞
めんえきよくせいざい	免疫抑制剤	mac	名詞
めんか	免荷	mac	名詞
めんかじょうはくはん	綿花状白斑	mac	名詞
めんかそうぐ	免荷装具	win	名詞
めんけすしょうこうぐん	メンケス症候群	win	名詞
めんけすびょう	Menkes病	win	名詞
めんけすびょう	メンケス病	win	名詞
めんけべるぐ	メンケベルグ	mac	名詞
めんけべるぐがたこうかしょう	メンケベルグ型硬化症	mac	名詞
めんけべるぐがたどうみゃくこうか	メンケベルグ型動脈硬化	mac	名詞
めんけべるぐこうかしょう	メンケベルグ硬化症	win	名詞
めんじょうせっかいか	綿状石灰化	mac	名詞
めんせきひ	面積比	mac	名詞
めんせきぶろっとほう	免疫ブロット法	mac	名詞
めんそう	面創	mac	名詞
めんたーむ	メンターム	win	名詞
めんちょう	面疔	win	名詞
めんでるそんしょうこうぐん	メンデルソン症候群	win	名詞
めんどん	メンドン	win	名詞
めんはいしょう	綿肺症	win	名詞
めんほうあっしゅつほう	面疱圧出法	win	名詞
めんぽう	面疱	both	名詞
めんぽうがん	面疱癌	mac	名詞
めーじゅしょうこうぐん	メージュ症候群	win	名詞
めーぷるしろっぷにょうしょう	メープルシロップ尿症	both	名詞
もいおぱみん	モイオパミン	win	名詞
もうかん	毛幹	mac	名詞
もうかん	盲管	both	名詞
もうかんしゃそう	盲管射創	mac	名詞
もうかんじゅうそう	盲管銃創	win	名詞
もうが	毛芽	mac	名詞
もうがさいぼう	毛芽細胞	mac	名詞
もうきゅう	毛球	mac	名詞
もうけいてい	盲係蹄	mac	名詞
もうけいていしょうこうぐん	盲係蹄症候群	both	名詞
もうこう	毛孔	mac	名詞
もうこう	盲孔	mac	名詞
もうこうかくかしょう	毛孔角化症	win	名詞
もうこうしゅ	毛孔腫	win	名詞
もうこうせい	毛孔性	win	名詞
もうこうせいかくかしょう	毛孔性角化症	both	名詞
もうこうせいこうしょくたいせん	毛孔性紅色苔癬	win	名詞
もうこうせいこうしょくひこうしん	毛孔性紅色粃糠疹	both	名詞
もうこうせいたいせん	毛孔性苔癬	win	名詞
もうこうせいのうほう	毛孔性嚢胞	win	名詞
もうこうせいへんぺいたいせん	毛孔性扁平苔癬	win	名詞
もうこしょう	蒙古症	win	名詞
もうこはん	蒙古斑	both	名詞
もうこんはくせん	毛根白癬	win	名詞
もうさい	毛細	mac	名詞
もうさいかん	毛細管	mac	名詞
もうさいかんぜいじゃくしょう	毛細管脆弱症	win	名詞
もうさいけっかん	毛細血管	mac	名詞
もうさいけっかんかくちょうしょう	毛細血管拡張症	win	名詞
もうさいけっかんかくちょうせいうんどうしっちょうしょう	毛細血管拡張性運動失調症	both	名詞
もうさいけっかんかくちょうせいけっかんしゅ	毛細血管拡張性血管腫	win	名詞
もうさいけっかんかくちょうせいしっちょうしょう	毛細血管拡張性失調症	both	名詞
もうさいけっかんかくちょうせいにくげしゅ	毛細血管拡張性肉芽腫	win	名詞
もうさいけっかんさいじゅうまんじかん	毛細血管再充満時間	mac	名詞
もうさいけっかんしっかん	毛細血管疾患	win	名詞
もうさいけっかんしゅっけつ	毛細血管出血	win	名詞
もうさいけっかんしょう	毛細血管床	mac	名詞
もうさいけっかんせいけっかんしゅ	毛細血管性血管腫	win	名詞
もうさいけっかんせいしゅっけつ	毛細血管性出血	win	名詞
もうさいけっかんぜいじゃくしょう	毛細血管脆弱症	win	名詞
もうさいけっかんりゅう	毛細血管瘤	mac	名詞
もうさいたんかん	毛細胆管	mac	名詞
もうさいていこう	毛細抵抗	win	名詞
もうさいりんぱかん	毛細リンパ管	mac	名詞
もうしょうせい	毛鞘性	win	名詞
もうしょうせいのうほう	毛鞘性嚢胞	win	名詞
もうじょうえい	網状影	mac	名詞
もうじょうかりゅうじょういんえい	網状顆粒状陰影	mac	名詞
もうじょうしたんしきそちんちゃくしょう	網状肢端色素沈着症	win	名詞
もうじょうせっけっきゅう	網状赤血球	mac	名詞
もうじょうそう	網状層	both	名詞
もうじょうたい	網状帯	mac	名詞
もうじょうはくばんしょう	毛状白板症	win	名詞
もうじょうばん	網状板	mac	名詞
もうじょうひはん	網状皮斑	both	名詞
もうじょうるいかんせん	網状類乾癬	win	名詞
もうせっけっきゅう	網赤血球	mac	名詞
もうせっけっきゅうすう	網赤血球数	mac	名詞
もうぜいじゃくしょう	毛脆弱症	win	名詞
もうそう	妄想	win	名詞
もうそう	毛巣	win	名詞
もうそう	毛瘡	win	名詞
もうそうがたじょうきょうはんのう	妄想型状況反応	win	名詞
もうそうがたせいしんぶんれつびょう	妄想型精神分裂病	win	名詞
もうそうがたとうごうしっちょうしょう	妄想型統合失調症	both	名詞
もうそうがたぱーそなりてぃしょうがい	妄想型パーソナリティ障害	mac	名詞
もうそうきぶん	妄想気分	mac	名詞
もうそうけいこう	妄想傾向	win	名詞
もうそうじょうたい	妄想状態	win	名詞
もうそうせいしゅうけいきょうふしょう	妄想性醜形恐怖症	win	名詞
もうそうせいしょうがい	妄想性障害	both	名詞
もうそうせいしんけいしょう	妄想性神経症	win	名詞
もうそうせいしんびょう	妄想精神病	win	名詞
もうそうせいじんかくいじょう	妄想性人格異常	win	名詞
もうそうせいじんかくしょうがい	妄想性人格障害	win	名詞
もうそうせいせいかくしょうがい	妄想性性格障害	win	名詞
もうそうせいせいしんびょう	妄想性精神病	win	名詞
もうそうせいぱーそなりてぃしょうがい	妄想性パーソナリティ障害	win	名詞
もうそうちかく	妄想知覚	mac	名詞
もうそうちゃくそう	妄想着想	mac	名詞
もうそうどう	毛巣洞	win	名詞
もうそうどうしゅじゅつ	毛巣洞手術	win	名詞
もうそうのうしゅじゅつ	毛巣嚢手術	win	名詞
もうそうのうほう	毛巣嚢胞	win	名詞
もうそうはんのう	妄想反応	win	名詞
もうそうろう	毛巣瘻	win	名詞
もうそうろうしゅじゅつ	毛巣瘻手術	win	名詞
もうたい	毛帯	mac	名詞
もうたいこうさ	毛帯交叉	mac	名詞
もうたん	盲端	both	名詞
もうちゅうひふえん	毛虫皮膚炎	win	名詞
もうちょう	盲腸	win	名詞
もうちょうあくせいしんせいぶつ	盲腸悪性新生物	win	名詞
もうちょうあとにー	盲腸アトニー	win	名詞
もうちょうえん	盲腸炎	win	名詞
もうちょうかいてんふぜん	盲腸回転不全	win	名詞
もうちょうかいよう	盲腸潰瘍	win	名詞
もうちょうかるちのいど	盲腸カルチノイド	win	名詞
もうちょうが	盲腸芽	mac	名詞
もうちょうがん	盲腸癌	win	名詞
もうちょうきょうさくしょう	盲腸狭窄症	win	名詞
もうちょうけいしつ	盲腸憩室	win	名詞
もうちょうけいしつえん	盲腸憩室炎	win	名詞
もうちょうけいしつせんこう	盲腸憩室穿孔	win	名詞
もうちょうこうい	盲腸後位	mac	名詞
もうちょうこうぶのうよう	盲腸後部膿瘍	win	名詞
もうちょうしゅういのうよう	盲腸周囲膿瘍	win	名詞
もうちょうしゅういへるにあ	盲腸周囲ヘルニア	win	名詞
もうちょうしゅよう	盲腸腫瘍	win	名詞
もうちょうせんしゅ	盲腸腺腫	win	名詞
もうちょうねんまくかしゅよう	盲腸粘膜下腫瘍	win	名詞
もうちょうのりょうせいしゅよう	盲腸の良性腫瘍	win	名詞
もうちょうぶがん	盲腸部癌	win	名詞
もうちょうぶけいしつ	盲腸部憩室	win	名詞
もうちょうぶけいしつしょう	盲腸部憩室症	win	名詞
もうちょうぶゆちゃく	盲腸部癒着	win	名詞
もうちょうへるにあ	盲腸ヘルニア	win	名詞
もうちょうほうしゅくじゅつ	盲腸縫縮術	win	名詞
もうちょうぽりーぷ	盲腸ポリープ	win	名詞
もうちょうりょうせいしゅよう	盲腸良性腫瘍	win	名詞
もうちょうろう	盲腸瘻	win	名詞
もうてんかくだい	盲点拡大	win	名詞
もうでんずいじょう	網電図異常	win	名詞
もうとうちゅうしょう	毛頭虫症	win	名詞
もうないけい	網内系	mac	名詞
もうないそしききゅうしゅ	網内組織球腫	win	名詞
もうにゅうとう	毛乳頭	mac	名詞
もうのう	毛嚢	both	名詞
もうのう	盲嚢	mac	名詞
もうのう	網嚢	mac	名詞
もうのうえん	毛嚢炎	both	名詞
もうのうがんけんえん	毛嚢眼瞼炎	win	名詞
もうのうこう	網嚢孔	both	名詞
もうのうこうへるにあ	網のう孔ヘルニア	win	抑制単語
もうのうこうへるにあ	網嚢孔ヘルニア	win	名詞
もうのうしゅ	毛嚢腫	win	名詞
もうのうじょうひしゅ	毛嚢上皮腫	win	名詞
もうのうせいかくかしょう	毛嚢性角化症	win	名詞
もうのうせいたいせん	毛嚢性苔癬	win	名詞
もうのうちゅうしょう	毛嚢虫症	win	名詞
もうのうぼはん	毛嚢母斑	win	名詞
もうはつ	毛髪	win	名詞
もうはついしゅく	毛髪萎縮	win	名詞
もうはついせき	毛髪胃石	win	名詞
もうはつのうしゅ	毛髪嚢腫	win	名詞
もうはつのうしゅ	毛髮嚢腫	win	名詞
もうはつはついくふぜん	毛髪発育不全	win	名詞
もうはつへんしょく	毛髪変色	win	名詞
もうはつよう	毛髪様	mac	名詞
もうひしたんい	毛皮脂単位	mac	名詞
もうほう	毛包	both	名詞
もうほうえん	毛包炎	both	名詞
もうほうがん	毛包癌	win	名詞
もうほうがんけんえん	毛包眼瞼炎	win	名詞
もうほうしせんけい	毛包脂腺系	mac	名詞
もうほうしゅ	毛包腫	win	名詞
もうほうじょうひしゅ	毛包上皮腫	win	名詞
もうほうせい	毛包性	win	名詞
もうほうせいかくかしょう	毛包性角化症	mac	名詞
もうほうせいむちんちんちゃくしょう	毛包性ムチン沈着症	both	名詞
もうほうぼはん	毛包母斑	win	名詞
もうぼき	毛母基	mac	名詞
もうぼしゅ	毛母腫	win	名詞
もうまく	網膜	both	名詞
もうまくあくせいしんせいぶつ	網膜悪性新生物	win	名詞
もうまくいけいせい	網膜異形成	win	名詞
もうまくいぶつ	網膜異物	win	名詞
もうまくうっけつ	網膜うっ血	win	名詞
もうまくえん	網膜炎	both	名詞
もうまくえんこう	網膜円孔	win	名詞
もうまくおうはんぶへんせい	網膜黄斑部変性	win	名詞
もうまくおうはんぶれっこう	網膜黄斑部裂孔	win	名詞
もうまくかしゅっけつ	網膜下出血	win	名詞
もうまくかまじょうはくり	網膜鎌状剥離	win	名詞
もうまくがさいぼうしゅ	網膜芽細胞腫	both	名詞
もうまくがしゅ	網膜芽腫	mac	名詞
もうまくきょじょうえん	網膜鋸状縁	win	名詞
もうまくきょじょうえんだんれつ	網膜鋸状縁断裂	win	名詞
もうまくきょじょうえんのうほう	網膜鋸状縁嚢胞	win	名詞
もうまくぎ	網膜偽	win	名詞
もうまくぎのうほう	網膜偽嚢胞	win	名詞
もうまくけっかんいじょう	網膜血管異常	win	名詞
もうまくけっかんえん	網膜血管炎	win	名詞
もうまくけっかんけいれん	網膜血管痙攣	win	名詞
もうまくけっかんこうかしょう	網膜血管硬化症	win	名詞
もうまくけっかんしゅ	網膜血管腫	win	名詞
もうまくけっかんしゅういえん	網膜血管周囲炎	win	名詞
もうまくけっかんしゅしょう	網膜血管腫症	win	名詞
もうまくけっかんしゅじょうぞうしょく	網膜血管腫状増殖	win	名詞
もうまくけっかんしょうがい	網膜血管障害	win	名詞
もうまくけっかんしょうけいせい	網膜血管鞘形成	win	名詞
もうまくけっかんしんせい	網膜血管新生	win	名詞
もうまくけっかんれんしゅくしょう	網膜血管攣縮症	win	名詞
もうまくけっせんせいじょうみゃくえん	網膜血栓性静脈炎	win	名詞
もうまくけっそん	網膜欠損	win	名詞
もうまくこうさいぶ	網膜虹彩部	mac	名詞
もうまくこうしじょうへんせい	網膜格子状変性	win	名詞
もうまくこうしゅ	網膜膠腫	win	名詞
もうまくさいけんじゅつ	網膜再建術	win	名詞
もうまくさいどうみゃくりゅう	網膜細動脈瘤	win	名詞
もうまくさくじょうへんせい	網膜柵状変性	win	名詞
もうまくしきいしじょうへんせい	網膜敷石状変性	win	名詞
もうまくしきそいじょう	網膜色素異常	win	名詞
もうまくしきそじょうひかしゅっけつ	網膜色素上皮下出血	win	名詞
もうまくしきそじょうひしょう	網膜色素上皮症	win	名詞
もうまくしきそじょうひそう	網膜色素上皮層	mac	名詞
もうまくしきそじょうひはくり	網膜色素上皮剥離	win	名詞
もうまくしきそじょうひへんせい	網膜色素上皮変性	win	名詞
もうまくしきそせんじょうしょう	網膜色素線条症	win	名詞
もうまくしきそせんじょうしょう	網膜色素線状症	win	名詞
もうまくしきそちんちゃく	網膜色素沈着	win	名詞
もうまくしきそはん	網膜色素斑	win	名詞
もうまくしきそへんせい	網膜色素変性	both	名詞
もうまくしきそへんせいしょう	網膜色素変性症	both	名詞
もうまくしぶ	網膜視部	mac	名詞
もうまくしゅうへんぶはんこん	網膜周辺部瘢痕	win	名詞
もうまくしゅうへんぶへんせい	網膜周辺部変性	win	名詞
もうまくしゅっけつ	網膜出血	win	名詞
もうまくしゅよう	網膜腫瘍	win	名詞
もうまくしょう	網膜小	win	名詞
もうまくしょう	網膜症	both	名詞
もうまくしょうがい	網膜障害	win	名詞
もうまくしょうしたいしゅっけつ	網膜硝子体出血	win	名詞
もうまくしょうどうみゃくりゅう	網膜小動脈瘤	win	名詞
もうまくしょうのうほうじょうへんせい	網膜小嚢胞状変性	win	名詞
もうまくしんけいがさいぼうしゅ	網膜神経芽細胞腫	win	名詞
もうまくしんけいしょうがい	網膜神経障害	win	名詞
もうまくしんけいせんいしゅ	網膜神経線維腫	win	名詞
もうまくしんしゅつはん	網膜滲出斑	win	名詞
もうまくしんそうしゅっけつ	網膜深層出血	win	名詞
もうまくしんとう	網膜振盪	win	名詞
もうまくじゅんかんしょうがい	網膜循環障害	win	名詞
もうまくじょうみゃくえん	網膜静脈炎	win	名詞
もうまくじょうみゃくしゅういえん	網膜静脈周囲炎	win	名詞
もうまくじょうみゃくだこうしょう	網膜静脈蛇行症	win	名詞
もうまくじょうみゃくどちょう	網膜静脈怒張	win	名詞
もうまくじょうみゃくぶんしへいそくしょう	網膜静脈分枝閉塞症	win	名詞
もうまくじょうみゃくぶんしへいそくしょうによるおうはん	網膜静脈分枝閉塞症による黄斑浮腫	win	名詞
もうまくじょうみゃくへいそくしょう	網膜静脈閉塞症	both	名詞
もうまくじょうみゃくへいそくしょうによるおうはんふしゅ	網膜静脈閉塞症による黄斑浮腫	win	名詞
もうまくせい	網膜性	win	名詞
もうまくせいじすとろふぃー	網膜性ジストロフィー	win	名詞
もうまくせいへんずつう	網膜性片頭痛	win	名詞
もうまくせきどうぶへんせい	網膜赤道部変性	win	名詞
もうまくぜんおうはんぶせんいしょう	網膜前黄斑部線維症	win	名詞
もうまくぜんしゅっけつ	網膜前出血	both	名詞
もうまくぜんせんいまくけいせい	網膜前線維膜形成	win	名詞
もうまくぜんまく	網膜前膜	win	名詞
もうまくぜんまくけいせい	網膜前膜形成	win	名詞
もうまくそうはくり	網膜層剥離	win	名詞
もうまくたいおう	網膜対応	both	名詞
もうまくたいおういじょう	網膜対応異常	win	名詞
もうまくちゅうしんじょうみゃくしへいそく	網膜中心静脈枝閉塞	win	名詞
もうまくちゅうしんじょうみゃくへいそくしょう	網膜中心静脈閉塞症	both	名詞
もうまくちゅうしんじょうみゃくへいそくしょうによるおう	網膜中心静脈閉塞症による黄斑浮腫	win	名詞
もうまくちゅうしんせいどうみゃくへいそく	網膜中心性動脈閉塞	win	名詞
もうまくちゅうしんどうみゃく	網膜中心動脈	mac	名詞
もうまくちゅうしんどうみゃくへいそくしょう	網膜中心動脈閉塞症	both	名詞
もうまくでんい	網膜電位	mac	名詞
もうまくでんず	網膜電図	mac	名詞
もうまくどうみゃくこうかしょう	網膜動脈硬化症	win	名詞
もうまくどうみゃくぶんしへいそくしょう	網膜動脈分枝閉塞症	win	名詞
もうまくどうみゃくへいそくしょう	網膜動脈閉塞症	win	名詞
もうまくのうほう	網膜嚢胞	win	名詞
もうまくのせんてんきけい	網膜の先天奇形	win	名詞
もうまくはくはん	網膜白斑	win	名詞
もうまくはくり	網膜剥離	both	名詞
もうまくはくりごはくないしょう	網膜剥離後白内障	win	名詞
もうまくはくりじゅつご	網膜剥離術後	win	名詞
もうまくはんこん	網膜瘢痕	win	名詞
もうまくばていけいれっこう	網膜馬蹄形裂孔	win	名詞
もうまくひかりぎょうこじゅつ	網膜光凝固術	win	名詞
もうまくひかりぎょうこじゅつご	網膜光凝固術後	win	名詞
もうまくひょうざいしゅっけつ	網膜表在出血	win	名詞
もうまくふくいじゅつ	網膜復位術	win	名詞
もうまくふしゅ	網膜浮腫	win	名詞
もうまくぶんりしょう	網膜分離症	win	名詞
もうまくへんせい	網膜変性	win	名詞
もうまくへんせいしょう	網膜変性症	mac	名詞
もうまくもうさいけっかんりゅう	網膜毛細血管瘤	win	名詞
もうまくもうじょうへんせい	網膜網状変性	win	名詞
もうまくもうぶ	網膜盲部	mac	名詞
もうまくもうようたいぶ	網膜毛様体部	mac	名詞
もうまくりょうせいしゅよう	網膜良性腫瘍	win	名詞
もうまくりょうせいしんせいぶつ	網膜良性新生物	win	名詞
もうまくれいとうぎょうこじゅつ	網膜冷凍凝固術	win	名詞
もうまくれっこう	網膜裂孔	win	名詞
もうまくれっこうけいせい	網膜裂孔形成	win	名詞
もうみゃくびしょうそくせんしょう	網脈微小塞栓症	win	名詞
もうみゃくまくはれつ	網脈膜破裂	win	名詞
もうみゃくらくまく	網脈絡膜	mac	名詞
もうみゃくらくまくいしゅく	網脈絡膜萎縮	win	名詞
もうみゃくらくまくいしゅくへんせい	網脈絡膜萎縮変性	win	名詞
もうみゃくらくまくえん	網脈絡膜炎	win	名詞
もうみゃくらくまくしっかん	網脈絡膜疾患	mac	名詞
もうみゃくらくまくしゅっけつ	網脈絡膜出血	win	名詞
もうみゃくらくまくはんこん	網脈絡膜瘢痕	win	名詞
もうみゃくらくまくへんせい	網脈絡膜変性	win	名詞
もうみゃくらくまくれっしょう	網脈絡膜裂傷	win	名詞
もうよう	毛様	mac	名詞
もうよう	網様	mac	名詞
もうようかく	網様核	mac	名詞
もうようこう	網様孔	mac	名詞
もうようさいぼうせいせいさいぼうしゅ	毛様細胞性星細胞腫	win	名詞
もうようじゅうけつ	毛様充血	mac	名詞
もうようせいじょうさいぼうしゅ	毛様星状細胞腫	win	名詞
もうようせきずいはんしゃ	毛様脊髄反射	both	名詞
もうようせんちゅうしょう	毛様線虫症	win	名詞
もうようたい	毛様体	both	名詞
もうようたい	網様体	mac	名詞
もうようたいあくせいしゅよう	毛様体悪性腫瘍	win	名詞
もうようたいいしゅく	毛様体萎縮	win	名詞
もうようたいいぶつざんりゅう	毛様体異物残留	win	名詞
もうようたいえん	毛様体炎	both	名詞
もうようたいきん	毛様体筋	mac	名詞
もうようたいきんまひ	毛様体筋麻痺	win	名詞
もうようたいしゅよう	毛様体腫瘍	win	名詞
もうようたいしゅようせつじょじゅつ	毛様体腫瘍切除術	win	名詞
もうようたいしょうたい	毛様体小帯	mac	名詞
もうようたいしんけいせつ	毛様体神経節	mac	名詞
もうようたいじゅうけつ	毛様体充血	win	名詞
もうようたいせきずいろ	網様体脊髄路	mac	名詞
もうようたいのあくせいしゅよう	毛様体の悪性腫瘍	win	名詞
もうようたいのうほう	毛様体嚢胞	win	名詞
もうようたいはくり	毛様体剥離	win	名詞
もうようたいひかりぎょうこじゅつ	毛様体光凝固術	win	名詞
もうようたいぶんり	毛様体分離	win	名詞
もうようたいへんせい	毛様体変性	win	名詞
もうようたいむしきそじょうひ	毛様体無色素上皮	mac	名詞
もうようたいりょうせいしゅよう	毛様体良性腫瘍	win	名詞
もうようたいれいとうぎょうこじゅつ	毛様体冷凍凝固術	win	名詞
もうりゅうき	毛隆起	mac	名詞
もうろうじょうたい	もうろう状態	win	名詞
もきしふろきさん	モキシフロキサン	mac	名詞
もきふろきさしん	モキフロキサシン	mac	名詞
もくたーる	モクタール	win	名詞
もくつう	モクツウ	win	名詞
もくぼういとう	木防已湯	win	名詞
もさぷりどくえんさんえんさん	モサプリドクエン酸塩散	win	名詞
もさぷりどくえんさんえんすいわぶつ	モサプリドクエン酸塩水和物	win	名詞
もざいくげんしょう	モザイク現象	mac	名詞
もざいくとりそみー	モザイクトリソミー	win	名詞
もざいくとりそみー	モザイクトリソミー13	win	名詞
もざいくとりそみー	モザイクトリソミー18	win	名詞
もざいくとりそみー	モザイクトリソミー21	win	名詞
もざいくとりそみー13	モザイクトリソミー13	win	名詞
もざいくとりそみー18	モザイクトリソミー18	win	名詞
もざいくとりそみー21	モザイクトリソミー21	win	名詞
もすきーと	モスキート	mac	名詞
もすきーとかんし	モスキート鉗子	mac	名詞
もちりん	モチリン	mac	名詞
もっか	モッカ	win	名詞
もっこう	モッコウ	win	名詞
もにらっくげんまつ	モニラック原末	win	名詞
もにりふぉるむれんさかんきんしょう	モニリフォルム連鎖桿菌症	win	名詞
もにりやちつえん	モニリヤ膣炎	win	名詞
ものあみん	モノアミン	mac	名詞
ものあみんおきしだーぜ	モノアミンオキシダーゼ	mac	名詞
ものあみんおきしだーぜそがいせいこううつやくちゅうどく	モノアミンオキシダーゼ阻害性抗うつ薬中毒	win	名詞
ものあみんかせつ	モノアミン仮説	mac	名詞
ものあみんけつぼうかせつ	モノアミン欠乏仮説	mac	名詞
ものあみんさんかこうそそがいやく	モノアミン酸化酵素阻害薬	mac	名詞
ものあみんじゅようたいかかんじゅせいかせつ	モノアミン受容体過感受性仮説	mac	名詞
ものくろーなるあーるえふけつごうめんえきふく	モノクローナルRF結合免疫複合体	win	名詞
ものくろーなるこうたい	モノクローナル抗体	mac	名詞
ものそみー	モノソミー	mac	名詞
ものとられもうそう	物盗られ妄想	mac	名詞
ものばくたむけいやく	モノバクタム系薬	mac	名詞
ものふぃりん	モノフィリン	win	名詞
ものもらい	ものもらい	win	名詞
もびっつ	Mobitz	win	名詞
もびっつ2がただい2どぼうしつぶろっく	mobitz2型第2度房室ブロック	win	名詞
もびっつ2がたぶろっく	mobitz2型ブロック	win	名詞
もびっつにがただいにどぼうしつぶろっく	モビッツ2型第2度房室ブロック	win	名詞
もめたぞんふらんかるぼんさんえすてる	モメタゾンフランカルボン酸エステル	win	名詞
もやもやびょう	もやもや病	both	名詞
もよんがばうすとしきほう	モヨン・ガバウスト式法	win	名詞
もらきせらかたらりすはいえん	モラキセラ・カタラリス肺炎	win	名詞
もらくせら	モラクセラ	both	名詞
もらくせらかたらーりす	モラクセラ・カタラーリス	mac	名詞
もらっくすあくせんふぇるどけつまくえん	モラックス・アクセンフェルド結膜炎	win	名詞
もられずいまくえん	モラレ髄膜炎	win	名詞
もりそんか	モリソン窩	win	名詞
もりたりょうほう	森田療法	mac	名詞
もりにあしょう	モリニア症	mac	名詞
もりぶでんけつぼうしょう	モリブデン欠乏症	win	名詞
もりぶでんほこうそけっそんしょう	モリブデン補酵素欠損症	win	名詞
もるがにすいほう	モルガニ水疱	mac	名詞
もるがにーしどうおよびこうもんかん	モルガニー氏洞及び肛門管切開術	win	名詞
もるがにーしょうこうぐん	モルガニー症候群	win	名詞
もるがーにこうへるにあ	モルガーニ孔ヘルニア	win	名詞
もるがーにしょうこうぐん	モルガーニ症候群	win	名詞
もるがーにはくないしょう	モルガーニ白内障	win	名詞
もるきおしょうこうぐん	モルキオ症候群	win	名詞
もるしんとうあつのうど	モル浸透圧濃度	mac	名詞
もるすう	モル数	mac	名詞
もるせれーたー	モルセレーター	mac	名詞
もるだいんえき	モルダイン液	win	名詞
もるばんびょう	モルバン病	win	名詞
もるひ	モル比	mac	名詞
もるひなん	モルヒナン	mac	名詞
もるひね	モルヒネ	mac	名詞
もるひねいぞん	モルヒネ依存	win	名詞
もるひねえんさんえんすいわぶつ	モルヒネ塩酸塩水和物	win	名詞
もるひねがたやくぶついぞん	モルヒネ型薬物依存	win	名詞
もるひねちゅうどく	モルヒネ中毒	win	名詞
もるひねらんよう	モルヒネ乱用	win	名詞
もるひねりゅうさんえんすいわぶつ	モルヒネ硫酸塩水和物	win	名詞
もるぺすさいりゅう	モルペス細粒	win	名詞
もれるくれぺりんびょう	モレル・クレペリン病	win	名詞
もわっとうぃるそんしょうこうぐん	モワット・ウィルソン症候群	win	名詞
もんし	門歯	win	名詞
もんしはせつ	門歯破折	win	名詞
もんしゃじぇー	monsiaj	win	名詞
もんてじあこっせつ	Monteggia骨折	win	名詞
もんてじあこっせつ	モンテジア骨折	win	名詞
もんてっじゃこっせつ	モンテッジャ骨折	win	名詞
もんどーるびょう	モンドール病	win	名詞
もんぶるとしろっぷ	モンブルトシロップ	win	名詞
もんぺ	monpe	win	名詞
もんみゃく	門脈	both	名詞
もんみゃくあつ	門脈圧	mac	名詞
もんみゃくあつこうしん	門脈圧亢進	mac	名詞
もんみゃくあつこうしんしょう	門脈圧亢進症	both	名詞
もんみゃくあつこうしんしょうせいいしょう	門脈圧亢進症性胃症	win	名詞
もんみゃくあつこうしんしょうせいいちょうしょう	門脈圧亢進症性胃腸症	win	名詞
もんみゃくあつこうしんしょうせいちょうしょう	門脈圧亢進症性腸症	win	名詞
もんみゃくあつこうしんせい	門脈圧亢進性	mac	名詞
もんみゃくあつこうしんせいいしょう	門脈圧亢進性胃症	mac	名詞
もんみゃくあつこうしんせいいちょうしょう	門脈圧亢進性胃腸症	mac	名詞
もんみゃくえん	門脈炎	win	名詞
もんみゃくえんせいかんのうよう	門脈炎性肝膿瘍	win	名詞
もんみゃくかくちょうしょう	門脈拡張症	win	名詞
もんみゃくかだいじょうみゃく	門脈下大静脈	win	名詞
もんみゃくかんりゅういじょうしょう	門脈還流異常症	win	名詞
もんみゃくがすけっしょう	門脈ガス血症	win	名詞
もんみゃくきしゅ	門脈気腫	win	名詞
もんみゃくけっこう	門脈血行	mac	名詞
もんみゃくけっせん	門脈血栓	win	名詞
もんみゃくけっせんしょう	門脈血栓症	win	名詞
もんみゃくこうせい	門脈行性	mac	名詞
もんみゃくしゅういせいかんこうへん	門脈周囲性肝硬変	win	名詞
もんみゃくせいかんこうへん	門脈性肝硬変	win	名詞
もんみゃくそう	門脈相	mac	名詞
もんみゃくそうこういじょう	門脈走行異常	win	名詞
もんみゃくそくせん	門脈塞栓	win	名詞
もんみゃくそくせんしょう	門脈塞栓症	win	名詞
もんみゃくそんしょう	門脈損傷	win	名詞
もんみゃくたいじゅんかんじょうみゃく	門脈体循環静脈吻合術	win	名詞
もんみゃくたいじゅんかんそくふくろ	門脈体循環側副路	mac	名詞
もんみゃくないがす	門脈内ガス	mac	名詞
もんみゃくないがすぞう	門脈内ガス像	mac	名詞
もんみゃくないしゅようそくせん	門脈内腫瘍塞栓	mac	名詞
もんみゃくへいさしょう	門脈閉鎖症	win	名詞
もんみゃくへいそく	門脈閉塞	win	名詞
もんみゃくへいそくしょう	門脈閉塞症	win	名詞
もんみゃくほんかん	門脈本幹	mac	名詞
もんろーこう	モンロー孔	mac	名詞
もんろーこうかいめんじょうけっかんしゅ	モンロー孔海綿状血管腫	win	名詞
もんろーこうへいそく	モンロー孔閉塞	win	名詞
もんろーこうへいそくしょう	モンロー孔閉塞症	win	名詞
もんろーしつかんこう	モンロー室間孔	mac	名詞
もーあしょうこうぐん	モーア症候群	win	名詞
もーくれあーびょう	モークレアー病	win	名詞
もーずれいせいかくけんさ	モーズレイ性格検査	mac	名詞
もーぜんたーるほう	モーゼンタール法	win	名詞
もーとんびょう	モートン病	win	名詞
もーびりん	モービリン	win	名詞
もーびりんげる	モービリンゲル	win	名詞
もーびりんなんこう	モービリン軟膏	win	名詞
もーりあっくしょうこうぐん	モーリアック症候群	win	名詞
もーれんかくまくかいよう	モーレン角膜潰瘍	win	名詞
