ないあしん	ナイアシン	mac	名詞
ないあしんけつぼうしょう	ナイアシン欠乏症	ime	名詞
ないあつそくてい	内圧測定	mac	名詞
ないいん	内因	mac	名詞
ないいんかんせん	内因感染	mac	名詞
ないいんけい	内因系	both	名詞
ないいんし	内因子	mac	名詞
ないいんし	内因死	mac	名詞
ないいんせい	内因性	ime	名詞
ないいんせいうつびょう	内因性うつ病	both	名詞
ないいんせいきゅうし	内因性急死	mac	名詞
ないいんせいししつ	内因性脂質	mac	名詞
ないいんせいしっしん	内因性湿疹	ime	名詞
ないいんせいしんしっかん	内因性心疾患	mac	名詞
ないいんせいはんのう	内因性反応	mac	名詞
ないいんせいぶっしつ	内因性物質	mac	名詞
ないいんせいぶどうまくえん	内因性ぶどう膜炎	ime	名詞
ないいんぶどうみゃく	内陰部動脈	mac	名詞
ないえなめるじょうひ	内エナメル上皮	mac	名詞
ないか	内果	both	名詞
ないか	内顆	both	名詞
ないかいせん	内回旋	mac	名詞
ないかかいほうこっせつ	内果開放骨折	ime	名詞
ないかこっせつ	内果骨折	ime	名詞
ないかこっせつぎかんせつ	内顆骨折偽関節	ime	名詞
ないかしっかん	内科疾患	mac	名詞
ないかせんもんい	内科専門医	mac	名詞
ないかどうみゃく	内果動脈	mac	名詞
ないかぶざそう	内果部挫創	ime	名詞
ないかほうへんし	内下方偏視	mac	名詞
ないかりゅうそう	内顆粒層	mac	名詞
ないがんかくかん	内眼角間	mac	名詞
ないがんかくひふりょうせいしゅよう	内眼角皮膚良性腫瘍	ime	名詞
ないがんきん	内眼筋	mac	名詞
ないがんきんまひ	内眼筋麻痺	ime	名詞
ないきゅうひしつ	内嗅皮質	mac	名詞
ないきょうかいまく	内境界膜	mac	名詞
ないきょうじょうみゃく	内胸静脈	mac	名詞
ないきょうどうみゃく	内胸動脈	mac	名詞
ないきん	内筋	mac	名詞
ないくう	内腔	mac	名詞
ないくりんさん	ナイクリン散	ime	名詞
ないけいがんどうみゃくぶんきぶどうみゃくりゅう	内頚眼動脈分岐部動脈瘤	ime	名詞
ないけいこうこうつうどうみゃくぶんきぶどうみゃくりゅう	内頚後交通動脈分岐部動脈瘤	ime	名詞
ないけいじょうみゃく	内頚静脈	both	名詞
ないけいじょうみゃくそんしょう	内頚静脈損傷	ime	名詞
ないけいどうじょうみゃくそんしょう	内頚動静脈損傷	ime	名詞
ないけいどうみゃく	内頚動脈	both	名詞
ないけいどうみゃくかいめんじょうみゃくどうろう	内頚動脈海綿静脈洞瘻	both	名詞
ないけいどうみゃくからのくもまくかしゅっけつ	内頚動脈からのくも膜下出血	ime	名詞
ないけいどうみゃくがんどうみゃくぶんきぶどうみゃくりゅ	内頚動脈眼動脈分岐部動脈瘤	ime	名詞
ないけいどうみゃくきょうさく	内頚動脈狭窄	ime	名詞
ないけいどうみゃくきょうさくしょう	内頚動脈狭窄症	ime	名詞
ないけいどうみゃくくもまくかしゅっけつ	内頚動脈くも膜下出血	ime	名詞
ないけいどうみゃくけっせんしょう	内頚動脈血栓症	ime	名詞
ないけいどうみゃくけっせんないまくはくりじゅつ	内頚動脈血栓内膜剥離術	mac	名詞
ないけいどうみゃくこうこうつうどうみゃくぶんきぶ	内頚動脈後交通動脈分岐部	ime	名詞
ないけいどうみゃくこうこうつうどうみゃくぶんきぶどうみ	内頚動脈後交通動脈分岐部動脈瘤	ime	名詞
ないけいどうみゃくそくせん	内頚動脈塞栓	ime	名詞
ないけいどうみゃくそくせんしょう	内頚動脈塞栓症	ime	名詞
ないけいどうみゃくそんしょう	内頚動脈損傷	ime	名詞
ないけいどうみゃくのうどうみゃくりゅう	内頚動脈脳動脈瘤	ime	名詞
ないけいどうみゃくふぜんしょう	内頚動脈不全症	ime	名詞
ないけいどうみゃくへいそく	内頚動脈閉塞	ime	名詞
ないけいどうみゃくへいそくしょう	内頚動脈閉塞症	ime	名詞
ないけいどうみゃくりゅう	内頚動脈瘤	ime	名詞
ないけいどうみゃくりゅうはれつによるくもまくかしゅっけ	内頚動脈瘤破裂によるくも膜下出血	ime	名詞
ないけっしゅ	内血腫	ime	名詞
ないこうとうりゅうき	内後頭隆起	mac	名詞
ないこうもんかつやくきん	内肛門括約筋	mac	名詞
ないこきゅう	内呼吸	mac	名詞
ないこてい	内固定	mac	名詞
ないさいぼうかい	内細胞塊	mac	名詞
ないさいろう	内鰓瘻	mac	名詞
ないざいきん	内在筋	mac	名詞
ないざいせい	内在性	mac	名詞
ないしきゅうこう	内子宮口	mac	名詞
ないしきょうか	内視鏡下	mac	名詞
ないしきょうかきかんしぶんぴつぶつ	内視鏡下気管支分泌物吸引	ime	名詞
ないしきょうかしょくどうふんもんぶほ	内視鏡下食道噴門部縫縮術	ime	名詞
ないしきょうかせいけんほう	内視鏡下生検法	ime	名詞
ないしきょうかせきついこていじゅつ	内視鏡下脊椎固定術	ime	名詞
ないしきょうかついかんばんてきしゅつし	内視鏡下椎間板摘出術	ime	名詞
ないしきょうかついきゅうせつじょじゅ	内視鏡下椎弓切除術	ime	名詞
ないしきょうかのうないけっしゅじょきょじゅつ	内視鏡下脳内血腫除去術	ime	名詞
ないしきょうかびないふくびくうしゅじゅつ	内視鏡下鼻内副鼻腔手術	mac	名詞
ないしきょうけんさ	内視鏡検査	mac	名詞
ないしきょうけんさちゅうちょうせんこう	内視鏡検査中腸穿孔	ime	名詞
ないしきょうけんさよう	内視鏡検査用	ime	名詞
ないしきょうけんさようふぃるむ	内視鏡検査用フィルム	ime	名詞
ないしきょうしゃしんしんだん	内視鏡写真診断	ime	名詞
ないしきょうしょちごいかいよう	内視鏡処置後胃潰瘍	ime	名詞
ないしきょうてきいじゅうにしちょうぽ	内視鏡的胃、十二指腸ポリープ・粘膜切除術	ime	名詞
ないしきょうてきけいびたんどうどれなーじ	内視鏡的経鼻胆道ドレナージ	mac	名詞
ないしきょうてきけっちょういぶつてきし	内視鏡的結腸異物摘出術	ime	名詞
ないしきょうてきけっちょうぽりーぷね	内視鏡的結腸ポリープ・粘膜切除術	ime	名詞
ないしきょうてきしょうかかんしけつじゅ	内視鏡的消化管止血術	ime	名詞
ないしきょうてきしょくどういじょうみ	内視鏡的食道・胃静脈瘤結紮術	ime	名詞
ないしきょうてきしょくどうかぶおよひ	内視鏡的食道下部及び胃内異物摘出術	ime	名詞
ないしきょうてきしょくどうじょうみゃ	内視鏡的食道静脈瘤結紮セット	ime	名詞
ないしきょうてきしょくどうねんまくせつ	内視鏡的食道粘膜切除術	ime	名詞
ないしきょうてきたんどう	内視鏡的胆道	ime	名詞
ないしきょうてきたんどうかくちょうじ	内視鏡的胆道拡張術	ime	名詞
ないしきょうてきたんどうさいせきじゅ	内視鏡的胆道砕石術	ime	名詞
ないしきょうてきたんどうすてんとりゅう	内視鏡的胆道ステント留置術	ime	名詞
ないしきょうてきだいちょう	内視鏡的大腸	ime	名詞
ないしきょうてきだいちょうぽりーぷ	内視鏡的大腸ポリープ切除術	ime	名詞
ないしきょうてきにゅうとうかくちょうじ	内視鏡的乳頭拡張術	ime	名詞
ないしきょうてきにゅうとうせっかいじゅ	内視鏡的乳頭切開術	ime	名詞
ないしきょうほじょか	内視鏡補助下	mac	名詞
ないしきょうようねんまくかちゅうにゅうさ	内視鏡用粘膜下注入材	ime	名詞
ないしけいせいじゅつ	内眥形成術	ime	名詞
ないしゃい	内斜位	ime	名詞
ないしゃけいしゃし	内斜頚斜視	ime	名詞
ないしゃし	内斜視	both	名詞
ないしゃしじゃくし	内斜視弱視	ime	名詞
ないしゃそうきん	内斜走筋	mac	名詞
ないしゃそうきんそう	内斜走筋層	mac	名詞
ないしゃんとけっせんじょきょじゅつ	内シャント血栓除去術	ime	名詞
ないしゃんとせっちじゅつ	内シャント設置術	ime	名詞
ないしゅっけつ	内出血	ime	名詞
ないしょうしゃ	内照射	mac	名詞
ないしろう	内歯瘻	both	名詞
ないじ	内耳	both	名詞
ないじえん	内耳炎	both	名詞
ないじかいそうじゅつ	内耳開窓術	ime	名詞
ないじかく	内痔核	both	名詞
ないじがん	内耳癌	ime	名詞
ないじきけい	内耳奇形	both	名詞
ないじきのう	内耳機能	ime	名詞
ないじきのうしょうがい	内耳機能障害	ime	名詞
ないじげんき	内耳原器	mac	名詞
ないじこう	内耳孔	mac	名詞
ないじしょうがい	内耳障害	ime	名詞
ないじしんけい	内耳神経	mac	名詞
ないじしんけいしょうがい	内耳神経障害	ime	名詞
ないじしんけいせつ	内耳神経節	mac	名詞
ないじしんけいそんしょう	内耳神経損傷	ime	名詞
ないじせい	内耳性	ime	名詞
ないじせいじめいしょう	内耳性耳鳴症	ime	名詞
ないじせいなんちょう	内耳性難聴	both	名詞
ないじせいめまい	内耳性めまい	ime	名詞
ないじせんてんきけい	内耳先天奇形	ime	名詞
ないじそうはれつしょう	内耳窓破裂症	ime	名詞
ないじそうへいさじゅつ	内耳窓閉鎖術	ime	名詞
ないじどう	内耳道	both	名詞
ないじどうしょうこうぐん	内耳道症候群	ime	名詞
ないじどくせいぶっしつ	内耳毒性物質	mac	名詞
ないじばいどく	内耳梅毒	ime	名詞
ないじめいろ	内耳迷路	ime	名詞
ないじろう	内痔瘻	ime	名詞
ないすいたいさいぼうそう	内錐体細胞層	mac	名詞
ないすたーるさいりゅう	ナイスタール細粒	ime	名詞
ないずいばん	内髄板	mac	名詞
ないせいき	内性器	mac	名詞
ないせいきんまく	内精筋膜	mac	名詞
ないせいしきゅうないまくしょう	内性子宮内膜症	ime	名詞
ないせつ	内節	mac	名詞
ないせりあ	ナイセリア	mac	名詞
ないせりあぞく	ナイセリア属	mac	名詞
ないせん	内旋	mac	名詞
ないせん	内腺	mac	名詞
ないせんきん	内旋筋	ime	名詞
ないせんこうしゅく	内旋拘縮	ime	名詞
ないそうきん	内層筋	mac	名詞
ないそく	内側	both	名詞
ないそくえん	内側縁	mac	名詞
ないそくか	内側顆	mac	名詞
ないそくかくぐん	内側核群	mac	名詞
ないそくがいてん	内側外転	mac	名詞
ないそくきゅうじょう	内側嗅条	mac	名詞
ないそくきょうきんしんけい	内側胸筋神経	mac	名詞
ないそくけつじょうこつ	内側楔状骨	mac	名詞
ないそくこうがいれつ	内側口蓋裂	ime	名詞
ないそくこうきん	内側広筋	mac	名詞
ないそくこうとうそくとうかい	内側後頭側頭回	mac	名詞
ないそくしっかしんけいしょうがい	内側膝窩神経傷害	ime	名詞
ないそくしっかしんけいしょうがい	内側膝窩神経障害	ime	名詞
ないそくしつじょうたい	内側膝状体	mac	名詞
ないそくしん	内側唇	mac	名詞
ないそくしんけいそく	内側神経束	mac	名詞
ないそくしんれつ	内側唇裂	ime	名詞
ないそくじゅうそく	内側縦束	mac	名詞
ないそくじょうか	内側上顆	mac	名詞
ないそくじょうかえん	内側上顆炎	both	名詞
ないそくじんたい	内側靱帯	mac	名詞
ないそくずいばん	内側髄板	mac	名詞
ないそくそくていしんけいそんしょう	内側足底神経損傷	ime	名詞
ないそくそくていどうみゃく	内側足底動脈	mac	名詞
ないそくそくていひべん	内側足底皮弁	mac	名詞
ないそくそくふくかつえきほうえん	内側側副滑液包炎	ime	名詞
ないそくそくふくじんたい	内側側副靭帯	mac	名詞
ないそくそくふくじんたい	内側側副靱帯	ime	名詞
ないそくそくふくじんたいそんしょう	内側側副靱帯損傷	ime	名詞
ないそくそくふくじんたいだんれつ	内側側副靱帯断裂	ime	名詞
ないそくそくふくじんたいねんざ	内側側副靱帯捻挫	ime	名詞
ないそくだいたいかいせんじょうみゃく	内側大腿回旋静脈	mac	名詞
ないそくだいたいかいせんどうみゃく	内側大腿回旋動脈	mac	名詞
ないそくちょくきん	内側直筋	mac	名詞
ないそくとう	内側頭	mac	名詞
ないそくはんげつ	内側半月	both	名詞
ないそくはんげつのうしゅ	内側半月嚢腫	ime	名詞
ないそくはんげつばん	内側半月板	ime	名詞
ないそくはんげつばんかんとん	内側半月板嵌頓	ime	名詞
ないそくはんげつばんしょうがい	内側半月板障害	ime	名詞
ないそくはんげつばんそんしょう	内側半月板損傷	ime	名詞
ないそくはんげつばんだんれつ	内側半月板断裂	ime	名詞
ないそくはんげつばんへんせい	内側半月板変性	ime	名詞
ないそくびりゅうき	内側鼻隆起	mac	名詞
ないそくぶ	内側部	mac	名詞
ないそくほう	内側法	ime	名詞
ないそくもうたい	内側毛帯	both	名詞
ないそくよくとつきん	内側翼突筋	mac	名詞
ないそくりゅうき	内側隆起	mac	名詞
ないそくろ	内側路	mac	名詞
ないそけい	内鼡径	ime	名詞
ないそけいへるにあ	内鼠径ヘルニア	ime	名詞
ないそけいへるにあ	内鼡径ヘルニア	both	名詞
ないそけいりん	内鼡径輪	mac	名詞
ないぞう	内臓	ime	名詞
ないぞうかすい	内臓下垂	ime	名詞
ないぞうぎゃくい	内臓逆位	both	名詞
ないぞうしぼうがたひまん	内臓脂肪型肥満	ime	名詞
ないぞうしんけいしょう	内臓神経症	ime	名詞
ないぞうしんけいそんしょう	内臓神経損傷	ime	名詞
ないぞうしんぼうさくい	内臓心房錯位	mac	名詞
ないぞうせいてんかん	内臓性てんかん	ime	名詞
ないぞうせいｓんしんせいかくちゅう	内臓性遠心性核柱	mac	名詞
ないぞうつうかく	内臓痛覚	mac	名詞
ないぞうとうがい	内臓頭蓋	mac	名詞
ないぞうようちゅういこうしょう	内臓幼虫移行症	mac	名詞
ないぞうりーしゅまにあしょう	内臓リーシュマニア症	ime	名詞
ないたい	内代	ime	名詞
ないだんせいばん	内弾性板	mac	名詞
ないちょうこつじょうみゃく	内腸骨静脈	both	名詞
ないちょうこつじょうみゃくそんしょう	内腸骨静脈損傷	ime	名詞
ないちょうこつどうみゃく	内腸骨動脈	both	名詞
ないちょうこつどうみゃくそんしょう	内腸骨動脈損傷	ime	名詞
ないちょくきん	内直筋	mac	名詞
ないちょくきんまひ	内直筋麻痺	ime	名詞
ないてん	内転	mac	名詞
ないてんい	内転位	mac	名詞
ないてんきん	内転筋	both	名詞
ないてんきんかん	内転筋管	mac	名詞
ないてんこうしゅく	内転拘縮	ime	名詞
ないてんしょうがい	内転障害	mac	名詞
ないてんそく	内転足	ime	名詞
ないてんほこう	内転歩行	ime	名詞
ないとろおきしん	ナイトロオキシン	ime	名詞
ないとろげんますたーど	ナイトロゲンマスタード	mac	名詞
ないどくそ	内毒素	mac	名詞
ないなんこつしゅ	内軟骨腫	both	名詞
ないなんこつせいこつか	内軟骨性骨化	mac	名詞
ないにょうどうかつやくきん	内尿道括約筋	mac	名詞
ないはいよう	内胚葉	mac	名詞
ないはいようきげん	内胚葉起源	mac	名詞
ないはいようせい	内胚葉性	mac	名詞
ないはいようどうしゅよう	内胚葉洞腫瘍	both	名詞
ないはん	内反	mac	名詞
ないはんい	内反位	mac	名詞
ないはんかく	内反角	mac	名詞
ないはんけいこつ	内反脛骨	ime	名詞
ないはんこ	内反股	ime	名詞
ないはんしつ	内反膝	both	名詞
ないはんしへんけい	内反趾変形	ime	名詞
ないはんしゅ	内反手	ime	名詞
ないはんしょうし	内反小趾	ime	名詞
ないはんしょうそく	内反踵足	ime	名詞
ないはんせい	内反性	mac	名詞
ないはんせいにゅうとうしゅ	内反性乳頭腫	mac	名詞
ないはんせんそく	内反尖足	ime	名詞
ないはんそく	内反足	both	名詞
ないはんそくしゅじゅつ	内反足手術	ime	名詞
ないはんそくそくばんていしこてい	内反足足板挺子固定	ime	名詞
ないはんちゅう	内反肘	both	名詞
ないはんちゅうそく	内反中足	ime	名詞
ないはんへんけい	内反変形	ime	名詞
ないはんほこう	内反歩行	ime	名詞
ないはんぼし	内反母趾	ime	名詞
ないばくりゅうしゅ	内麦粒腫	ime	名詞
ないばん	内板	ime	名詞
ないひ	内皮	mac	名詞
ないひかそしき	内皮下組織	mac	名詞
ないひさいぼう	内皮細胞	mac	名詞
ないひしょうがい	内皮障害	mac	名詞
ないひゆらいいんし	内皮由来因子	mac	名詞
ないふくえき	内服液	ime	名詞
ないふくざい	内服剤	mac	名詞
ないふくしゃきん	内腹斜筋	mac	名詞
ないぶ	内部	ime	名詞
ないぶえこー	内部エコー	ime	名詞
ないぶせいにくげしゅ	内部性肉芽腫	ime	名詞
ないぶにょうろせいき	内部尿路性器	ime	名詞
ないぶにょうろせいきのねっしょう	内部尿路性器の熱傷	ime	名詞
ないぶにょうろせいきのふしょく	内部尿路性器の腐蝕	ime	名詞
ないぶひばく	内部被曝	mac	名詞
ないぶひるきせいしょう	内部蛭寄生症	ime	名詞
ないぶんぴ	内分泌	mac	名詞
ないぶんぴかくらんかがくぶっしつ	内分泌撹乱化学物質	mac	名詞
ないぶんぴき	内分泌器	mac	名詞
ないぶんぴきかん	内分泌器官	mac	名詞
ないぶんぴきのういじょう	内分泌機能異常	ime	名詞
ないぶんぴきのうしょうがい	内分泌機能障害	ime	名詞
ないぶんぴきのうふぜん	内分泌機能不全	ime	名詞
ないぶんぴしっかん	内分泌疾患	ime	名詞
ないぶんぴしょうがい	内分泌障害	ime	名詞
ないぶんぴせい	内分泌性	ime	名詞
ないぶんぴせいこうけつあつ	内分泌性高血圧	ime	名詞
ないぶんぴせいこうけつあつしょう	内分泌性高血圧症	ime	名詞
ないぶんぴせいせいしんしょうがい	内分泌性精神障害	ime	名詞
ないぶんぴせいはくないしょう	内分泌性白内障	ime	名詞
ないぶんぴせいふしゅ	内分泌性浮腫	ime	名詞
ないぶんぴせいみおぱしー	内分泌性ミオパシー	ime	名詞
ないぶんぴせん	内分泌腺	mac	名詞
ないへいさきん	内閉鎖筋	mac	名詞
ないへるにあ	内ヘルニア	ime	名詞
ないへるにあしゅじゅつ	内ヘルニア手術	ime	名詞
ないほう	内包	mac	名詞
ないほうこうきゃく	内包後脚	mac	名詞
ないほうし	内方視	mac	名詞
ないほうしつ	内包膝	mac	名詞
ないほうしょうこうぐん	内包症候群	ime	名詞
ないほうぜんきゃく	内包前脚	mac	名詞
ないほん	内翻	mac	名詞
ないほんほうごう	内翻縫合	mac	名詞
ないまく	内膜	mac	名詞
ないまくそう	内膜層	mac	名詞
ないみーへんせんしょくたいふあんていしょうこうぐん	ナイミーヘン染色体不安定症候群	ime	名詞
ないもうじょうそう	内網状層	mac	名詞
ないゆうもうさいぼう	内有毛細胞	mac	名詞
ないようえき	内用液	ime	名詞
ないようえきざい	内用液剤	mac	名詞
ないようけんだくえき	内用懸濁液	ime	名詞
ないようりょうほう	内用療法	mac	名詞
ないらんぽうまく	内卵胞膜	mac	名詞
ないりんがいじゅう	内輪外縦	mac	名詞
ないりんそうきん	内輪走筋	mac	名詞
ないりんそうきんそう	内輪走筋層	mac	名詞
ないりんぱ	内リンパ	mac	名詞
ないりんぱえき	内リンパ液	mac	名詞
ないりんぱかん	内リンパ管	mac	名詞
ないりんぱすいしゅ	内リンパ水腫	both	名詞
ないりんぱのう	内リンパ嚢	mac	名詞
ないりんぱのうかいほうじゅつ	内リンパ嚢開放術	both	名詞
ないろうこう	内瘻孔	mac	名詞
ないろっかんきん	内肋間筋	mac	名詞
ないろっかんまく	内肋間膜	mac	名詞
ないんえー	Ⅸa	mac	名詞
ないーぶりんぱきゅう	ナイーブリンパ球	mac	名詞
なうぜりんさいりゅう	ナウゼリン細粒	ime	名詞
なうぜりんざざい	ナウゼリン坐剤	ime	名詞
なうぜりんどらいしろっぷ	ナウゼリンドライシロップ	ime	名詞
なかじょうにしむらしょうこうぐん	中條・西村症候群	ime	名詞
ながほり	長堀	ime	名詞
ながやまはん	永山斑	ime	名詞
なきいりひきつけ	泣き入りひきつけ	ime	名詞
なさにーるてんびえき	ナサニール点鼻液	ime	名詞
なしびんてんびてんがんえき	ナシビン点鼻・点眼液	ime	名詞
なじぇしょうこうぐん	ナジェ症候群	ime	名詞
なじおん	ナジオン	mac	名詞
なじふろきさしん	ナジフロキサシン	ime	名詞
なじふろきさしんくりーむ	ナジフロキサシンクリーム	ime	名詞
なじふろきさしんろーしょん	ナジフロキサシンローション	ime	名詞
なじふろくりーむ	ナジフロクリーム	ime	名詞
なじふろろーしょん	ナジフロローション	ime	名詞
なじろきさんくりーむ	ナジロキサンクリーム	ime	名詞
なじろきさんろーしょん	ナジロキサンローション	ime	名詞
なすはこらびょう	那須-ハコラ病	ime	名詞
なすはこらびょう	那須・ハコラ病	ime	名詞
なちゅらるきらーさいぼう	ナチュラルキラー細胞	mac	名詞
なっくるぱっど	ナックルパッド	ime	名詞
なっつくらっかーげんしょう	ナッツクラッカー現象	mac	名詞
なっとくらっかーげんしょう	ナットクラッカー現象	ime	名詞
なつかぜしょうこうぐん	夏カゼ症候群	ime	名詞
なつがたかびんせいはいぞうえん	夏型過敏性肺臓炎	ime	名詞
なてぐりにど	ナテグリニド	both	名詞
なとりうむけつぼうしょう	ナトリウム欠乏症	ime	名詞
なとりうむけつぼうせいだっすい	ナトリウム欠乏性脱水	ime	名詞
などろーる	ナドロール	ime	名詞
なないんし	Ⅶ因子	mac	名詞
ななえー	Ⅶa	mac	名詞
なながたこらーげん	Ⅶ型コラーゲン	mac	名詞
ななたんとう	七炭糖	mac	名詞
ななどらねーざる	ナナドラネーザル	ime	名詞
なにふぃえつすしょう	ナニフィエツス症	ime	名詞
なのかねつ	七日熱	ime	名詞
なぱ	ナパ	ime	名詞
なぱげるんくりーむ	ナパゲルンクリーム	ime	名詞
なぱげるんなんこう	ナパゲルン軟膏	ime	名詞
なぱげるんろーしょん	ナパゲルンローション	ime	名詞
なぱどらいしろっぷ	ナパドライシロップ	ime	名詞
なふぁぞりん	ナファゾリン	mac	名詞
なふぁれりーるてんびえき	ナファレリール点鼻液	ime	名詞
なふさちゅうどく	ナフサ中毒	ime	名詞
なぼーるげる	ナボールゲル	ime	名詞
なぼーるてーぷ	ナボールテープ	ime	名詞
なぼーるてーぷえる	ナボールテープL	ime	名詞
なまりちゅうどく	鉛中毒	ime	名詞
なまりちゅうどくせい	鉛中毒性	ime	名詞
なまりちゅうどくせいしんせん	鉛中毒性振戦	ime	名詞
なまりつうふう	鉛痛風	ime	名詞
なまりどくせい	鉛毒性	ime	名詞
なるこれぷしー	ナルコレプシー	both	名詞
なるこーしす	ナルコーシス	both	名詞
なるししずむがたせいかくしょうがい	ナルシシズム型性格障害	ime	名詞
なるたーるくりーむ	ナルタールクリーム	ime	名詞
なるたーるなんこう	ナルタール軟膏	ime	名詞
なろきそん	ナロキソン	both	名詞
なんかしょう	軟化症	mac	名詞
なんきはつせいやくぶつどく	難揮発性薬物毒	mac	名詞
なんこう	軟膏	ime	名詞
なんこうがい	軟口蓋	both	名詞
なんこうがいがいしょう	軟口蓋外傷	ime	名詞
なんこうがいがん	軟口蓋癌	ime	名詞
なんこうがいけいせいしゅじゅつ	軟口蓋形成手術	ime	名詞
なんこうがいけっかんしゅ	軟口蓋血管腫	ime	名詞
なんこうがいけっしゅ	軟口蓋血腫	ime	名詞
なんこうがいざそう	軟口蓋挫創	ime	名詞
なんこうがいししょう	軟口蓋刺傷	ime	名詞
なんこうがいそうしょう	軟口蓋創傷	ime	名詞
なんこうがいそんしょう	軟口蓋損傷	ime	名詞
なんこうがいたけいせんしゅ	軟口蓋多形腺腫	ime	名詞
なんこうがいにゅうとうしゅ	軟口蓋乳頭腫	ime	名詞
なんこうがいねっしょう	軟口蓋熱傷	ime	名詞
なんこうがいはくばんしょう	軟口蓋白板症	ime	名詞
なんこうがいはれつ	軟口蓋破裂	ime	名詞
なんこうがいまひ	軟口蓋麻痺	ime	名詞
なんこうがいりょうせいしゅよう	軟口蓋良性腫瘍	ime	名詞
なんこうがいれつ	軟口蓋裂	ime	名詞
なんこうざい	軟膏剤	mac	名詞
なんこうぶんぽう	軟膏分包	ime	名詞
なんこつ	軟骨	ime	名詞
なんこついえいようしょう	軟骨異栄養症	ime	名詞
なんこついけいせいしょう	軟骨異形成症	ime	名詞
なんこついしゅく	軟骨萎縮	ime	名詞
なんこつかこつ	軟骨下骨	mac	名詞
なんこつが	軟骨芽	ime	名詞
なんこつがさいぼう	軟骨芽細胞	mac	名詞
なんこつがさいぼうしゅ	軟骨芽細胞腫	both	名詞
なんこつけいせいいじょうしょう	軟骨形成異常症	ime	名詞
なんこつけいせいふぜん	軟骨形成不全	ime	名詞
なんこつけいせいふぜんしょう	軟骨形成不全症	ime	名詞
なんこつげんき	軟骨原基	mac	名詞
なんこつしゅ	軟骨腫	ime	名詞
なんこつじすとろふぃーせいきんきょうちょくしょう	軟骨ジストロフィー性筋強直症	ime	名詞
なんこつせいとうがい	軟骨性頭蓋	mac	名詞
なんこつせっかいかしょう	軟骨石灰化症	ime	名詞
なんこつそしきせい	軟骨組織性	ime	名詞
なんこつていけいせいしょう	軟骨低形成症	ime	名詞
なんこつないこっか	軟骨内骨化	mac	名詞
なんこつないこつか	軟骨内骨化	mac	名詞
なんこつなんかしょう	軟骨軟化症	ime	名詞
なんこつにくしゅ	軟骨肉腫	both	名詞
なんこつねんえきせんいしゅ	軟骨粘液線維腫	ime	名詞
なんこつぶ	軟骨部	mac	名詞
なんこつへん	軟骨片	mac	名詞
なんこつぼはん	軟骨母斑	ime	名詞
なんこつまく	軟骨膜	mac	名詞
なんこつむけいせいしょう	軟骨無形成症	both	名詞
なんこつむはっせいしょう	軟骨無発生症	ime	名詞
なんこつゆうかいしょう	軟骨融解症	mac	名詞
なんこつようかいしょう	軟骨溶解症	ime	名詞
なんご	喃語	mac	名詞
なんさんどう	軟産道	mac	名詞
なんさんどうきょうじんしょう	軟産道強靱症	ime	名詞
なんさんどうきょうじんしょうによるぶんべんていし	軟産道強靱症による分娩停止	ime	名詞
なんさんどうしんてんふりょう	軟産道伸展不良	ime	名詞
なんさんどうなんかふぜん	軟産道軟化不全	ime	名詞
なんざん	難産	ime	名詞
なんじこう	軟耳垢	ime	名詞
なんせい	軟性	ime	名詞
なんせいげかん	軟性下疳	both	名詞
なんせいせんいしゅ	軟性線維腫	ime	名詞
なんせいせんいしゅ	軟性繊維腫	mac	名詞
なんせいどるーぜん	軟性ドルーゼン	both	名詞
なんせいはくないしょう	軟性白内障	ime	名詞
なんせいはくはん	軟性白斑	mac	名詞
なんせいぼはん	軟性母斑	ime	名詞
なんせん	軟線	mac	名詞
なんせんさつえい	軟線撮影	mac	名詞
なんせんすへんい	ナンセンス変異	mac	名詞
なんぞくしゅ	軟属腫	mac	名詞
なんぞくしゅてきじょ	軟属腫摘除	ime	名詞
なんぞくしゅてきじょ	軟属腫摘除1	ime	名詞
なんぞくしゅてきじょ	軟属腫摘除2	ime	名詞
なんぞくしゅてきじょ	軟属腫摘除3	ime	名詞
なんち	難治	mac	名詞
なんちけっかく	難治結核	ime	名詞
なんちせい	難治性	both	名詞
なんちせいいかいよう	難治性胃潰瘍	ime	名詞
なんちせいおうと	難治性嘔吐	mac	名詞
なんちせいかいよう	難治性潰瘍	mac	名詞
なんちせいぎゃくりゅうせいしょくどうえん	難治性逆流性食道炎	ime	名詞
なんちせいげり	難治性下痢	mac	名詞
なんちせいこうけつあつ	難治性高血圧	mac	名詞
なんちせいこうないえん	難治性口内炎	ime	名詞
なんちせいこっせつちょうおんぱちりょう	難治性骨折超音波治療法	ime	名詞
なんちせいこっせつでんじはでんきち	難治性骨折電磁波電気治療法	ime	名詞
なんちせいししゅうえん	難治性歯周炎	ime	名詞
なんちせいじゅうにしちょうかいよう	難治性十二指腸潰瘍	ime	名詞
なんちせいじろう	難治性痔瘻	mac	名詞
なんちせいぜんそく	難治性喘息	ime	名詞
なんちせいてんかん	難治性てんかん	ime	名詞
なんちせいとうつう	難治性疼痛	ime	名詞
なんちせいにゅうじげりしょう	難治性乳児下痢症	ime	名詞
なんちせいねふろーぜしょうこうぐん	難治性ネフローゼ症候群	ime	名詞
なんちせいひふかいよう	難治性皮膚潰瘍	ime	名詞
なんちせいふくすい	難治性腹水	ime	名詞
なんちせいふんごうぶかいよう	難治性吻合部潰瘍	ime	名詞
なんちせいぶどうまくえん	難治性ぶどう膜炎	ime	名詞
なんちせいろうこう	難治性瘻孔	ime	名詞
なんちひんかいぶぶんほっさじゅうせきがたきゅうせいのうえん	難治頻回部分発作重積型急性脳炎	ime	名詞
なんちょう	難聴	ime	名詞
なんちょうをともなうめまいしっかん	難聴を伴うめまい疾患	mac	名詞
なんてんじつ	ナンテンジツ	ime	名詞
なんぴしょう	軟皮症	ime	名詞
なんぶ	軟部	both	名詞
なんぶあくせいきょさいぼうしゅ	軟部悪性巨細胞腫	ime	名詞
なんぶけっかんしゅ	軟部血管腫	ime	名詞
なんぶこつにくしゅ	軟部骨肉腫	ime	名詞
なんぶしゅよう	軟部腫瘍	both	名詞
なんぶしゅりゅう	軟部腫瘤	ime	名詞
なんぶそしき	軟部組織	mac	名詞
なんぶそしきあくせいしゅよう	軟部組織悪性腫瘍	ime	名詞
なんぶそしきかんせんしょう	軟部組織感染症	mac	名詞
なんぶそしきざしょう	軟部組織挫傷	ime	名詞
なんぶそしきそんしょう	軟部組織損傷	ime	名詞
なんぶそしきないいぶつ	軟部組織内異物	ime	名詞
なんぶなんこつにくしゅ	軟部軟骨肉腫	ime	名詞
なんべいしゅっけつねつ	南米出血熱	mac	名詞
なんまく	軟膜	mac	名詞
なんまくえん	軟膜炎	ime	名詞
なんまくくもまく	軟膜くも膜	mac	名詞
なんよう	難溶	mac	名詞
なんようせい	難溶性	mac	名詞
なーべるてんびてんがんえき	ナーベル点鼻・点眼液	ime	名詞
にいんし	Ⅱ因子	mac	名詞
におん	II音	ime	名詞
におん	Ⅱ音	mac	名詞
にかるじぴんえんさんえん	ニカルジピン塩酸塩	ime	名詞
にかるじぴんえんさんえんさん	ニカルジピン塩酸塩散	ime	名詞
にかんせつこていじゅつ	二関節固定術	ime	名詞
にかんせつこていじゅつとこうほうせいと	二関節固定術と後方制動術	ime	名詞
にがき	ニガキ	ime	名詞
にがた	II型	ime	名詞
にがたあれるぎー	Ⅱ型アレルギー	mac	名詞
にがたこらーげん	Ⅱ型コラーゲン	mac	名詞
にがたそうきょくせいしょうがい	2型双極性障害	ime	名詞
にがたとうさ	Ⅱ型糖鎖	mac	名詞
にがたとうにょうびょう	2型糖尿病	both	名詞
にがたとうにょうびょうおうはんしょう	2型糖尿病黄斑症	ime	名詞
にがたとうにょうびょうがっぺいにんしん	2型糖尿病合併妊娠	ime	名詞
にがたとうにょうびょうせいあしどーしす	2型糖尿病性アシドーシス	ime	名詞
にがたとうにょうびょうせいあせとんけっしょう	2型糖尿病性アセトン血症	ime	名詞
にがたとうにょうびょうせいえそ	2型糖尿病性壊疽	ime	名詞
にがたとうにょうびょうせいおうはんふしゅ	2型糖尿病性黄斑浮腫	ime	名詞
にがたとうにょうびょうせいかいよう	2型糖尿病性潰瘍	ime	名詞
にがたとうにょうびょうせいかんしょうがい	2型糖尿病性肝障害	ime	名詞
にがたとうにょうびょうせいかんせつしょう	2型糖尿病性関節症	ime	名詞
にがたとうにょうびょうせいがんきんまひ	2型糖尿病性眼筋麻痺	ime	名詞
にがたとうにょうびょうせいきんいしゅくしょう	2型糖尿病性筋萎縮症	ime	名詞
にがたとうにょうびょうせいけっかんしょうがい	2型糖尿病性血管障害	ime	名詞
にがたとうにょうびょうせいけとあしどーしす	2型糖尿病性ケトアシドーシス	ime	名詞
にがたとうにょうびょうせいこうこれすてろーるけっしょう	2型糖尿病性高コレステロール血症	ime	名詞
にがたとうにょうびょうせいこうさいえん	2型糖尿病性虹彩炎	ime	名詞
にがたとうにょうびょうせいこつしょう	2型糖尿病性骨症	ime	名詞
にがたとうにょうびょうせいこんすい	2型糖尿病性昏睡	ime	名詞
にがたとうにょうびょうせいしんけいいんせいぼうこう	2型糖尿病性神経因性膀胱	ime	名詞
にがたとうにょうびょうせいしんけいつう	2型糖尿病性神経痛	ime	名詞
にがたとうにょうびょうせいじりつしんけいにゅーろぱちー	2型糖尿病性自律神経ニューロパチー	ime	名詞
にがたとうにょうびょうせいじんこうかしょう	2型糖尿病性腎硬化症	ime	名詞
にがたとうにょうびょうせいじんしょう	2型糖尿病性腎症	ime	名詞
にがたとうにょうびょうせいじんしょうだいいちき	2型糖尿病性腎症第1期	ime	名詞
にがたとうにょうびょうせいじんしょうだいごき	2型糖尿病性腎症第5期	ime	名詞
にがたとうにょうびょうせいじんしょうだいさんき	2型糖尿病性腎症第3期	ime	名詞
にがたとうにょうびょうせいじんしょうだいさんき	2型糖尿病性腎症第3期A	ime	名詞
にがたとうにょうびょうせいじんしょうだいさんき	2型糖尿病性腎症第3期B	ime	名詞
にがたとうにょうびょうせいじんしょうだいにき	2型糖尿病性腎症第2期	ime	名詞
にがたとうにょうびょうせいじんしょうだいよんき	2型糖尿病性腎症第4期	ime	名詞
にがたとうにょうびょうせいじんふぜん	2型糖尿病性腎不全	ime	名詞
にがたとうにょうびょうせいすいほう	2型糖尿病性水疱	ime	名詞
にがたとうにょうびょうせいせいしんしょうがい	2型糖尿病性精神障害	ime	名詞
にがたとうにょうびょうせいそうようしょう	2型糖尿病性そう痒症	ime	名詞
にがたとうにょうびょうせいたはつにゅーろぱちー	2型糖尿病性多発ニューロパチー	ime	名詞
にがたとうにょうびょうせいたんにゅーろぱちー	2型糖尿病性単ニューロパチー	ime	名詞
にがたとうにょうびょうせいちゅうしんせいもうまくしょう	2型糖尿病性中心性網膜症	ime	名詞
にがたとうにょうびょうせいていけっとうせいこんすい	2型糖尿病性低血糖性昏睡	ime	名詞
にがたとうにょうびょうせいどうみゃくこうかしょう	2型糖尿病性動脈硬化症	ime	名詞
にがたとうにょうびょうせいどうみゃくへいそくしょう	2型糖尿病性動脈閉塞症	ime	名詞
にがたとうにょうびょうせいにゅーろぱちー	2型糖尿病性ニューロパチー	ime	名詞
にがたとうにょうびょうせいはくないしょう	2型糖尿病性白内障	ime	名詞
にがたとうにょうびょうせいひふしょうがい	2型糖尿病性皮膚障害	ime	名詞
にがたとうにょうびょうせいふしゅせいこうかしょう	2型糖尿病性浮腫性硬化症	ime	名詞
にがたとうにょうびょうせいまっしょうけっかんしょう	2型糖尿病性末梢血管症	ime	名詞
にがたとうにょうびょうせいまっしょうけっかんしょうがい	2型糖尿病性末梢血管障害	ime	名詞
にがたとうにょうびょうせいまっしょうしんけいしょうがい	2型糖尿病性末梢神経障害	ime	名詞
にがたとうにょうびょうせいみおぱちー	2型糖尿病性ミオパチー	ime	名詞
にがたとうにょうびょうせいもうまくしょう	2型糖尿病性網膜症	ime	名詞
にがたはいほうさいぼう	Ⅱ型肺胞細胞	mac	名詞
にがたはいほうじょうひ	Ⅱ型肺胞上皮	mac	名詞
にがたようけつせいひきゅうじょうせっけっきゅうせいひん	II型溶血性非球状赤血球性貧血	ime	名詞
にきび	にきび	ime	名詞
にきびだに	ニキビダニ	mac	名詞
にくうきゅうちゅうかんせんしょう	二腔吸虫感染症	ime	名詞
にくがんけい	肉眼型	ime	名詞
にくがんてきけつにょう	肉眼的血尿	both	名詞
にくがんてきしゅようたいせき	肉眼的腫瘍体積	mac	名詞
にくげ	肉芽	mac	名詞
にくげか	肉芽化	mac	名詞
にくげしゅ	肉芽腫	mac	名詞
にくげしゅしょう	肉芽腫症	mac	名詞
にくげしゅせい	肉芽腫性	both	名詞
にくげしゅせいいえん	肉芽腫性胃炎	ime	名詞
にくげしゅせいえん	肉芽腫性炎	mac	名詞
にくげしゅせいかすいたいえん	肉芽腫性下垂体炎	ime	名詞
にくげしゅせいかんえん	肉芽腫性肝炎	ime	名詞
にくげしゅせいこうしんえん	肉芽腫性口唇炎	ime	名詞
にくげしゅせいこうじょうせんえん	肉芽腫性甲状腺炎	ime	名詞
にくげしゅせいだいちょうえん	肉芽腫性大腸炎	ime	名詞
にくげしゅせいちゅうじえん	肉芽腫性中耳炎	mac	名詞
にくげしゅせいびえん	肉芽腫性鼻炎	ime	名詞
にくげしゅせいびょうへん	肉芽腫性病変	mac	名詞
にくげせい	肉芽性	ime	名詞
にくげせいこまくえん	肉芽性鼓膜炎	ime	名詞
にくげそしき	肉芽組織	mac	名詞
にくしゅ	肉腫	ime	名詞
にくしゅがた	肉腫型	mac	名詞
にくしゅせいずいまくしゅ	肉腫性髄膜腫	ime	名詞
にくずく	ニクズク	ime	名詞
にくちゅう	肉柱	both	名詞
にくちゅうせい	肉柱性	mac	名詞
にくちゅうせいうぼうふぞくぶつ	肉柱性右房付属物	mac	名詞
にくちゅうせいしんぼうふぞくぶつ	肉柱性心房付属物	mac	名詞
にくづく	ニクヅク	ime	名詞
にくばな	肉離	ime	名詞
にくばなれ	肉離れ	ime	名詞
にくようまく	肉様膜	mac	名詞
にぐん	II群	ime	名詞
にけいせい	二形性	mac	名詞
にこちんいぞんしょう	ニコチン依存症	ime	名詞
にこちんがたあせちるこりんじゅようたい	ニコチン型アセチルコリン受容体	mac	名詞
にこちんさん	ニコチン酸	mac	名詞
にこちんさんけつぼうしょう	ニコチン酸欠乏症	ime	名詞
にこちんさんけつぼうしょうのちほう	ニコチン酸欠乏症の痴呆	ime	名詞
にこちんさんしけん	ニコチン酸試験	ime	名詞
にこちんさんちゅうどく	ニコチン酸中毒	ime	名詞
にこちんさんゆうどうたい	ニコチン酸誘導体	mac	名詞
にこちんせい	ニコチン性	ime	名詞
にこちんせいこうがいはくしょくかくかしょう	ニコチン性口蓋白色角化症	ime	名詞
にこちんせいこうないえん	ニコチン性口内炎	ime	名詞
にこちんちゅうどく	ニコチン中毒	ime	名詞
にこちんよう	ニコチン様	mac	名詞
にこでーる	ニコデール	ime	名詞
にこでーるさん	ニコデール散	ime	名詞
にこびたーい	ニコビタ	ime	名詞
にこらんじる	ニコランジル	both	名詞
にこらーぜ	ニコラーゼ	ime	名詞
にこるすきーげんしょう	Nikolsky現象	ime	名詞
にこるすきーげんしょう	ニコルスキー現象	mac	名詞
にさんかいおう	二酸化硫黄	ime	名詞
にさんかいおうのどくさよう	二酸化硫黄の毒作用	ime	名詞
にさんかたんそちゅうどく	二酸化炭素中毒	ime	名詞
にざちじん	ニザチジン	ime	名詞
にざとりっくかりゅう	ニザトリック顆粒	ime	名詞
にしつさんくうしん	二室三腔心	mac	名詞
にしないるねつ	西ナイル熱	ime	名詞
にしぶろっく	二枝ブロック	ime	名詞
にじうしょく	二次う蝕	ime	名詞
にじうしょくしょう	二次齲蝕症	ime	名詞
にじうしょくだい1ど	二次う蝕第1度	ime	名詞
にじうしょくだい2ど	二次う蝕第2度	ime	名詞
にじうしょくだい3ど	二次う蝕第3度	ime	名詞
にじうしょくだいいちど	二次う蝕第1度	ime	名詞
にじうしょくだいさんど	二次う蝕第3度	ime	名詞
にじうしょくだいにど	二次う蝕第2度	ime	名詞
にじうしょくによるうしょくしょうだい1ど	二次齲蝕による齲蝕症第1度	ime	名詞
にじうしょくによるうしょくしょうだい2ど	二次齲蝕による齲蝕症第2度	ime	名詞
にじうしょくによるうしょくしょうだい3ど	二次齲蝕による齲蝕症第3度	ime	名詞
にじかりゅうけっそんしょう	二次顆粒欠損症	ime	名詞
にじかんせん	二次感染	ime	名詞
にじがす	二次ガス	mac	名詞
にじがすこうか	二次ガス効果	mac	名詞
にじき	二次期	mac	名詞
にじきかんし	二次気管支	mac	名詞
にじきゅうめいしょち	二次救命処置	mac	名詞
にじけっせん	二次血栓	mac	名詞
にじけんさく	二次検索	mac	名詞
にじこう	二次口	mac	名詞
にじこうかいぞん	二次孔開存	ime	名詞
にじこうがい	二次口蓋	mac	名詞
にじこうがいれつ	二次口蓋裂	mac	名詞
にじこうけっそん	二次口欠損	mac	名詞
にじこうしんぼうちゅうかくけっそん	二次孔心房中隔欠損	ime	名詞
にじこっせつちゆ	二次骨折治癒	mac	名詞
にじこつかちゅうしん	二次骨化中心	mac	名詞
にじしけつ	二次止血	both	名詞
にじしゅうまつ	二次終末	mac	名詞
にじしょうせつ	二次小節	mac	名詞
にじしょうよう	二次小葉	mac	名詞
にじじゅうもう	二次絨毛	mac	名詞
にじせい	二次性	both	名詞
にじせいQTえんちょうしょうこうぐん	二次性QT延長症候群	ime	名詞
にじせいえいんれっしょう	二次性会陰裂傷	ime	名詞
にじせいかるにちんけつぼうしょう	二次性カルニチン欠乏症	ime	名詞
にじせいかんがいもんみゃくへいそくしょう	二次性肝外門脈閉塞症	ime	名詞
にじせいきゅーてぃーえんちょうしょうこうぐん	二次性QT延長症候群	ime	名詞
にじせいきりつせいていけつあつしょう	二次性起立性低血圧症	ime	名詞
にじせいきんいにょうさいかんせい	二次性近位尿細管性	ime	名詞
にじせいきんいにょうさいかんせいあしどーしす	二次性近位尿細管性アシドーシス	ime	名詞
にじせいけっしょうばんぞうかしょう	二次性血小板増加症	ime	名詞
にじせいこうあるどすてろんしょう	二次性高アルドステロン症	ime	名詞
にじせいこうけつあつ	二次性高血圧	both	名詞
にじせいこうけつあつしょう	二次性高血圧症	ime	名詞
にじせいこうしけっしょう	二次性高脂血症	ime	名詞
にじせいこうじょうせんきのうこうしんしょう	二次性甲状腺機能亢進症	ime	名詞
にじせいこうじょうせんきのうていかしょう	二次性甲状腺機能低下症	ime	名詞
にじせいこかんせつしょう	二次性股関節症	ime	名詞
にじせいこつそしょうしょう	二次性骨粗鬆症	ime	名詞
にじせいさ	二次精査	mac	名詞
にじせいさいせいふりょうせいひんけつ	二次性再生不良性貧血	ime	名詞
にじせいしょっく	二次性ショック	ime	名詞
にじせいじんけっせき	二次性腎結石	ime	名詞
にじせいずつう	二次性頭痛	mac	名詞
にじせいせっけっきゅうぞうかしょう	二次性赤血球増加症	ime	名詞
にじせいちほう	二次性痴呆	ime	名詞
にじせいちょうはったつふぜん	二次性徴発達不全	mac	名詞
にじせいつうふう	二次性痛風	ime	名詞
にじせいてんかん	二次性てんかん	ime	名詞
にじせいとうにょうびょう	二次性糖尿病	ime	名詞
にじせいなるこれぷしー	二次性ナルコレプシー	ime	名詞
にじせいにょうほうしょう	二次性尿崩症	ime	名詞
にじせいにんちしょう	二次性認知症	ime	名詞
にじせいねふろーぜしょうこうぐん	二次性ネフローゼ症候群	ime	名詞
にじせいのうそんしょう	二次性脳損傷	ime	名詞
にじせいのうどうゆそう	二次性能動輸送	mac	名詞
にじせいはいこうけつあつしょう	二次性肺高血圧症	ime	名詞
にじせいはっけっきゅうげんしょうしょう	二次性白血球減少症	ime	名詞
にじせいはっけつびょう	二次性白血病	ime	名詞
にじせいひんけつ	二次性貧血	mac	名詞
にじせいふくこうじょうせんきのうこうしんしょう	二次性副甲状腺機能亢進症	both	名詞
にじせいふくこうじょうせんきのうていかしょう	二次性副甲状腺機能低下症	ime	名詞
にじせいへんけいせいかんせつしょう	二次性変形性関節症	ime	名詞
にじせいぼうこうしゅよう	二次性膀胱腫瘍	ime	名詞
にじせいぼさいぼう	二次精母細胞	mac	名詞
にじせいもうまくへんせいしょう	二次性網膜変性症	ime	名詞
にじぜんどう	二次蠕動	mac	名詞
にじたんじゅうさん	二次胆汁酸	mac	名詞
にじちゅうかく	二次中隔	mac	名詞
にじつう	二次痛	mac	名詞
にじてき	二次的	ime	名詞
にじてきしっぺいりとく	二次的疾病利得	mac	名詞
にじてきふくまくこうい	二次的腹膜後位	mac	名詞
にじでんし	二次電子	mac	名詞
にじでんり	二次電離	mac	名詞
にじとりあーじ	二次トリアージ	mac	名詞
にじめんえきおうとう	二次免疫応答	mac	名詞
にじもうそう	二次妄想	both	名詞
にじゅうあんてい	二重鞍底	mac	名詞
にじゅうしはい	二重支配	mac	名詞
にじゅうしれつ	二重歯列	ime	名詞
にじゅうじょうこん	二重条痕	mac	名詞
にじゅうそう	二重層	mac	名詞
にじゅうぞう	二重像	mac	名詞
にじゅうぞうえい	二重造影	mac	名詞
にじゅうだいどうみゃくきゅう	二重大動脈弓	mac	名詞
にじゅうまく	二重膜	mac	名詞
にじゅうもうまくにようまく	二絨毛膜二羊膜	mac	名詞
にじゅうもうまくにようまくせいそうたい	二絨毛膜二羊膜性双胎	both	名詞
にじゅうりんかく	二重輪郭	mac	名詞
にじゅつとう	二朮湯	ime	名詞
にじよぼう	二次予防	mac	名詞
にじらんおうのう	二次卵黄嚢	mac	名詞
にじらんぼさいぼう	二次卵母細胞	mac	名詞
にじらんぽう	二次卵胞	mac	名詞
にじりんぱきかん	二次リンパ器官	mac	名詞
にすたぐむす	ニスタグムス	ime	名詞
にすたじーるさん	ニスタジール散	ime	名詞
にせるごりん	ニセルゴリン	ime	名詞
にせるごりんさいりゅう	ニセルゴリン細粒	ime	名詞
にせんたい	二尖体	mac	名詞
にせんだいどうみゃくべん	二尖大動脈弁	ime	名詞
にせんべん	二尖弁	mac	名詞
にそうせい	二相性	mac	名詞
にそうせいはいばん	二層性胚盤	mac	名詞
にそく	二束	ime	名詞
にそくぶろっく	二束ブロック	ime	名詞
にそるじぴん	ニソルジピン	ime	名詞
にぞらーるくりーむ	ニゾラールクリーム	ime	名詞
にぞらーるろーしょん	ニゾラールローション	ime	名詞
にだんみゃく	二段脈	both	名詞
にちい	日医	ime	名詞
にちい	日本医師会	ime	名詞
にちいこう	日医工	ime	名詞
にちいそうけん	日医総研	ime	名詞
にちいそうけん	日本医師会総合政策研究機構	ime	名詞
にちかいんかりゅう	ニチカイン顆粒	ime	名詞
にちかーどてんがんえき	ニチカード点眼液	ime	名詞
にちこでさん	ニチコデ散	ime	名詞
にちこではいごうさん	ニチコデ配合散	ime	名詞
にちじょうせいかつどうさ	日常生活動作	mac	名詞
にちすてーとさいりゅう	ニチステート細粒	ime	名詞
にちないへんどう	日内変動	mac	名詞
にちないりずむ	日内リズム	mac	名詞
にちれい	日齢	mac	名詞
にちれせ	日レセ	ime	名詞
にちれせ	日医標準レセプトソフト	ime	名詞
にちんとう	二陳湯	ime	名詞
にっこう	日光	ime	名詞
にっこうかくかしょう	日光角化症	both	名詞
にっこうかびんせいひふえん	日光過敏性皮膚炎	ime	名詞
にっこうこうはん	日光紅斑	ime	名詞
にっこうじんましん	日光じんま疹	ime	名詞
にっこうじんましん	日光蕁麻疹	ime	名詞
にっこうせいひふえん	日光性皮膚炎	ime	名詞
にっこうせいもうまくえん	日光性網膜炎	ime	名詞
にっこうせいもうまくしょう	日光性網膜症	ime	名詞
にっこうひふえん	日光皮膚炎	ime	名詞
にっこうみじん	日光微塵	ime	名詞
にっこうもうまくえん	日光網膜炎	ime	名詞
にっこうもうまくしょう	日光網膜症	ime	名詞
にっしゃびょう	日射病	ime	名詞
にっしゅうせい	日周性	mac	名詞
にっしん	日新	ime	名詞
にっするしょうたい	ニッスル小体	mac	名詞
にっせき	日赤	ime	名詞
にっせきぽりぐろびん	日赤ポリグロビン	ime	名詞
にってん	日点	ime	名詞
にっとく	日特	ime	名詞
にっぱすかるしうむかりゅう	ニッパスカルシウム顆粒	ime	名詞
にっぷん	日粉	ime	名詞
にとう	二糖	mac	名詞
にとうきん	二頭筋	mac	名詞
にとうたい	二頭体	ime	名詞
にとうへんさんかくがたひべん	二等辺三角型皮弁	mac	名詞
にとうるい	二糖類	mac	名詞
にとうるいぶんかいこうそけっそんしょう	二糖類分解酵素欠損症	ime	名詞
にとこなぞんくりーむ	ニトコナゾンクリーム	ime	名詞
にとぷろ	ニトプロ	mac	名詞
にとらすてーぷ	ニトラステープ	ime	名詞
にとらぜぱむ	ニトラゼパム	both	名詞
にとらぜんくりーむ	ニトラゼンクリーム	ime	名詞
にとらぜんろーしょん	ニトラゼンローション	ime	名詞
にとれんじぴん	ニトレンジピン	ime	名詞
にとろくろるべんぜん	ニトロクロルベンゼン	mac	名詞
にとろぐりこーる	ニトログリコール	mac	名詞
にとろそうれあ	ニトロソウレア	mac	名詞
にとろぷるしど	ニトロプルシド	mac	名詞
にとろべんぜん	ニトロベンゼン	mac	名詞
にとろべんぜんちゅうどく	ニトロベンゼン中毒	ime	名詞
にとろーる	ニトロール	mac	名詞
にとろーるすぷれー	ニトロールスプレー	ime	名詞
にど	II度	ime	名詞
にどうげんたい	二動原体	mac	名詞
にどねっしょう	Ⅱ度熱傷	mac	名詞
にどぼうしつぶろっく	Ⅱ度房室ブロック	mac	名詞
にばいたい	二倍体	mac	名詞
にふぇじぴん	ニフェジピン	both	名詞
にふぇじぴんさいりゅう	ニフェジピン細粒	ime	名詞
にふぇじぴんしにくぞうしょくしょう	ニフェジピン歯肉増殖症	ime	名詞
にふくきん	二腹筋	mac	名詞
にふぷらす	ニフプラス	ime	名詞
にふらんしろっぷ	ニフランシロップ	ime	名詞
にふらんてんがんえき	ニフラン点眼液	ime	名詞
にぶんかつしこう	二分割思考	mac	名詞
にぶんしつがいこつ	二分膝蓋骨	ime	名詞
にぶんしゅしこつ	二分種子骨	ime	名詞
にぶんじんたい	二分靱帯	ime	名詞
にぶんせいいん	二分性陰	ime	名詞
にぶんせいいんのう	二分性陰嚢	ime	名詞
にぶんせきつい	二分脊椎	both	名詞
にぶんせきついしょう	二分脊椎症	mac	名詞
にぶんとうがい	二分頭蓋	ime	名詞
にぶんれつ	二分裂	mac	名詞
にぷらじろーる	ニプラジロール	ime	名詞
にぷらじろーるてんがんえき	ニプラジロール点眼液	ime	名詞
にぷらのーるてんがんえき	ニプラノール点眼液	ime	名詞
にほうせい	二峰性	mac	名詞
にほうせいけいどうみゃくは	二峰性頸動脈波	mac	名詞
にほうせいみゃくは	二峰性脈波	mac	名詞
にほんかいれっとうじょうちゅうしょう	日本海裂頭条虫症	ime	名詞
にほんがくこうちゅう	日本顎口虫	mac	名詞
にほんこうはんねつ	日本紅斑熱	ime	名詞
にほんこつ	日本骨	mac	名詞
にほんさ	二本鎖	mac	名詞
にほんさせつだん	二本鎖切断	mac	名詞
にほんじゅうけつきゅうちゅうしょう	日本住血吸虫症	ime	名詞
にほんじゅうけつきゅうちゅうびょう	日本住血吸虫病	ime	名詞
にほんせんもんいきこう	日本専門医機構	ime	名詞
にほんぞうき	日本臓器	ime	名詞
にほんのうえん	日本脳炎	both	名詞
にほんのうえんうぃるす	日本脳炎ウィルス	ime	名詞
にほんのうえんういるすこうたいか	日本脳炎ウイルス抗体価	ime	名詞
にほんのうえんこういしょう	日本脳炎後遺症	ime	名詞
にほんほういがっかい	日本法医学会	mac	名詞
にぽらじんしょうにようさいりゅう	ニポラジン小児用細粒	ime	名詞
にぽらじんしょうにようしろっぷ	ニポラジン小児用シロップ	ime	名詞
にまいがい	二枚貝	mac	名詞
にむすちん	ニムスチン	mac	名詞
にゅう	乳	ime	名詞
にゅうCA	乳CA	ime	名詞
にゅういん	入院	ime	名詞
にゅういんかんこく	入院勧告	ime	名詞
にゅういんけいたい	入院形態	mac	名詞
にゅういんじけんさせいせき	入院時検査成績	mac	名詞
にゅういんじげんしょう	入院時現症	mac	名詞
にゅうえんげせいはいえん	乳嚥下性肺炎	ime	名詞
にゅうか	乳痂	ime	名詞
にゅうかん	乳管	mac	名詞
にゅうかんかくちょうしょう	乳管拡張症	ime	名詞
にゅうかんがい	乳管外	ime	名詞
にゅうかんきょう	乳管鏡	ime	名詞
にゅうかんせんようくいきせつじょじゅ	乳管腺葉区域切除術	ime	名詞
にゅうかんどう	乳管洞	mac	名詞
にゅうかんない	乳管内	ime	名詞
にゅうかんないじょうひないがん	乳管内上皮内癌	ime	名詞
にゅうかんないにゅうとうしゅ	乳管内乳頭腫	ime	名詞
にゅうがん	乳癌	both	名詞
にゅうがんHER2かじょうはつげん	乳癌・HER2過剰発現	ime	名詞
にゅうがんこつてんい	乳癌骨転移	ime	名詞
にゅうがんさいはつ	乳癌再発	ime	名詞
にゅうがんじゅつごこういしょう	乳癌術後後遺症	ime	名詞
にゅうがんじゅつごさいはつ	乳癌術後再発	ime	名詞
にゅうがんじゅつごしょうがい	乳癌術後障害	ime	名詞
にゅうがんひふてんい	乳癌皮膚転移	ime	名詞
にゅうがんれいとうぎょうこてきしゅつ	乳癌冷凍凝固摘出術	ime	名詞
にゅうきゅうし	乳臼歯	mac	名詞
にゅうけんし	乳犬歯	mac	名詞
にゅうこうぶ	入口部	mac	名詞
にゅうさん	乳酸	ime	名詞
にゅうさんあしどーしす	乳酸アシドーシス	both	名詞
にゅうさんかりんげる	乳酸加リンゲル	mac	名詞
にゅうさんかるしうむ	乳酸カルシウム	ime	名詞
にゅうさんかるしうむすいわぶつ	乳酸カルシウム水和物	ime	名詞
にゅうさんていりょう	乳酸定量	ime	名詞
にゅうさんていりょうにょう	乳酸定量尿	ime	名詞
にゅうさんりんげるえき	乳酸リンゲル液	mac	名詞
にゅうさんりんげるひかり	乳酸リンゲル	ime	名詞
にゅうし	乳歯	both	名詞
にゅうしかんだつらく	乳歯冠脱落	ime	名詞
にゅうしかんだつり	乳歯冠脱離	ime	名詞
にゅうしかんはそん	乳歯冠破損	ime	名詞
にゅうしきんぞくかん	乳歯金属冠	ime	名詞
にゅうしざんぞん	乳歯残存	ime	名詞
にゅうしそうきそうしつ	乳歯早期喪失	ime	名詞
にゅうしそうきだつらく	乳歯早期脱落	ime	名詞
にゅうしそうきほうしゅつ	乳歯早期萌出	ime	名詞
にゅうしのばんきざんぞん	乳歯の晩期残存	ime	名詞
にゅうしばんきざんぞん	乳歯晩期残存	ime	名詞
にゅうしぶ	乳嘴部	ime	名詞
にゅうしぶぱぴろーま	乳嘴部パピローマ	ime	名詞
にゅうしぶぱぴろーむ	乳嘴部パピローム	ime	名詞
にゅうしほうしゅつしょうがい	乳歯萌出障害	ime	名詞
にゅうじ	乳児	ime	名詞
にゅうじいっかせいてい	乳児一過性低	ime	名詞
にゅうじいっかせいていがんまぐろぶりんけっしょう	乳児一過性低ガンマグロブリン血症	ime	名詞
にゅうじかのうせいこかんせつえん	乳児化膿性股関節炎	mac	名詞
にゅうじかんえん	乳児肝炎	ime	名詞
にゅうじがた	乳児型	both	名詞
にゅうじがたGM1がんぐりおしどーしす	乳児型GM1ガングリオシドーシス	ime	名詞
にゅうじがたGM2がんぐりおしどーしす	乳児型GM2ガングリオシドーシス	ime	名詞
にゅうじがたくらっべびょう	乳児型クラッベ病	ime	名詞
にゅうじがただいどうみゃくきょうさくしょう	乳児型大動脈狭窄症	ime	名詞
にゅうじがたぽんぺびょう	乳児型ポンペ病	ime	名詞
にゅうじきせいきんせいこうはん	乳児寄生菌性紅斑	ime	名詞
にゅうじきゅうせいこうまくかけっしゅ	乳児急性硬膜下血腫	ime	名詞
にゅうじぎはっけつびょう	乳児偽白血病	ime	名詞
にゅうじけいれん	乳児痙攣	ime	名詞
にゅうじけとあしどーしす	乳児ケトアシドーシス	ime	名詞
にゅうじけんしん	乳児検診	ime	名詞
にゅうじげり	乳児下痢	ime	名詞
にゅうじげりしょう	乳児下痢症	both	名詞
にゅうじししせんいしゅしょう	乳児指趾線維腫症	mac	名詞
にゅうじじゅうしょうみおくろにーてんかん	乳児重症ミオクロニーてんかん	ime	名詞
にゅうじせいせきずいせいきんいしゅくしょう	乳児性脊髄性筋萎縮症	ime	名詞
にゅうじせきがきゅう	乳児赤芽球	ime	名詞
にゅうじせきがきゅうろう	乳児赤芽球ろう	ime	名詞
にゅうじぜんそく	乳児喘息	ime	名詞
にゅうじたはつせいかんせんのうよう	乳児多発性汗腺膿瘍	ime	名詞
にゅうじちはつせい	乳児遅発性	ime	名詞
にゅうじちはつせいびたみんKけつぼうしょう	乳児遅発性ビタミンK欠乏症	ime	名詞
にゅうじちはつせいびたみんけーけつぼうしょう	乳児遅発性ビタミンK欠乏症	ime	名詞
にゅうじてんとうけいれん	乳児点頭痙攣	ime	名詞
にゅうじとうきげりしょう	乳児冬季下痢症	ime	名詞
にゅうじとうきげりしょう	乳児冬期下痢症	ime	名詞
にゅうじとくはつせいせきちゅうそくわんしょう	乳児特発性脊柱側弯症	ime	名詞
にゅうじとつぜんししょうこうぐん	乳児突然死症候群	ime	名詞
にゅうじないしゃし	乳児内斜視	both	名詞
にゅうじのかどのていきゅう	乳児の過度の啼泣	ime	名詞
にゅうじはいえん	乳児肺炎	ime	名詞
にゅうじひこうせいゆうもんきょうさくしょう	乳児肥厚性幽門狭窄症	ime	名詞
にゅうじひだいせい	乳児肥大性	ime	名詞
にゅうじひだいせいにゅーろぱちー	乳児肥大性ニューロパチー	ime	名詞
にゅうじひふえん	乳児皮膚炎	ime	名詞
にゅうじへんまひ	乳児片麻痺	ime	名詞
にゅうじぼつりぬすしょう	乳児ボツリヌス症	mac	名詞
にゅうじゅう	乳汁	ime	名詞
にゅうじゅううったいしょう	乳汁うっ滞症	ime	名詞
にゅうじゅうぶんぴいじょう	乳汁分泌異常	ime	名詞
にゅうじゅうぶんぴかしょうしょう	乳汁分泌過少症	ime	名詞
にゅうじゅうぶんぴけつじょ	乳汁分泌欠如	ime	名詞
にゅうじゅうぶんぴふぜん	乳汁分泌不全	ime	名詞
にゅうじゅうぶんぴよくせい	乳汁分泌抑制	ime	名詞
にゅうじゅうろうしゅつ	乳汁漏出	mac	名詞
にゅうじゅうろうしゅつしょう	乳汁漏出症	both	名詞
にゅうじゅうろうしゅつむげっけいしょうこうぐん	乳汁漏出・無月経症候群	mac	名詞
にゅうじゅうろうしゅつむげっけいしょうこうぐん	乳汁漏出無月経症候群	ime	名詞
にゅうせっし	乳切歯	mac	名詞
にゅうせん	乳腺	both	名詞
にゅうせんあくせいしゅよう	乳腺悪性腫瘍	ime	名詞
にゅうせんあくせいしゅようさいはつ	乳腺悪性腫瘍再発	ime	名詞
にゅうせんあくせいしゅようしゅじゅつ	乳腺悪性腫瘍手術	ime	名詞
にゅうせんあくせいしゅようしゅじゅつと	乳腺悪性腫瘍手術と両側腋窩リンパ節郭清術	ime	名詞
にゅうせんえきかびぶにゅうがん	乳腺腋窩尾部乳癌	ime	名詞
にゅうせんえん	乳腺炎	ime	名詞
にゅうせんがぞうきゅういん	乳腺腫瘍画像ガイド下吸引術	ime	名詞
にゅうせんがん	乳腺癌	ime	名詞
にゅうせんけっかんしゅ	乳腺血管腫	ime	名詞
にゅうせんしっしん	乳腺湿疹	ime	名詞
にゅうせんしぼうそしき	乳腺脂肪組織	mac	名詞
にゅうせんしゅ	乳腺腫	ime	名詞
にゅうせんしゅういしっしん	乳腺周囲湿疹	ime	名詞
にゅうせんしゅだい	乳腺腫大	ime	名詞
にゅうせんしゅちょう	乳腺腫脹	ime	名詞
にゅうせんしゅよう	乳腺腫瘍	ime	名詞
にゅうせんしゅりゅう	乳腺腫瘤	ime	名詞
にゅうせんしょう	乳腺症	ime	名詞
にゅうせんせんいしゅ	乳腺線維腫	ime	名詞
にゅうせんせんいせんしゅ	乳腺線維腺腫	both	名詞
にゅうせんせんきんじょうひしゅ	乳腺腺筋上皮腫	ime	名詞
にゅうせんせんし	乳腺穿刺	ime	名詞
にゅうせんせんしまた	乳腺穿刺又	ime	名詞
にゅうせんせんしまたはしんせいけん	乳腺穿刺又は針生検	ime	名詞
にゅうせんせんしゅ	乳腺腺腫	ime	名詞
にゅうせんせんようせつじょ	乳腺腺葉切除	mac	名詞
にゅうせんてい	乳腺堤	mac	名詞
にゅうせんていじんたい	乳腺提靱帯	mac	名詞
にゅうせんないいぶつ	乳腺内異物	ime	名詞
にゅうせんにくしゅ	乳腺肉腫	ime	名詞
にゅうせんにゅうとうしゅ	乳腺乳頭腫	ime	名詞
にゅうせんのうよう	乳腺膿瘍	ime	名詞
にゅうせんのうようせっかいじゅつ	乳腺膿瘍切開術	ime	名詞
にゅうせんひだい	乳腺肥大	ime	名詞
にゅうせんぶけっかんしゅ	乳腺部血管腫	ime	名詞
にゅうせんぽりーぷ	乳腺ポリープ	ime	名詞
にゅうせんろうこう	乳腺瘻孔	ime	名詞
にゅうだくえき	乳濁液	mac	名詞
にゅうちゅうみへんかたいはいせつりつ	尿中未変化体排泄率	mac	名詞
にゅうとう	乳糖	ime	名詞
にゅうとう	乳頭	both	名詞
にゅうとうあくせいこくしょくしゅ	乳頭悪性黒色腫	ime	名詞
にゅうとういしゅく	乳頭委縮	mac	名詞
にゅうとういしゅく	乳頭萎縮	ime	名詞
にゅうとういじょうぶんぴしょう	乳頭異常分泌症	ime	名詞
にゅうとうかいよう	乳頭潰瘍	ime	名詞
にゅうとうかそう	乳頭下層	mac	名詞
にゅうとうかんぼつ	乳頭陥没	mac	名詞
にゅうとうがん	乳頭癌	both	名詞
にゅうとうきていさいぼうがん	乳頭基底細胞癌	ime	名詞
にゅうとうきれつ	乳頭亀裂	ime	名詞
にゅうとうきん	乳頭筋	mac	名詞
にゅうとうきんだんれつ	乳頭筋断裂	both	名詞
にゅうとうけいせいふぜん	乳頭形成不全	ime	名詞
にゅうとうけっしょう	乳糖血症	ime	名詞
にゅうとうげかん	乳頭下疳	ime	名詞
にゅうとうこうしょう	乳頭咬傷	ime	名詞
にゅうとうこうそう	乳頭咬創	ime	名詞
にゅうとうしがん	乳頭嘴癌	ime	名詞
にゅうとうしせんがん	乳頭嘴腺癌	ime	名詞
にゅうとうしゅ	乳頭腫	both	名詞
にゅうとうしゅうい	乳頭周囲	ime	名詞
にゅうとうしゅういえん	乳頭周囲炎	ime	名詞
にゅうとうしゅういぶどうしゅ	乳頭周囲ぶどう腫	ime	名詞
にゅうとうしゅっけつ	乳頭出血	ime	名詞
にゅうとうじょう	乳頭状	mac	名詞
にゅうとうじょうかんかん	乳頭状汗管	ime	名詞
にゅうとうじょうかんかんしゅ	乳頭状汗管腫	ime	名詞
にゅうとうじょうかんかんのうせんしゅ	乳頭状汗管嚢腺腫	ime	名詞
にゅうとうじょうかんかんのうほうせんしゅ	乳頭状汗管嚢胞腺腫	ime	名詞
にゅうとうじょうかんせんしゅ	乳頭状汗腺腫	ime	名詞
にゅうとうじょうかんせんのうほうせんしゅ	乳頭状汗腺嚢胞腺腫	ime	名詞
にゅうとうじょうこうじょうせんせんしゅ	乳頭状甲状腺腺腫	ime	名詞
にゅうとうじょうじょういしゅ	乳頭状上衣腫	ime	名詞
にゅうとうすいわぶつ	乳糖水和物	ime	名詞
にゅうとうせんがん	乳頭腺癌	ime	名詞
にゅうとうぞうしょく	乳頭増殖	mac	名詞
にゅうとうたい	乳頭体	both	名詞
にゅうとうたいかく	乳頭体核	mac	名詞
にゅうとうたいししょうそく	乳頭体視床束	mac	名詞
にゅうとうていけいせい	乳頭低形成	ime	名詞
にゅうとうはっこう	乳糖発酵	mac	名詞
にゅうとうひふがん	乳頭皮膚癌	ime	名詞
にゅうとうひょうひはくだつ	乳頭表皮剥脱	ime	名詞
にゅうとうびらん	乳頭びらん	ime	名詞
にゅうとうふかしけん	乳糖負荷試験	mac	名詞
にゅうとうふくようたいとう	乳糖服用耐糖	ime	名詞
にゅうとうふしゅ	乳頭浮腫	ime	名詞
にゅうとうふたいしょう	乳糖不耐症	both	名詞
にゅうとうふたいせいげりしょう	乳糖不耐性下痢症	ime	名詞
にゅうとうぶ	乳頭部	ime	名詞
にゅうとうぶがん	乳頭部癌	both	名詞
にゅうとうぶしゅりゅう	乳頭部腫瘤	ime	名詞
にゅうとうぶだい	乳頭部第	ime	名詞
にゅうとうぶだい1どねっしょう	乳頭部第1度熱傷	ime	名詞
にゅうとうぶだい2どねっしょう	乳頭部第2度熱傷	ime	名詞
にゅうとうぶだい3どねっしょう	乳頭部第3度熱傷	ime	名詞
にゅうとうぶだいいちどねっしょう	乳頭部第1度熱傷	ime	名詞
にゅうとうぶだいさんどねっしょう	乳頭部第3度熱傷	ime	名詞
にゅうとうぶだいにどねっしょう	乳頭部第2度熱傷	ime	名詞
にゅうとうぶにゅうがん	乳頭部乳癌	ime	名詞
にゅうとうぶんかい	乳糖分解	mac	名詞
にゅうとうぶんかいこうそ	乳糖分解酵素	mac	名詞
にゅうとうぶんかいこうそけっそんしょう	乳糖分解酵素欠損症	both	名詞
にゅうとうぶんぴつえきちゅう	乳頭分泌液中	ime	名詞
にゅうとうぶんぴつえきちゅうHER2	乳頭分泌液中HER2タンパク	ime	名詞
にゅうとうぶんぴつえきちゅうしーいーえーせ	乳頭分泌液中CEA	ime	名詞
にゅうとうぶんぴぶつ	乳頭分泌物	ime	名詞
にゅうとうぶんぴぶつさいぼうしんようせい	乳頭分泌物細胞診陽性	ime	名詞
にゅうとうへんい	乳頭偏位	mac	名詞
にゅうとうぼーえんびょう	乳頭ボーエン病	ime	名詞
にゅうとうめらのーま	乳頭メラノーマ	ime	名詞
にゅうとうもうまくえん	乳頭網膜炎	ime	名詞
にゅうとうゆうきょくさいぼうがん	乳頭有棘細胞癌	ime	名詞
にゅうとうろう	乳頭瘻	ime	名詞
にゅうとつえん	乳突炎	ime	名詞
にゅうとつさくかいじゅつ	乳突削開術	both	名詞
にゅうとつじゅうてんじゅつ	乳突充填術	ime	名詞
にゅうとつどう	乳突洞	mac	名詞
にゅうとつどうかいほうじゅつ	乳突洞開放術	ime	名詞
にゅうとつほうそう	乳突蜂巣	mac	名詞
にゅうとつほうそうさくかいじゅつ	乳突蜂巣削開術	mac	名詞
にゅうび	乳び	mac	名詞
にゅうびきょう	乳び胸	both	名詞
にゅうびきょうしゅじゅつ	乳び胸手術	ime	名詞
にゅうびきょうすい	乳び胸水	ime	名詞
にゅうびしんのうえきちょりゅう	乳び心嚢液貯留	ime	名詞
にゅうびしんまく	乳び心膜	ime	名詞
にゅうびせいいんのうすいりゅう	乳び性陰嚢水瘤	ime	名詞
にゅうびせいふくすい	乳び性腹水	ime	名詞
にゅうびそう	乳び槽	both	名詞
にゅうびにょう	乳び尿	ime	名詞
にゅうびにょうしょう	乳び尿症	both	名詞
にゅうびふくすい	乳び腹水	ime	名詞
にゅうぼう	乳房	ime	名詞
にゅうぼうPagetびょう	乳房Paget病	ime	名詞
にゅうぼうあくせいしゅよう	乳房悪性腫瘍	ime	名詞
にゅうぼうあつざしょう	乳房圧挫傷	ime	名詞
にゅうぼうあつざそんしょう	乳房圧挫損傷	ime	名詞
にゅうぼういしゅく	乳房萎縮	ime	名詞
にゅうぼういぶつ	乳房異物	ime	名詞
にゅうぼういんぷらんとかんせん	乳房インプラント感染	ime	名詞
にゅうぼううったい	乳房うっ滞	ime	名詞
にゅうぼうえきすぱんだーかんせん	乳房エキスパンダー感染	ime	名詞
にゅうぼうえんしょうせいしっかん	乳房炎症性疾患	ime	名詞
にゅうぼうかいほうそう	乳房開放創	ime	名詞
にゅうぼうかいよう	乳房潰瘍	ime	名詞
にゅうぼうかがいそくぶにゅうがん	乳房下外側部乳癌	ime	名詞
にゅうぼうかどきんまん	乳房過度緊満	ime	名詞
にゅうぼうかないそくぶにゅうがん	乳房下内側部乳癌	ime	名詞
にゅうぼうかんこう	乳房間溝	ime	名詞
にゅうぼうがい	乳房外	ime	名詞
にゅうぼうがいぱじぇっとびょう	乳房外パジェット病	both	名詞
にゅうぼうがんけんしん	乳房癌検診	ime	名詞
にゅうぼうきょうかいぶにゅうがん	乳房境界部乳癌	ime	名詞
にゅうぼうけいせいふぜん	乳房形成不全	ime	名詞
にゅうぼうけっかんしぼうしゅ	乳房血管脂肪腫	ime	名詞
にゅうぼうこうけつ	乳房硬結	ime	名詞
にゅうぼうこうそう	乳房咬創	ime	名詞
にゅうぼうさいけんじゅつ	乳房再建術	ime	名詞
にゅうぼうさっかしょう	乳房擦過傷	ime	名詞
にゅうぼうさっかそう	乳房擦過創	ime	名詞
にゅうぼうさつえい	乳房撮影	ime	名詞
にゅうぼうさつえいのしゃしんしんだん	乳房撮影の写真診断	ime	名詞
にゅうぼうざしょう	乳房挫傷	ime	名詞
にゅうぼうしそう	乳房刺創	ime	名詞
にゅうぼうしっしん	乳房湿疹	ime	名詞
にゅうぼうしぼうえし	乳房脂肪壊死	ime	名詞
にゅうぼうしぼうしゅ	乳房脂肪腫	ime	名詞
にゅうぼうしぼうにくしゅ	乳房脂肪肉腫	ime	名詞
にゅうぼうしゅだい	乳房腫大	ime	名詞
にゅうぼうしゅちょう	乳房腫脹	ime	名詞
にゅうぼうしゅっけつ	乳房出血	ime	名詞
にゅうぼうしゅよう	乳房腫瘍	ime	名詞
にゅうぼうしゅりゅう	乳房腫瘤	ime	名詞
にゅうぼうしょうけっせつ	乳房小結節	ime	名詞
にゅうぼうしんせいぶつ	乳房新生物	ime	名詞
にゅうぼうじょうがいそくぶにゅうがん	乳房上外側部乳癌	ime	名詞
にゅうぼうじょうないそくぶにゅうがん	乳房上内側部乳癌	ime	名詞
にゅうぼうじょうみゃくそんしょう	乳房静脈損傷	ime	名詞
にゅうぼうせいしゅよう	乳房性腫瘍	ime	名詞
にゅうぼうせつじょご	乳房切除後	ime	名詞
にゅうぼうせつじょごじょうたい	乳房切除後状態	ime	名詞
にゅうぼうせつじょごりんぱふしゅしょうこうぐん	乳房切除後リンパ浮腫症候群	ime	名詞
にゅうぼうせつじょじゅつ	乳房切除術	ime	名詞
にゅうぼうせつじょじゅつご	乳房切除術後	ime	名詞
にゅうぼうせんいせいこうかしょう	乳房線維性硬化症	ime	名詞
にゅうぼうせんいせんしょう	乳房線維腺症	ime	名詞
にゅうぼうたいしゅくふぜん	乳房退縮不全	ime	名詞
にゅうぼうだい	乳房第	ime	名詞
にゅうぼうだい1どねっしょう	乳房第1度熱傷	ime	名詞
にゅうぼうだい2どねっしょう	乳房第2度熱傷	ime	名詞
にゅうぼうだい3どねっしょう	乳房第3度熱傷	ime	名詞
にゅうぼうだいいちどねっしょう	乳房第1度熱傷	ime	名詞
にゅうぼうだいさんどねっしょう	乳房第3度熱傷	ime	名詞
にゅうぼうだいにどねっしょう	乳房第2度熱傷	ime	名詞
にゅうぼうちゅうおうぶにゅうがん	乳房中央部乳癌	ime	名詞
にゅうぼうつう	乳房痛	both	名詞
にゅうぼうどうみゃくそんしょう	乳房動脈損傷	ime	名詞
にゅうぼうにくしゅ	乳房肉腫	ime	名詞
にゅうぼうねっしょう	乳房熱傷	ime	名詞
にゅうぼうのうほう	乳房嚢胞	ime	名詞
にゅうぼうのうよう	乳房膿瘍	ime	名詞
にゅうぼうのじょうひないがん	乳房の上皮内癌	ime	名詞
にゅうぼうのせんてんきけい	乳房の先天奇形	ime	名詞
にゅうぼうはついくふぜん	乳房発育不全	ime	名詞
にゅうぼうぱじぇっとびょう	乳房パジェット病	ime	名詞
にゅうぼうひかしゅりゅう	乳房皮下腫瘤	ime	名詞
にゅうぼうひだい	乳房肥大	ime	名詞
にゅうぼうひふえん	乳房皮膚炎	ime	名詞
にゅうぼうひふりょうせいしゅよう	乳房皮膚良性腫瘍	ime	名詞
にゅうぼうびさいせっかいか	乳房微細石灰化	ime	名詞
にゅうぼうぺーじぇっとびょう	乳房ページェット病	ime	名詞
にゅうぼうよう	乳房よう	ime	名詞
にゅうぼうようじょうしゅよう	乳房葉状腫瘍	ime	名詞
にゅうぼうようじょうにくしゅ	乳房葉状肉腫	ime	名詞
にゅうぼうりょうせいしゅよう	乳房良性腫瘍	ime	名詞
にゅうみん	入眠	mac	名詞
にゅうみんじげんかく	入眠時幻覚	mac	名詞
にゅうようじいちょうしょうがい	乳幼児胃腸障害	ime	名詞
にゅうようじかんきょだいけっかんしゅ	乳幼児肝巨大血管腫	ime	名詞
にゅうようじき	乳幼児期	mac	名詞
にゅうようじけんこうしんさ	乳幼児健康診査	mac	名詞
にゅうようじけんしん	乳幼児健診	ime	名詞
にゅうようじげりしょう	乳幼児下痢症	ime	名詞
にゅうようじしんこうせいきゅうまひ	乳幼児進行性球麻痺	ime	名詞
にゅうようじせんつう	乳幼児仙痛	ime	名詞
にゅうようじとくはつせいききゅうじたい	乳幼児特発性危急事態	mac	名詞
にゅうようじとっぱつせいききゅうじたい	乳幼児突発性危急事態	ime	名詞
にゅうようじとつぜんししょうこうぐん	乳幼児突然死症候群	mac	名詞
にゅうようじべんぴ	乳幼児便秘	ime	名詞
にゅうようじまんせいこうまくかけっしゅ	乳幼児慢性硬膜下血腫	ime	名詞
にゅうようとっき	乳様突起	both	名詞
にゅうようとっきえん	乳様突起炎	both	名詞
にゅうようとっきかりえす	乳様突起カリエス	ime	名詞
にゅうようとっきのうよう	乳様突起膿瘍	ime	名詞
にゅうようとっきろう	乳様突起瘻	ime	名詞
にゅうりん	乳輪	both	名詞
にゅうりんかのうよう	乳輪下膿瘍	both	名詞
にゅうりんせん	乳輪腺	mac	名詞
にゅうりんぶだい	乳輪部第	ime	名詞
にゅうりんぶだい1どねっしょう	乳輪部第1度熱傷	ime	名詞
にゅうりんぶだい2どねっしょう	乳輪部第2度熱傷	ime	名詞
にゅうりんぶだい3どねっしょう	乳輪部第3度熱傷	ime	名詞
にゅうりんぶだいいちどねっしょう	乳輪部第1度熱傷	ime	名詞
にゅうりんぶだいさんどねっしょう	乳輪部第3度熱傷	ime	名詞
にゅうりんぶだいにどねっしょう	乳輪部第2度熱傷	ime	名詞
にゅうりんぶにゅうがん	乳輪部乳癌	ime	名詞
にゅうろうしょう	乳漏症	ime	名詞
にゅうろうせいむげっけい	乳漏性無月経	mac	名詞
にゅーかっするけつまくえん	ニューカッスル結膜炎	ime	名詞
にゅーかっするびょう	ニューカッスル病	ime	名詞
にゅーきのろん	ニューキノロン	mac	名詞
にゅーきのろんけい	ニューキノロン系	mac	名詞
にゅーきゃっするけつまくえん	ニューキャッスル結膜炎	ime	名詞
にゅーぷろぱっち	ニュープロパッチ	ime	名詞
にゅーまとせる	ニューマトセル	ime	名詞
にゅーもしすちす	ニューモシスチス	mac	名詞
にゅーもしすちすいろべき	ニューモシスチス・イロベキ	mac	名詞
にゅーもしすちすはいえん	ニューモシスチス肺炎	both	名詞
にゅーもしすてぃすしょう	ニューモシスティス症	ime	名詞
にゅーもしすてぃすはいえん	ニューモシスティス肺炎	ime	名詞
にゅーもばっくす	ニューモバックス	ime	名詞
にゅーれぷちるさいりゅう	ニューレプチル細粒	ime	名詞
にゅーろとろふぃん	ニューロトロフィン	mac	名詞
にゅーろのふぁじあ	ニューロノファジア	mac	名詞
にゅーろぱちーせいかんせつえん	ニューロパチー性関節炎	ime	名詞
にゅーろらいとだいいち	ニューロライト第一	ime	名詞
にゅーろんし	ニューロン死	mac	名詞
にゆうどう	2誘導	ime	名詞
にゆうどう	II誘導	ime	名詞
にゆうどう	Ⅱ誘導	mac	名詞
にょう	尿	ime	名詞
にょういせっぱく	尿意切迫	mac	名詞
にょういせっぱくひんにょうしょうこうぐん	尿意切迫頻尿症候群	mac	名詞
にょういっしゅつ	尿溢出	ime	名詞
にょういっぱん	尿一般	ime	名詞
にょういひんすう	尿意頻数	ime	名詞
にょううったい	尿うっ滞	ime	名詞
にょうかん	尿管	ime	名詞
にょうかんあくせいしゅよう	尿管悪性腫瘍	ime	名詞
にょうかんあくせいしんせいぶつ	尿管悪性新生物	ime	名詞
にょうかんえん	尿管炎	ime	名詞
にょうかんかいこういじょう	尿管開口異常	ime	名詞
にょうかんかくちょうしょう	尿管拡張症	ime	名詞
にょうかんかてーてるほう	尿管カテーテル法	ime	名詞
にょうかんかんせん	尿管感染	ime	名詞
にょうかんが	尿管芽	mac	名詞
にょうかんがいしょう	尿管外傷	ime	名詞
にょうかんがん	尿管癌	ime	名詞
にょうかんきけい	尿管奇形	ime	名詞
にょうかんきょうさく	尿管狭窄	ime	名詞
にょうかんきょうさくしょう	尿管狭窄症	ime	名詞
にょうかんきょうさくをともなうすいじんしょう	尿管狭窄を伴う水腎症	ime	名詞
にょうかんぎゃくりゅう	尿管逆流	ime	名詞
にょうかんくっきょく	尿管屈曲	ime	名詞
にょうかんけいしつ	尿管憩室	ime	名詞
にょうかんけっかく	尿管結核	ime	名詞
にょうかんけっせき	尿管結石	ime	名詞
にょうかんけっせきしょう	尿管結石症	ime	名詞
にょうかんけっせきせいへいそく	尿管結石性閉塞	ime	名詞
にょうかんけっせきせいへいそくをともなうすいじんしょう	尿管結石性閉塞を伴う水腎症	ime	名詞
にょうかんけっそん	尿管欠損	ime	名詞
にょうかんこう	尿管口	mac	名詞
にょうかんこうけいせいしゅじゅつ	尿管口形成手術	ime	名詞
にょうかんこうぶぼうこうがん	尿管口部膀胱癌	ime	名詞
にょうかんざしょう	尿管挫傷	ime	名詞
にょうかんしゅういのうよう	尿管周囲膿瘍	ime	名詞
にょうかんしゅよう	尿管腫瘍	ime	名詞
にょうかんじょうみゃくりゅう	尿管静脈瘤	ime	名詞
にょうかんじんういこうぶへいそく	尿管腎盂移行部閉塞	ime	名詞
にょうかんじんういこうぶへいそくをともなうすいじんしょ	尿管腎盂移行部閉塞を伴う水腎症	ime	名詞
にょうかんすてんとこうかんごじんうじんえん	尿管ステント交換後腎盂腎炎	ime	名詞
にょうかんすてんとせっと	尿管ステントセット	ime	名詞
にょうかんすてんとばっきょ	経尿道的尿管ステント抜去術	ime	名詞
にょうかんすてんとりゅうち	経尿道的尿管ステント留置術	ime	名詞
にょうかんすてんとりゅうちじょうたい	尿管ステント留置状態	ime	名詞
にょうかんせっせきじゅつ	尿管切石術	ime	名詞
にょうかんせっせきじゅつごかんせんしょう	尿管切石術後感染症	ime	名詞
にょうかんそんしょう	尿管損傷	both	名詞
にょうかんだんれつ	尿管断裂	ime	名詞
にょうかんちつろう	尿管腟瘻	ime	名詞
にょうかんちつろう	尿管膣瘻	ime	名詞
にょうかんちつろうへいさじゅつ	尿管腟瘻閉鎖術	ime	名詞
にょうかんちょうふんごうじゅつ	尿管腸吻合術	ime	名詞
にょうかんちょうぼうこうふんごうじ	尿管腸膀胱吻合術	ime	名詞
にょうかんちょうろう	尿管腸瘻	ime	名詞
にょうかんちょうろうへいさじゅつ	尿管腸瘻閉鎖術	ime	名詞
にょうかんつうかしょうがい	尿管通過障害	ime	名詞
にょうかんないいぶつ	尿管内異物	ime	名詞
にょうかんにゅうとうしゅ	尿管乳頭腫	ime	名詞
にょうかんにょうかんふんごうじゅつ	尿管尿管吻合術	ime	名詞
にょうかんにょうろじょうひがん	尿管尿路上皮癌	ime	名詞
にょうかんはくりじゅつ	尿管剥離術	ime	名詞
にょうかんはれつ	尿管破裂	ime	名詞
にょうかんひふろう	尿管皮膚瘻	ime	名詞
にょうかんひふろうぞうせつじゅつ	尿管皮膚瘻造設術	ime	名詞
にょうかんひふろうへいさじゅつ	尿管皮膚瘻閉鎖術	ime	名詞
にょうかんへいそく	尿管閉塞	both	名詞
にょうかんへんい	尿管偏位	ime	名詞
にょうかんべん	尿管弁	ime	名詞
にょうかんぼうこういこうぶ	尿管膀胱移行部	mac	名詞
にょうかんぼうこういこうぶきょうさく	尿管膀胱移行部狭窄	ime	名詞
にょうかんぼうこういこうぶきょうさくしょう	尿管膀胱移行部狭窄症	ime	名詞
にょうかんぼうこうふんごうじゅつ	尿管膀胱吻合術	ime	名詞
にょうかんぽりーぷ	尿管ポリープ	ime	名詞
にょうかんりゅう	尿管瘤	both	名詞
にょうかんりょうせいしゅよう	尿管良性腫瘍	ime	名詞
にょうかんれっしょう	尿管裂傷	ime	名詞
にょうかんろう	尿管瘻	ime	名詞
にょうかんろうかいこうぶ	尿管瘻開口部	ime	名詞
にょうきんせい	尿禁制	mac	名詞
にょうけつせい	尿血性	ime	名詞
にょうこんだく	尿混濁	ime	名詞
にょうさいかん	尿細管	mac	名詞
にょうさいかんえし	尿細管壊死	mac	名詞
にょうさいかんかんしつせいじんえん	尿細管間質性腎炎	ime	名詞
にょうさいかんしっかん	尿細管疾患	mac	名詞
にょうさいかんせい	尿細管性	ime	名詞
にょうさいかんせいあしどーしす	尿細管性アシドーシス	both	名詞
にょうさいかんせいたんぱくにょう	尿細管性蛋白尿	ime	名詞
にょうさいぼうしん	尿細胞診	mac	名詞
にょうさいぼうすうぞうか	尿細胞数増加	ime	名詞
にょうさんえん	尿酸塩	mac	名詞
にょうさんえんけっしょう	尿酸塩結晶	mac	名詞
にょうさんえんにょう	尿酸塩尿	ime	名詞
にょうさんえんにょうしょう	尿酸塩尿症	ime	名詞
にょうさんかくまくへんせい	尿酸角膜変性	ime	名詞
にょうさんけっしょう	尿酸結晶	mac	名詞
にょうしけんしほう	尿試験紙法	mac	名詞
にょうしっきん	尿失禁	ime	名詞
にょうしっきんこらーげんちゅうにゅうし	尿失禁コラーゲン注入手術	ime	名詞
にょうしっきんしゅじゅつ	尿失禁手術	ime	名詞
にょうしっきんしょう	尿失禁症	ime	名詞
にょうしんとうあつ	尿浸透圧	mac	名詞
にょうせい	尿勢	both	名詞
にょうせいしょくかくまく	尿生殖隔膜	mac	名詞
にょうせいしょくかんまく	尿生殖間膜	mac	名詞
にょうせいしょくてい	尿生殖堤	mac	名詞
にょうせいしょくどう	尿生殖洞	mac	名詞
にょうせいしょく３かく	尿生殖三角	mac	名詞
にょうせいふくすい	尿性腹水	ime	名詞
にょうせいふくまくえん	尿性腹膜炎	ime	名詞
にょうせんけつ	尿潜血	ime	名詞
にょうせんさいしょう	尿線細小	mac	名詞
にょうせんだんれつ	尿線断裂	ime	名詞
にょうせんとぜつ	尿線途絶	mac	名詞
にょうせんびじゃく	尿線微弱	ime	名詞
にょうぜい	尿勢	ime	名詞
にょうそ	尿素	ime	名詞
にょうそこきしけん	尿素呼気試験	both	名詞
にょうそこきしんだん	尿素呼気診断	mac	名詞
にょうそさいくるいじょうしょう	尿素サイクル異常症	ime	名詞
にょうたんぱく	尿蛋白	mac	名詞
にょうたんぱくせんたくしすう	尿蛋白選択指数	ime	名詞
にょうたんぱくめんえきでんきえいど	尿蛋白免疫電気泳動	ime	名詞
にょうちゅう	尿中	ime	名詞
にょうちゅう17-けとすてろいどじょうしょう	尿中17-ケトステロイド上昇	ime	名詞
にょうちゅうBTA	尿中BTA	ime	名詞
にょうちゅうNMP22	尿中NMP22	ime	名詞
にょうちゅういんどーるさくさんじょうしょう	尿中インドール酢酸上昇	ime	名詞
にょうちゅうえっちしーじーべーたこあていりょう	尿中HCGβコア定量	ime	名詞
にょうちゅうえんちゅう	尿中円柱	ime	名詞
にょうちゅうかてこらみんじょうしょう	尿中カテコラミン上昇	ime	名詞
にょうちゅうかてこらみん５ぶんかく	尿中カテコラミン5分画	mac	名詞
にょうちゅうこうげん	尿中抗原	mac	名詞
にょうちゅうさいとけらちんはちさいとけらち	尿中サイトケラチン8・サイトケラチン18総量	ime	名詞
にょうちゅうじゅうきんぞくちじょうしょう	尿中重金属値上昇	ime	名詞
にょうちゅうすてろいどじょうしょう	尿中ステロイド上昇	ime	名詞
にょうちゅうでおきしぴりじのりん	尿中デオキシピリジノリン	ime	名詞
にょうちゅうとうぶんせき	尿中糖分析	ime	名詞
にょうちゅうのくけとすてろいどじょうしょう	尿中ノクケトステロイド上昇	ime	名詞
にょうちゅうはいえんきゅうきんきょうまく	尿中肺炎球菌莢膜抗原	ime	名詞
にょうちゅうはいえんきゅうきんこうげん	尿中肺炎球菌抗原	ime	名詞
にょうちゅうはいせつ	尿中排泄	mac	名詞
にょうちゅうはいせつしょう	尿中排泄量	mac	名詞
にょうちゅうへもふぃるすいんふるえんざ	尿中ヘモフィルスインフルエンザb型抗原	ime	名詞
にょうちゅうべーたくろすらぷす	尿中βクロスラプス	ime	名詞
にょうちゅうゆうりがた	尿中遊離型	ime	名詞
にょうちゅうゆうりがたふこーす	尿中遊離型フコース	ime	名詞
にょうちゅうりゅうさんほうごうがたた	尿中硫酸抱合型胆汁酸	ime	名詞
にょうちゅうりょう	尿中量	mac	名詞
にょうちゅうれじおねらこうげん	尿中レジオネラ抗原	ime	名詞
にょうちょくちょうちゅうかく	尿直腸中隔	mac	名詞
にょうちんさ	尿沈渣	both	名詞
にょうてねすむす	尿テネスムス	ime	名詞
にょうとう	尿糖	ime	名詞
にょうとういんせい	尿糖陰性	mac	名詞
にょうとうようせい	尿糖陽性	mac	名詞
にょうどう	尿道	both	名詞
にょうどうあくせいしゅようてきしゅつし	尿道悪性腫瘍摘出術	ime	名詞
にょうどうあくせいしんせいぶつ	尿道悪性新生物	ime	名詞
にょうどうあつそくていず	尿道圧測定図	ime	名詞
にょうどういぶつ	尿道異物	ime	名詞
にょうどういん	尿道陰	ime	名詞
にょうどういんのうろう	尿道陰嚢瘻	ime	名詞
にょうどうえいんろう	尿道会陰瘻	ime	名詞
にょうどうえん	尿道炎	both	名詞
にょうどうかいめんたい	尿道海綿体	mac	名詞
にょうどうかいめんたいぶ	尿道海綿体部	mac	名詞
にょうどうかくちょうほう	尿道拡張法	ime	名詞
にょうどうかくまくぶ	尿道隔膜部	mac	名詞
にょうどうかつやくきん	尿道括約筋	mac	名詞
にょうどうかるんくる	尿道カルンクル	ime	名詞
にょうどうかれつ	尿道下裂	both	名詞
にょうどうかれつけいせいしゅじゅつ	尿道下裂形成手術	ime	名詞
にょうどうがいしょう	尿道外傷	ime	名詞
にょうどうがん	尿道癌	ime	名詞
にょうどうきゅう	尿道球	mac	名詞
にょうどうきゅうせんけっかく	尿道球腺結核	ime	名詞
にょうどうきょう	尿道狭	ime	名詞
にょうどうきょう	尿道鏡	mac	名詞
にょうどうきょうさく	尿道狭窄	both	名詞
にょうどうきょうさくかくちょうじゅつ	尿道狭窄拡張術	ime	名詞
にょうどうきょうさくしょう	尿道狭窄症	ime	名詞
にょうどうきょうさくないしきょうしゅし	尿道狭窄内視鏡手術	ime	名詞
にょうどうけいしつ	尿道憩室	ime	名詞
にょうどうけいしつえん	尿道憩室炎	ime	名詞
にょうどうけいれん	尿道痙攣	ime	名詞
にょうどうけっかく	尿道結核	ime	名詞
にょうどうけっせき	尿道結石	ime	名詞
にょうどうけっせきかんとん	尿道結石嵌頓	ime	名詞
にょうどうけっせきしょう	尿道結石症	ime	名詞
にょうどうこう	尿道口	ime	名詞
にょうどうこう	尿道溝	mac	名詞
にょうどうこうえん	尿道口炎	ime	名詞
にょうどうこうきょうさくしょう	尿道口狭窄	ime	名詞
にょうどうこうのうよう	尿道口膿瘍	ime	名詞
にょうどうこうびらん	尿道口びらん	ime	名詞
にょうどうしゅういえん	尿道周囲炎	ime	名詞
にょうどうしゅういしゅよう	尿道周囲腫瘍	ime	名詞
にょうどうしゅういのうよう	尿道周囲膿瘍	ime	名詞
にょうどうしゅういのうようせっかいじ	尿道周囲膿瘍切開術	ime	名詞
にょうどうしゅっけつ	尿道出血	ime	名詞
にょうどうしゅよう	尿道腫瘍	both	名詞
にょうどうしゅりゅう	尿道腫瘤	ime	名詞
にょうどうしょうこうぐん	尿道症候群	ime	名詞
にょうどうじょうみゃくりゅう	尿道静脈瘤	ime	名詞
にょうどうじょうれつ	尿道上裂	both	名詞
にょうどうじょうれつけいせいしゅじ	尿道上裂形成手術	ime	名詞
にょうどうすてんと	尿道ステント	ime	名詞
にょうどうすてんとぜんりつせんぶに	尿道ステント前立腺部尿道拡張術	ime	名詞
にょうどうすてんとりゅうちじょうたい	尿道ステント留置状態	ime	名詞
にょうどうせいぶんぴぶつ	尿道性分泌物	ime	名詞
にょうどうせん	尿道腺	mac	名詞
にょうどうせんてんいじょう	尿道先天異常	ime	名詞
にょうどうぜんりつせんぶ	尿道前立腺部	mac	名詞
にょうどうそんしょう	尿道損傷	both	名詞
にょうどうたんしゅくしょう	尿道短縮症	ime	名詞
にょうどうだつ	尿道脱	ime	名詞
にょうどうだんれつ	尿道断裂	ime	名詞
にょうどうちつろう	尿道腟瘻	ime	名詞
にょうどうちょくちょうろう	尿道直腸瘻	ime	名詞
にょうどうつう	尿道痛	ime	名詞
にょうどうないいぶつ	尿道内異物	ime	名詞
にょうどうにゅうとうしゅ	尿道乳頭腫	ime	名詞
にょうどうにょうろじょうひがん	尿道尿路上皮癌	ime	名詞
にょうどうねんまくだっしゅつしょう	尿道粘膜脱出症	ime	名詞
にょうどうのうよう	尿道膿瘍	ime	名詞
にょうどうはれつ	尿道破裂	ime	名詞
にょうどうばん	尿道板	mac	名詞
にょうどうひだ	尿道ヒダ	mac	名詞
にょうどうひふろう	尿道皮膚瘻	ime	名詞
にょうどうぶんぴつぶつ	尿道分泌物	ime	名詞
にょうどうへいかつきん	尿道平滑筋	mac	名詞
にょうどうへいさ	尿道閉鎖	ime	名詞
にょうどうへいさしょう	尿道閉鎖症	ime	名詞
にょうどうへいそく	尿道閉塞	ime	名詞
にょうどうべん	尿道弁	mac	名詞
にょうどうぼうせん	尿道傍腺	both	名詞
にょうどうぼうせんのあくせいしゅよう	尿道傍腺の悪性腫瘍	ime	名詞
にょうどうぽりーぷ	尿道ポリープ	ime	名詞
にょうどうりょうせいしゅよう	尿道良性腫瘍	ime	名詞
にょうどうれっしょう	尿道裂傷	ime	名詞
にょうどうろう	尿道漏	ime	名詞
にょうどうろう	尿道瘻	ime	名詞
にょうどうろうかいこうぶ	尿道瘻開口部	ime	名詞
にょうどくしょう	尿毒症	ime	名詞
にょうどくしょうせい	尿毒症性	ime	名詞
にょうどくしょうせいしんきんしょう	尿毒症性心筋症	ime	名詞
にょうどくしょうせいしんまくえん	尿毒症性心膜炎	ime	名詞
にょうどくしょうせいたはつせい	尿毒症性多発性	ime	名詞
にょうどくしょうせいたはつせいにゅーろぱちー	尿毒症性多発性ニューロパチー	ime	名詞
にょうどくしょうせいにゅーろぱちー	尿毒症性ニューロパチー	ime	名詞
にょうどくしょうせいのうしょう	尿毒症性脳症	ime	名詞
にょうどくしょうはい	尿毒症肺	ime	名詞
にょうのうしゅくしけん	尿濃縮試験	ime	名詞
にょうのうしゅくしょうがい	尿濃縮障害	mac	名詞
にょうのおうせん	尿の黄染	mac	名詞
にょうはいせつしょうがい	尿排泄障害	mac	名詞
にょうばいようしょけんようせい	尿培養所見陽性	ime	名詞
にょうへい	尿閉	both	名詞
にょうほうしょう	尿崩症	both	名詞
にょうぼうこうしんけいしょう	尿膀胱神経症	ime	名詞
にょうまく	尿膜	mac	名詞
にょうまくかん	尿膜管	both	名詞
にょうまくかんいじょう	尿膜管異常	ime	名詞
にょうまくかんかいぞんしょう	尿膜管開存症	ime	名詞
にょうまくかんがん	尿膜管癌	ime	名詞
にょうまくかんちょうかんけいしつ	尿膜管-腸管憩室	mac	名詞
にょうまくかんてきしゅつじゅつ	尿膜管摘出術	ime	名詞
にょうまくかんどう	尿膜管洞	mac	名詞
にょうまくかんのうほう	尿膜管嚢胞	both	名詞
にょうまくかんのうよう	尿膜管膿瘍	ime	名詞
にょうまくかんのきけい	尿膜管の奇形	ime	名詞
にょうまくかんろう	尿膜管瘻	mac	名詞
にょうりゅう	尿流	ime	名詞
にょうりゅうそくてい	尿流測定	mac	名詞
にょうろ	尿路	ime	名詞
にょうろう	尿漏	mac	名詞
にょうろえん	尿路炎	ime	名詞
にょうろかくちょうようかてーてる	尿路拡張用カテーテル	ime	名詞
にょうろかんじだしょう	尿路カンジダ症	ime	名詞
にょうろかんせん	尿路感染	both	名詞
にょうろかんせんしょう	尿路感染症	both	名詞
にょうろきけい	尿路奇形	ime	名詞
にょうろけっかく	尿路結核	ime	名詞
にょうろけっせき	尿路結石	both	名詞
にょうろけっせきしょう	尿路結石症	both	名詞
にょうろけっせきはさいそうちようぴんは	尿路結石破砕装置用ピンハンマー	ime	名詞
にょうろしょうがい	尿路障害	ime	名詞
にょうろじょうひがん	尿路上皮癌	mac	名詞
にょうろすとーまかてーてるこうかんほう	尿路ストーマカテーテル交換法	ime	名詞
にょうろすとーましゅういひふえん	尿路ストーマ周囲皮膚炎	ime	名詞
にょうろせいき	尿路性器	ime	名詞
にょうろせいきがいしょう	尿路性器外傷	mac	名詞
にょうろせいきとりこもなすしょう	尿路性器トリコモナス症	ime	名詞
にょうろせいきないいぶつ	尿路性器内異物	ime	名詞
にょうろせいきはえようちゅうしょう	尿路性器はえ幼虫症	ime	名詞
にょうろそんしょう	尿路損傷	ime	名詞
にょうろないいぶつ	尿路内異物	ime	名詞
にょうろのいしょくへんのきかいてきがっぺいしょう	尿路の移植片の機械的合併症	ime	名詞
にょうろへいそく	尿路閉塞	ime	名詞
にょうろへんこう	尿路変向	mac	名詞
にょうろへんこうじゅつ	尿路変向術	mac	名詞
にょじんさん	女神散	ime	名詞
にようべん	二葉弁	mac	名詞
にらんせいそうたい	二卵性双胎	mac	名詞
にらんせいそうたいぶんべん	二卵性双胎分娩	ime	名詞
にりゅうかたんそ	二硫化炭素	both	名詞
にりゅうかたんそのどくさよう	二硫化炭素の毒作用	ime	名詞
にりょうたい	二量体	mac	名詞
にるいかんせんしょう	二類感染症	both	名詞
にるばじぴん	ニルバジピン	ime	名詞
にろちにぶ	ニロチニブ	mac	名詞
にんいにゅういん	任意入院	mac	名詞
にんいよぼうせっしゅ	任意予防接種	mac	名詞
にんぎょうようがんぼう	人形様顔貌	mac	名詞
にんぎょたい	人魚体	mac	名詞
にんぎょたいしょうこうぐん	人魚体症候群	ime	名詞
にんさんぷべんぴ	妊産婦便秘	ime	名詞
にんしん	妊娠	ime	名詞
にんしんおうだん	妊娠黄疸	ime	名詞
にんしんおそ	妊娠悪阻	both	名詞
にんしんかん	妊娠肝	ime	名詞
にんしんき	妊娠期	ime	名詞
にんしんきかん	妊娠期間	ime	名詞
にんしんきかんにひかくしてていたいじゅう	妊娠期間に比較して低体重	ime	名詞
にんしんきこうじょうせんちゅうどくしょう	妊娠期甲状腺中毒症	mac	名詞
にんしんきしんぞうがっぺいしょう	妊娠期心臓合併症	ime	名詞
にんしんきせいしんびょう	妊娠期精神病	ime	名詞
にんしんきにこちんいぞんしょう	妊娠期ニコチン依存症	ime	名詞
にんしんきのうけっかんしっかんがっぺいしょう	妊娠期脳血管疾患合併症	ime	名詞
にんしんこうきおうと	妊娠後期嘔吐	ime	名詞
にんしんこうけつあつ	妊娠高血圧	mac	名詞
にんしんこうけつあつしょう	妊娠高血圧症	ime	名詞
にんしんこうけつあつしょうこうぐん	妊娠高血圧症候群	both	名詞
にんしんこうけつあつじんしょう	妊娠高血圧腎症	both	名詞
にんしんこうけつあつもうまくしょう	妊娠高血圧網膜症	ime	名詞
にんしんしかん	妊娠子癇	ime	名詞
にんしんしきゅう	妊娠子宮	mac	名詞
にんしんしきゅうかんとんひかんけつてきせ	妊娠子宮嵌頓非観血的整復法	ime	名詞
にんしんしきゅうてきしゅつじゅつ	妊娠子宮摘出術	ime	名詞
にんしんしっしん	妊娠湿疹	ime	名詞
にんしんしょき	妊娠初期	ime	名詞
にんしんしょきのしゅっけつ	妊娠初期の出血	ime	名詞
にんしんしんけいえん	妊娠神経炎	ime	名詞
にんしんじげっけいようしゅっけつ	妊娠時月経様出血	ime	名詞
にんしんじしゅっけつ	妊娠時出血	ime	名詞
にんしんじぶとうびょう	妊娠時舞踏病	ime	名詞
にんしんじん	妊娠腎	ime	名詞
にんしんせい	妊娠性	ime	名詞
にんしんせいえぷーりす	妊娠性エプーリス	ime	名詞
にんしんせいおうだん	妊娠性黄疸	ime	名詞
にんしんせいかのうせいにゅうせんえん	妊娠性化膿性乳腺炎	ime	名詞
にんしんせいかんしつせいにゅうせんえん	妊娠性間質性乳腺炎	ime	名詞
にんしんせいかんはん	妊娠性肝斑	ime	名詞
にんしんせいかんぼつにゅうとう	妊娠性陥没乳頭	ime	名詞
にんしんせいきゅうせいしぼうかん	妊娠性急性脂肪肝	ime	名詞
にんしんせいしにくえん	妊娠性歯肉炎	ime	名詞
にんしんせいしんけいえん	妊娠性神経炎	ime	名詞
にんしんせいじっしつせいにゅうせんえん	妊娠性実質性乳腺炎	ime	名詞
にんしんせいじょうみゃくえん	妊娠性静脈炎	ime	名詞
にんしんせいじょうみゃくけっせんしょう	妊娠性静脈血栓症	ime	名詞
にんしんせいじょうみゃくりゅう	妊娠性静脈瘤	ime	名詞
にんしんせいたはつしんけいえん	妊娠性多発神経炎	ime	名詞
にんしんせいてつけつぼうせいひんけつ	妊娠性鉄欠乏性貧血	ime	名詞
にんしんせいとうにょうびょう	妊娠性糖尿病	ime	名詞
にんしんせいにゅうせんえん	妊娠性乳腺炎	ime	名詞
にんしんせいにゅうとうきれつ	妊娠性乳頭亀裂	ime	名詞
にんしんせいにゅうとうのうよう	妊娠性乳頭膿瘍	ime	名詞
にんしんせいにゅうぼう	妊娠性乳房	ime	名詞
にんしんせいにゅうぼうのうよう	妊娠性乳房膿瘍	ime	名詞
にんしんせいにゅうぼうりんぱかんえん	妊娠性乳房リンパ管炎	ime	名詞
にんしんせいにゅうりんかのうよう	妊娠性乳輪下膿瘍	ime	名詞
にんしんせいのすいじゃくおよびひろう	妊娠性の衰弱および疲労	ime	名詞
にんしんせいはんぷくせいおうだん	妊娠性反復性黄疸	ime	名詞
にんしんせいへるぺす	妊娠性ヘルペス	ime	名詞
にんしんせいほうしん	妊娠性疱疹	both	名詞
にんしんせいまっしょうしんけいえん	妊娠性末梢神経炎	ime	名詞
にんしんせいようさんけつぼうせいひんけつ	妊娠性葉酸欠乏性貧血	ime	名詞
にんしんせいようしん	妊娠性痒疹	both	名詞
にんしんせん	妊娠線	mac	名詞
にんしんぜんき	妊娠前期	mac	名詞
にんしんたんぱくにょう	妊娠蛋白尿	ime	名詞
にんしんちゅう	妊娠中	ime	名詞
にんしんちゅういっかせいこうけつあつしょう	妊娠中一過性高血圧症	ime	名詞
にんしんちゅううつじょうたい	妊娠中うつ状態	ime	名詞
にんしんちゅうかんしょうがい	妊娠中肝障害	ime	名詞
にんしんちゅうかんぼう	妊娠中感冒	ime	名詞
にんしんちゅうきかんしえん	妊娠中気管支炎	ime	名詞
にんしんちゅうこきゅうきがっぺいしょう	妊娠中呼吸器合併症	ime	名詞
にんしんちゅうごえんせいはいぞうえん	妊娠中誤嚥性肺臓炎	ime	名詞
にんしんちゅうしゅっけつ	妊娠中出血	ime	名詞
にんしんちゅうぜつ	妊娠中絶	ime	名詞
にんしんちゅうどくしょう	妊娠中毒症	both	名詞
にんしんちゅうどくもうまくしょう	妊娠中毒網膜症	ime	名詞
にんしんちゅうのいざんしたしきゅうないひにんきぐ	妊娠中の遺残した子宮内避妊器具	ime	名詞
にんしんちゅうのえいようしっちょうしょう	妊娠中の栄養失調症	ime	名詞
にんしんちゅうのえいんじょうみゃくりゅう	妊娠中の会陰静脈瘤	ime	名詞
にんしんちゅうのおうだん	妊娠中の黄疸	ime	名詞
にんしんちゅうのかしけっせんせいじょうみゃくえん	妊娠中の下肢血栓性静脈炎	ime	名詞
にんしんちゅうのがいいんじょうみゃくりゅう	妊娠中の外陰静脈瘤	ime	名詞
にんしんちゅうのきょくしょますいにたいするちゅうどくは	妊娠中の局所麻酔に対する中毒反応	ime	名詞
にんしんちゅうのしきゅうけいかんえん	妊娠中の子宮頚管炎	ime	名詞
にんしんちゅうのしきゅうないかんせん	妊娠中の子宮内感染	ime	名詞
にんしんちゅうのしんざいじょうみゃくけっせんしょう	妊娠中の深在静脈血栓症	ime	名詞
にんしんちゅうのじかく	妊娠中の痔核	ime	名詞
にんしんちゅうのじんかんせんしょう	妊娠中の腎感染症	ime	名詞
にんしんちゅうのせいきかんせんしょう	妊娠中の性器感染症	ime	名詞
にんしんちゅうのせいきのじょうみゃくりゅう	妊娠中の性器の静脈瘤	ime	名詞
にんしんちゅうのそうかんこんなん	妊娠中の挿管困難	ime	名詞
にんしんちゅうのそうかんふせいこう	妊娠中の挿管不成功	ime	名詞
にんしんちゅうのたいじゅうかじょうぞうか	妊娠中の体重過剰増加	ime	名詞
にんしんちゅうのたいじゅうぞうかふりょう	妊娠中の体重増加不良	ime	名詞
にんしんちゅうのたいとうのうていか	妊娠中の耐糖能低下	ime	名詞
にんしんちゅうのちつじょうみゃくりゅう	妊娠中の腟静脈瘤	ime	名詞
にんしんちゅうのとうにょうびょう	妊娠中の糖尿病	ime	名詞
にんしんちゅうのにょうどうかんせんしょう	妊娠中の尿道感染症	ime	名詞
にんしんちゅうのにょうろせいきかんせんしょう	妊娠中の尿路性器感染症	ime	名詞
にんしんちゅうののうじょうみゃくけっせんしょう	妊娠中の脳静脈血栓症	ime	名詞
にんしんちゅうのはいのあっぱくせいきょだつ	妊娠中の肺の圧迫性虚脱	ime	名詞
にんしんちゅうのぼうこうかんせんしょう	妊娠中の膀胱感染症	ime	名詞
にんしんちゅうのますいがっぺいしょう	妊娠中の麻酔合併症	ime	名詞
にんしんちゅうのますいによるしんていし	妊娠中の麻酔による心停止	ime	名詞
にんしんちゅうのますいによるしんふぜん	妊娠中の麻酔による心不全	ime	名詞
にんしんちゅうのますいによるのうむさんそしょう	妊娠中の麻酔による脳無酸素症	ime	名詞
にんしんちゅうのむしょうこうせいさいきんにょう	妊娠中の無症候性細菌尿	ime	名詞
にんしんちゅうふうしんかんせん	妊娠中風疹感染	ime	名詞
にんしんちゅうめんでるそんしょうこうぐん	妊娠中メンデルソン症候群	ime	名詞
にんしんとうにょうびょう	妊娠糖尿病	both	名詞
にんしんとうにょうびょうぼたいじしょうこうぐん	妊娠糖尿病母体児症候群	ime	名詞
にんしんにょうとう	妊娠尿糖	mac	名詞
にんしんひんけつ	妊娠貧血	ime	名詞
にんしんひんけつしょう	妊娠貧血症	ime	名詞
にんしんふしゅ	妊娠浮腫	ime	名詞
にんしんまん	妊娠満	ime	名詞
にんじん	ニンジン	ime	名詞
にんじんとう	人参湯	both	名詞
にんじんようえいとう	人参養栄湯	ime	名詞
にんちきのうけんさしんり	認知機能検査心理	ime	名詞
にんちきのうしょうがい	認知機能障害	mac	名詞
にんちしょう	認知症	both	名詞
にんちしょうにかさなったせんもう	認知症に重なったせん妄	ime	名詞
にんちしょうにかさならないせんもう	認知症に重ならないせん妄	ime	名詞
にんちてきへんか	認知的変化	mac	名詞
にんちゅう	人中	mac	名詞
にんちりょうほう	認知療法	mac	名詞
にんどう	ニンドウ	ime	名詞
にんぷけんこうしんさ	妊婦健康診査	mac	名詞
にんぷけんしん	妊婦健診	mac	名詞
にんぷしっしん	妊婦湿疹	ime	名詞
にんぷせいかんはん	妊婦性肝斑	ime	名詞
にんぷせいひふえん	妊婦性皮膚炎	ime	名詞
にんぷばいどく	妊婦梅毒	ime	名詞
にんぷひんけつ	妊婦貧血	ime	名詞
にんようせい	妊孕性	mac	名詞
にんようせいるいかんがんしょうこうぐん	妊よう性類宦官症候群	ime	名詞
にんらん	妊卵	ime	名詞
にーまんてんぴっくびょうAがた	ニーマン・ピック病A型	ime	名詞
にーまんてんぴっくびょうBがた	ニーマン・ピック病B型	ime	名詞
にーまんてんぴっくびょうCがた	ニーマン・ピック病C型	ime	名詞
にーまんぴっくびょう	Niemann-Pick病	ime	名詞
にーまんぴっくびょう	ニーマン・ピック病	ime	名詞
ぬきうちぞう	抜き打ち像	mac	名詞
ぬくれあーぜ	ヌクレアーゼ	mac	名詞
ぬくれおそーむ	ヌクレオソーム	mac	名詞
ぬくれおちどさ	ヌクレオチド鎖	mac	名詞
ぬっくかんすいしゅ	ヌック管水腫	ime	名詞
ぬーどまうす	ヌードマウス	mac	名詞
ぬーなんしょうこうぐん	Noonan症候群	ime	名詞
ぬーなんしょうこうぐん	ヌーナン症候群	ime	名詞
ねあせ	寝汗	ime	名詞
ねいさーとざざい	ネイサート坐剤	ime	名詞
ねおあじゅばんと	ネオアジュバント	mac	名詞
ねおあすしろっぷ	ネオアスシロップ	ime	名詞
ねおあみゆー	ネオアミユー	ime	名詞
ねおあむのーるさん	ネオアムノール散	ime	名詞
ねおあむのーるはいごうさん	ネオアムノール配合散	ime	名詞
ねおいすこちん	ネオイスコチン	ime	名詞
ねおきしてーぷ	ネオキシテープ	ime	名詞
ねおくれみーる	ネオクレミール	ime	名詞
ねおざろかいんぱすた	ネオザロカインパスタ	ime	名詞
ねおすちぐみん	ネオスチグミン	mac	名詞
ねおだるむぞる	ネオダルムゾル	ime	名詞
ねおどぱぞーる	ネオドパゾール	mac	名詞
ねおばるぎんえす	ネオバルギン	ime	名詞
ねおふぃりん	ネオフィリン	mac	名詞
ねおふぃりんげんまつ	ネオフィリン原末	ime	名詞
ねおぷろぱのーる	ネオプロパノール	ime	名詞
ねおぷろぱのーるしょうどくえき	ネオプロパノール消毒液	ime	名詞
ねおべなこんさん	ネオベナコン散	ime	名詞
ねおべのーるてんがんえき	ネオベノール点眼液	ime	名詞
ねおめるくさいりゅう	ネオメルク細粒	ime	名詞
ねおゆもーるはいごうさん	ネオ・ユモール配合散	ime	名詞
ねおゆもーるまつ	ネオ・ユモール末	ime	名詞
ねおよじんがいようえき	ネオヨジン外用液	ime	名詞
ねおよじんがーぐる	ネオヨジンガーグル	ime	名詞
ねおよじんげる	ネオヨジンゲル	ime	名詞
ねおよじんすくらぶ	ネオヨジンスクラブ	ime	名詞
ねおーらる	ネオーラル	ime	名詞
ねがてぃぶせれくしょん	ネガティブセレクション	mac	名詞
ねくろーしす	ネクローシス	mac	名詞
ねぐみんえき	ネグミン液	ime	名詞
ねぐみんがーぐる	ネグミンガーグル	ime	名詞
ねぐみんげる	ネグミンゲル	ime	名詞
ねぐみんしゅがーなんこう	ネグミンシュガー軟膏	ime	名詞
ねぐりしょうたい	ネグリ小体	mac	名詞
ねぐれくと	ネグレクト	mac	名詞
ねぐれりあしょう	ネグレリア症	ime	名詞
ねこかいちゅうしょう	ネコ回虫症	ime	名詞
ねこかんきゅうちゅうしょう	猫肝吸虫症	ime	名詞
ねここうそう	猫咬創	ime	名詞
ねこな	猫泣	ime	名詞
ねこなきしょうこうぐん	ネコ鳴き症候群	mac	名詞
ねこなきしょうこうぐん	猫泣き症候群	ime	名詞
ねこひっかきびょう	猫ひっかき病	ime	名詞
ねこひっかきびょう	猫引っ掻き病	mac	名詞
ねざーとんしょうこうぐん	ネザートン症候群	ime	名詞
ねずみちふすきんちょうえん	ネズミチフス菌腸炎	ime	名詞
ねずみちふすきんふくまくえん	ネズミチフス菌腹膜炎	ime	名詞
ねぜろふしょうこうぐん	ネゼロフ症候群	ime	名詞
ねだぷらちん	ネダプラチン	mac	名詞
ねっかん	熱感	mac	名詞
ねっくすとらっぷ	ネックストラップ	ime	名詞
ねっしゃびょう	熱射病	both	名詞
ねっしょう	熱傷	ime	名詞
ねっしょうおんよくりょうほう	熱傷温浴療法	ime	名詞
ねっしょうけっしゅ	熱傷血腫	mac	名詞
ねっしょうご	熱傷後	ime	名詞
ねっしょうごけろいど	熱傷後ケロイド	ime	名詞
ねっしょうごはんこん	熱傷後瘢痕	ime	名詞
ねっしょうごはんこんけろいど	熱傷後瘢痕ケロイド	ime	名詞
ねっしょうごはんこんけろいどかいよう	熱傷後瘢痕ケロイド潰瘍	ime	名詞
ねっしょうごはんこんけろいどこうしゅく	熱傷後瘢痕ケロイド拘縮	ime	名詞
ねっしょうごはんこんこうしゅく	熱傷後瘢痕拘縮	ime	名詞
ねっしょうし	熱傷死	mac	名詞
ねっしょうしすう	熱傷指数	mac	名詞
ねっしょうしょっく	熱傷ショック	ime	名詞
ねっしょうしょっくき	熱傷ショック期	mac	名詞
ねっしょうしんど	熱傷深度	mac	名詞
ねっしょうせいきんこつかしょう	熱傷性筋骨化症	ime	名詞
ねっしょうせいけろいど	熱傷性ケロイド	ime	名詞
ねっしょうせいはんこん	熱傷性瘢痕	ime	名詞
ねっしょうせいひこうせいはんこん	熱傷性肥厚性瘢痕	ime	名詞
ねっしょうはんこん	熱傷瘢痕	ime	名詞
ねっしょうはんこんがん	熱傷瘢痕癌	mac	名詞
ねっしょうはんこんけろいど	熱傷瘢痕ケロイド	ime	名詞
ねっしょうひだいはんこん	熱傷肥大瘢痕	ime	名詞
ねっしょうめんせき	熱傷面積	mac	名詞
ねっせい	熱性	ime	名詞
ねっせいきょだつ	熱性虚脱	ime	名詞
ねっせいけいれん	熱性けいれん	mac	名詞
ねっせいけいれん	熱性痙攣	ime	名詞
ねっせいこうちゅうきゅうせいひふしょう	熱性好中球性皮膚症	ime	名詞
ねっせいしっしん	熱性失神	ime	名詞
ねっせいたんぱくにょう	熱性蛋白尿	ime	名詞
ねっせいふしゅ	熱性浮腫	ime	名詞
ねったいしまか	熱帯シマカ	mac	名詞
ねったいせい	熱帯性	ime	名詞
ねったいせいかいよう	熱帯性潰瘍	ime	名詞
ねったいせいかんしん	熱帯性汗疹	ime	名詞
ねったいせいざそう	熱帯性ざ瘡	ime	名詞
ねったいせいすぷるー	熱帯性スプルー	both	名詞
ねったいせいはいこうさんきゅうぞうたしょう	熱帯性肺好酸球増多症	ime	名詞
ねったいねつ	熱帯熱	ime	名詞
ねったいねつまらりあ	熱帯熱マラリア	ime	名詞
ねったいへんぺいたいせん	熱帯扁平苔癬	ime	名詞
ねっちゅうしょう	熱中症	both	名詞
ねっとうねっしょう	熱湯熱傷	mac	名詞
ねっぱつ	熱発	mac	名詞
ねつきしゃくほう	熱希釈法	mac	名詞
ねつけいれん	熱痙攣	both	名詞
ねつこうちょく	熱硬直	mac	名詞
ねつさよう	熱作用	mac	名詞
ねつさんせい	熱産生	mac	名詞
ねつそっちゅう	熱卒中	ime	名詞
ねつたいせい	熱耐性	mac	名詞
ねつひはい	熱疲はい	ime	名詞
ねつひはい	熱疲憊	mac	名詞
ねつひろう	熱疲労	both	名詞
ねふりん	ネフリン	mac	名詞
ねふろん	ネフロン	mac	名詞
ねふろんぶんせつ	ネフロン分節	mac	名詞
ねふろーぜ	ネフローゼ	ime	名詞
ねふろーぜしょうこうぐん	ネフローゼ症候群	both	名詞
ねふろーぜじんえん	ネフローゼ腎炎	ime	名詞
ねぶすんさん	ネブスン散	ime	名詞
ねぶらいざー	ネブライザー	ime	名詞
ねまりんみおぱちー	ネマリンミオパチー	ime	名詞
ねらいそしきしん	狙い組織診	mac	名詞
ねらとんしょうこうぐん	ネラトン症候群	ime	名詞
ねららびん	ネララビン	mac	名詞
ねりおじんざざい	ネリオジン坐剤	ime	名詞
ねりこるとざざい	ネリコルト坐剤	ime	名詞
ねりこるとなんこう	ネリコルト軟膏	ime	名詞
ねりざざざい	ネリザ坐剤	ime	名詞
ねりざなんこう	ネリザ軟膏	ime	名詞
ねりぞなくりーむ	ネリゾナクリーム	ime	名詞
ねりぞなそりゅーしょん	ネリゾナソリューション	ime	名詞
ねりぞななんこう	ネリゾナ軟膏	ime	名詞
ねりぞなゆにばーさるくりーむ	ネリゾナユニバーサルクリーム	ime	名詞
ねりだろんざざい	ネリダロン坐剤	ime	名詞
ねりぷろくとざざい	ネリプロクト坐剤	ime	名詞
ねりぷろくとなんこう	ネリプロクト軟膏	ime	名詞
ねるがーと	ネルガート	ime	名詞
ねるそんしょうこうぐん	ネルソン症候群	ime	名詞
ねるぼんさん	ネルボン散	ime	名詞
ねるろれんさいりゅう	ネルロレン細粒	ime	名詞
ねるんすとのしき	ネルンストの式	mac	名詞
ねんえきしぼうしゅ	粘液脂肪腫	ime	名詞
ねんえきしゅ	粘液腫	ime	名詞
ねんえきすいしゅ	粘液水腫	both	名詞
ねんえきすいしゅがたせんてんせい	粘液水腫型先天性	ime	名詞
ねんえきすいしゅがたせんてんせいよーどけつぼうしょうこ	粘液水腫型先天性ヨード欠乏症候群	ime	名詞
ねんえきすいしゅせいこんすい	粘液水腫性昏睡	ime	名詞
ねんえきすいしゅせいたいせん	粘液水腫性苔癬	ime	名詞
ねんえきすいしゅせいみおぱしー	粘液水腫性ミオパシー	ime	名詞
ねんえきせい	粘液性	both	名詞
ねんえきせいのうほうせんがん	粘液性嚢胞腺癌	ime	名詞
ねんえきせいびろう	粘液性鼻漏	ime	名詞
ねんえきせいらんそう	粘液性卵巣	ime	名詞
ねんえきせいらんそうのうほうせんしゅ	粘液性卵巣嚢胞腺腫	ime	名詞
ねんえきせん	粘液腺	mac	名詞
ねんえきそう	粘液層	mac	名詞
ねんえきそくせん	粘液塞栓	mac	名詞
ねんえきにゅうとうじょうじょういしゅ	粘液乳頭状上衣腫	ime	名詞
ねんえきのうえん	粘液嚢炎	ime	名詞
ねんえきのうせいけつまくえん	粘液膿性結膜炎	ime	名詞
ねんえきのうせいまんせいきかんしえん	粘液膿性慢性気管支炎	ime	名詞
ねんえきのうほう	粘液嚢胞	both	名詞
ねんえきべん	粘液便	ime	名詞
ねんえきほうえん	粘液包炎	ime	名詞
ねんえきまく	粘液膜	mac	名詞
ねんけつべん	粘血便	both	名詞
ねんざ	捻挫	both	名詞
ねんざこういしょう	捻挫後遺症	ime	名詞
ねんじゅじょうこうしょくたいせん	念珠状紅色苔癬	ime	名詞
ねんちゃくのう	粘着能	ime	名詞
ねんちょう	粘調	mac	名詞
ねんてん	捻転	both	名詞
ねんてんこっせつ	捻転骨折	mac	名詞
ねんてんし	捻転歯	ime	名詞
ねんてんじすとにあ	捻転ジストニア	both	名詞
ねんてんじすとにー	捻転ジストニー	ime	名詞
ねんぱつおん	捻髪音	mac	名詞
ねんぱつかん	捻髪感	mac	名詞
ねんまく	粘膜	ime	名詞
ねんまくえん	粘膜炎	mac	名詞
ねんまくか	粘膜下	both	名詞
ねんまくかかびこうかいこつせつじょし	粘膜下下鼻甲介骨切除術	ime	名詞
ねんまくかきんしゅ	粘膜下筋腫	mac	名詞
ねんまくかけいせい	粘膜過形成	mac	名詞
ねんまくかこうがいれつ	粘膜下口蓋裂	ime	名詞
ねんまくかしゅよう	粘膜下腫瘍	both	名詞
ねんまくかしんけいそう	粘膜下神経叢	mac	名詞
ねんまくかせん	粘膜下腺	mac	名詞
ねんまくかそう	粘膜下層	mac	名詞
ねんまくかそしき	粘膜下組織	mac	名詞
ねんまくかんじだしょう	粘膜カンジダ症	ime	名詞
ねんまくかんれんりんぱそしき	粘膜関連リンパ組織	mac	名詞
ねんまくがいきんそう	粘膜外筋層	mac	名詞
ねんまくきんばん	粘膜筋板	mac	名詞
ねんまくこゆうそう	粘膜固有層	mac	名詞
ねんまくこゆうそうないりんぱきゅう	粘膜固有層内リンパ球	mac	名詞
ねんまくしゅちょう	粘膜腫脹	mac	名詞
ねんまくしん	粘膜疹	both	名詞
ねんまくしんけいしゅ	粘膜神経腫	mac	名詞
ねんまくじょうひさいぼうかんりんぱきゅう	粘膜上皮細胞間リンパ球	mac	名詞
ねんまくせいちょくちょうけっちょうえん	粘膜性直腸結腸炎	ime	名詞
ねんまくせん	粘膜腺	mac	名詞
ねんまくないがん	粘膜内癌	mac	名詞
ねんまくはん	粘膜斑	ime	名詞
ねんまくひだ	粘膜ひだ	mac	名詞
ねんまくひふいこうぶ	粘膜皮膚移行部	mac	名詞
ねんまくひふかんじだしょう	粘膜皮膚カンジダ症	ime	名詞
ねんまくひふがんしょうこうぐん	粘膜皮膚眼症候群	mac	名詞
ねんまくひふりんぱせつしょうこうぐん	粘膜皮膚リンパ節症候群	ime	名詞
ねんまくふらんべじあ	粘膜フランベジア	ime	名詞
ねんまくへるぺす	粘膜ヘルペス	ime	名詞
ねんまくほうしん	粘膜疱疹	ime	名詞
ねんまくめんえきけい	粘膜免疫系	mac	名詞
ねんまくるいてんぽうそう	粘膜類天疱瘡	mac	名詞
ねーげりびょう	ネーゲリ病	ime	名詞
ねーげるのがいさんほう	ネーゲルの概算法	mac	名詞
のいえるさいりゅう	ノイエル細粒	ime	名詞
のいきのんかりゅう	ノイキノン顆粒	ime	名詞
のいずぱれいどりあてすと	ノイズパレイドリアテスト	ime	名詞
のいたーぜかりゅう	ノイターゼ顆粒	ime	名詞
のいたーぜしろっぷ	ノイターゼシロップ	ime	名詞
のいちーむかりゅう	ノイチーム顆粒	ime	名詞
のいちーむさいりゅう	ノイチーム細粒	ime	名詞
のいちーむしろっぷ	ノイチームシロップ	ime	名詞
のいぼるみちんてんがんえき	ノイボルミチン点眼液	ime	名詞
のいらみにだーぜ	ノイラミニダーゼ	both	名詞
のいろーぜ	ノイローゼ	ime	名詞
のう	能	mac	名詞
のうあくせい	脳悪性	ime	名詞
のうあくせいしゅよう	脳悪性腫瘍	ime	名詞
のうあくせいりんぱしゅ	脳悪性リンパ腫	ime	名詞
のうあっぱく	脳圧迫	ime	名詞
のうあつ	脳圧	mac	名詞
のうあつこうしん	脳圧亢進	both	名詞
のうあつこうしんしょう	脳圧亢進症	ime	名詞
のうあみろいどけっかんしょう	脳アミロイド血管症	ime	名詞
のうあみろいどーしす	脳アミロイドーシス	ime	名詞
のういしゅく	脳委縮	mac	名詞
のういしゅく	脳萎縮	ime	名詞
のういしゅくしょう	脳萎縮症	ime	名詞
のういんし１	脳因子1	mac	名詞
のうえし	脳壊死	ime	名詞
のうえん	脳炎	both	名詞
のうえんか	濃塩化	ime	名詞
のうえんかべんざるこにうむえき	濃塩化ベンザルコニウム液	ime	名詞
のうえんこういしょう	脳炎後遺症	ime	名詞
のうえんご	脳炎後	ime	名詞
のうえんごしょうこうぐん	脳炎後症候群	ime	名詞
のうえんごてんかん	脳炎後てんかん	ime	名詞
のうえんごぱーきんそんしょうこうぐん	脳炎後パーキンソン症候群	ime	名詞
のうかい	脳回	mac	名詞
のうかいこつしょう	濃化異骨症	ime	名詞
のうかいてんじょうひふ	脳回転状皮膚	ime	名詞
のうかいてんじょうみゃくらくまくもうまくいしゅくしょう	脳回転状脈絡膜網膜萎縮症	ime	名詞
のうかかれいせいはくないしょう	嚢下加齢性白内障	ime	名詞
のうかしん	膿痂疹	both	名詞
のうかしんがいじえん	膿痂疹外耳炎	ime	名詞
のうかしんせい	膿痂疹性	ime	名詞
のうかしんせいざそう	膿痂疹性ざ瘡	ime	名詞
のうかしんせいしっしん	膿痂疹性湿疹	ime	名詞
のうかしんせいひふえん	膿痂疹性皮膚炎	ime	名詞
のうかしんようしっしん	膿痂疹様湿疹	ime	名詞
のうかしんようほっしん	膿痂疹様発疹	ime	名詞
のうかすいたい	脳下垂体	both	名詞
のうかすいたいしゅよう	脳下垂体腫瘍	ime	名詞
のうかすいたいせい	脳下垂体性	ime	名詞
のうかんあくせいしゅよう	脳幹悪性腫瘍	ime	名詞
のうかんきのうしょうがい	脳幹機能障害	ime	名詞
のうかんこうがしゅ	脳幹膠芽腫	ime	名詞
のうかんこうそく	脳幹梗塞	both	名詞
のうかんこうそくきゅうせいき	脳幹梗塞・急性期	ime	名詞
のうかんこうそくまんせいき	脳幹梗塞・慢性期	ime	名詞
のうかんざしょう	脳幹挫傷	ime	名詞
のうかんし	脳幹死	mac	名詞
のうかんしゅよう	脳幹腫瘍	ime	名詞
のうかんしょうがい	脳幹障害	both	名詞
のうかんしょうのうしょうがい	脳幹小脳障害	ime	名詞
のうかんしんけいこうしゅ	脳幹神経膠腫	ime	名詞
のうかんせいほっさ	脳幹性発作	ime	名詞
のうかんせきずいしょうがい	脳幹脊髄障害	ime	名詞
のうかんそっちゅうしょうこうぐん	脳幹卒中症候群	ime	名詞
のうかんたはつせいこうかしょう	脳幹多発性硬化症	ime	名詞
のうかんのうえん	脳幹脳炎	mac	名詞
のうかんはんしゃ	脳幹反射	ime	名詞
のうかんはんのうちょうりょくけんさ	脳幹反応聴力検査	ime	名詞
のうかんぶ	脳幹部	both	名詞
のうかんぶかいめんじょうけっかんしゅ	脳幹部海綿状血管腫	ime	名詞
のうかんぶけっかんしゅ	脳幹部血管腫	ime	名詞
のうかんぶしゅっけつ	脳幹部出血	ime	名詞
のうかんぶしゅよう	脳幹部腫瘍	ime	名詞
のうかんぶせいさいぼうしゅ	脳幹部星細胞腫	ime	名詞
のうかんもうようたい	脳幹網様体	mac	名詞
のうかんもうようたいふかつけい	脳幹網様体賦活系	mac	名詞
のうかんりゅうあつ	脳灌流圧	mac	名詞
のうがいしゅかんどうみゃくけっせんしょうのうこうそく	脳外主幹動脈血栓症脳梗塞	ime	名詞
のうがいしゅかんどうみゃくそくせんしょうのうこうそく	脳外主幹動脈塞栓症脳梗塞	ime	名詞
のうがいしゅかんどうみゃくへいそくのうこうそく	脳外主幹動脈閉塞脳梗塞	ime	名詞
のうがいしょうこういしょう	脳外傷後遺症	ime	名詞
のうがんめんけっかんしゅしょう	脳顔面血管腫症	ime	名詞
のうきけい	脳奇形	mac	名詞
のうきしつせい	脳器質性	ime	名詞
のうきしつせいせいしんしょうがい	脳器質性精神障害	ime	名詞
のうきしつせいせいしんしょうじょうぐん	脳器質性精神症状群	ime	名詞
のうきしつせいちほう	脳器質性痴呆	ime	名詞
のうきのうしょうがい	脳機能障害	ime	名詞
のうきのうていか	脳機能低下	ime	名詞
のうきのうふぜん	脳機能不全	ime	名詞
のうきゅう	脳弓	mac	名詞
のうきゅうかきかん	脳弓下器官	mac	名詞
のうきゅうこうれん	脳弓交連	mac	名詞
のうきょう	脳橋	ime	名詞
のうきょう	膿胸	both	名詞
のうきょうかんれんりんぱしゅ	膿胸関連リンパ腫	ime	名詞
のうきょうくうゆうけいきんにくべんじ	膿胸腔有茎筋肉弁充填術	ime	名詞
のうきょうしゅっけつ	脳橋出血	ime	名詞
のうきょくしょけつりゅう	脳局所血流	ime	名詞
のうきょくしょせいせいしんしょうこうぐん	脳局所性精神症候群	ime	名詞
のうきょけつ	脳虚血	both	名詞
のうきょけつしょう	脳虚血症	ime	名詞
のうくもまくのうしゅ	脳くも膜嚢腫	ime	名詞
のうくもまくゆちゃくしょう	脳くも膜癒着症	ime	名詞
のうくりぷとこっかすしょう	脳クリプトコッカス症	ime	名詞
のうくろもみこーしす	脳クロモミコーシス	ime	名詞
のうけいせいふぜん	脳形成不全	ime	名詞
のうけいせいふぜんせいすいとうしょう	脳形成不全性水頭症	ime	名詞
のうけっかく	脳結核	ime	名詞
のうけっかくしゅ	脳結核腫	both	名詞
のうけっかん	脳血管	both	名詞
のうけっかんあみろいどしょう	脳血管アミロイド症	mac	名詞
のうけっかんうんどうしんけいしょう	脳血管運動神経症	ime	名詞
のうけっかんけいせいふぜん	脳血管形成不全	ime	名詞
のうけっかんけっせんてきしゅつじゅつ	脳血管血栓摘出術	ime	名詞
のうけっかんしっかん	脳血管疾患	ime	名詞
のうけっかんしゅ	脳血管腫	ime	名詞
のうけっかんしょうがい	脳血管障害	both	名詞
のうけっかんしょうがいせい	脳血管障害性	ime	名詞
のうけっかんしょうがいせいぱーきんそんしょうこうぐん	脳血管障害性パーキンソン症候群	ime	名詞
のうけっかんせいせいしんしょうがい	脳血管性精神障害	ime	名詞
のうけっかんせいちほう	脳血管性痴呆	ime	名詞
のうけっかんせいにんちしょう	脳血管性認知症	mac	名詞
のうけっかんせんてんきけい	脳血管先天奇形	ime	名詞
のうけっかんそくせんてきしゅつじゅつ	脳血管塞栓摘出術	ime	名詞
のうけっかんないしゅじゅつ	脳血管内手術	ime	名詞
のうけっかんないちりょう	脳血管内治療	mac	名詞
のうけっかんへいそくせいのうこうそく	脳血管閉塞性脳梗塞	ime	名詞
のうけっかんほっさ	脳血管発作	ime	名詞
のうけっかんれんしゅく	脳血管攣縮	ime	名詞
のうけっかんれんしゅくによるのうこうそく	脳血管攣縮による脳梗塞	ime	名詞
のうけっしゅ	脳血腫	ime	名詞
のうけっせん	脳血栓	ime	名詞
のうけっせんしょう	脳血栓症	ime	名詞
のうけっそん	脳欠損	ime	名詞
のうけつりゅう	脳血流	mac	名詞
のうけつりゅうしゃだんよう	脳血流遮断用	ime	名詞
のうけつりゅうしゃだんようくりっぷ	脳血流遮断用クリップ	ime	名詞
のうけんおうしょくしゅしょう	脳腱黄色腫症	ime	名詞
のうこう	濃厚	ime	名詞
のうこう	脳溝	mac	名詞
のうこうかいだい	脳溝開大	mac	名詞
のうこうかしょう	脳硬化症	ime	名詞
のうこうそく	脳梗塞	both	名詞
のうこうそくきゅうせいき	脳梗塞・急性期	ime	名詞
のうこうそくこういしょう	脳梗塞後遺症	ime	名詞
のうこうそくご	脳梗塞後	ime	名詞
のうこうそくごのへんまひ	脳梗塞後の片麻痺	ime	名詞
のうこうそくまんせいき	脳梗塞・慢性期	ime	名詞
のうこうぶろちんこでいん	濃厚ブロチンコデイン	ime	名詞
のうさ	脳砂	mac	名詞
のうざしょう	脳挫傷	ime	名詞
のうざしょうこういしょう	脳挫傷後遺症	ime	名詞
のうざしょうごえんせふぁろぱしー	脳挫傷後エンセファロパシー	ime	名詞
のうざしょうごしょうこうぐん	脳挫傷後症候群	ime	名詞
のうざしょうせいしゅっけつ	脳挫傷性出血	ime	名詞
のうざそう	脳挫創	ime	名詞
のうし	嚢子	mac	名詞
のうし	脳死	ime	名詞
のうしかんいしょくご	脳死肝移植後	ime	名詞
のうしげきそうちうえこみじゅつ	脳刺激装置植込術	ime	名詞
のうしげきそうちこうかんじゅつ	脳刺激装置交換術	ime	名詞
のうしじょうたい	脳死状態	ime	名詞
のうしじんいしょくご	脳死腎移植後	ime	名詞
のうしすいいしょくご	脳死膵移植後	ime	名詞
のうしっかん	脳疾患	ime	名詞
のうしつ	脳室	both	名詞
のうしつあくせいしゅよう	脳室悪性腫瘍	ime	名詞
のうしつあくせいしんせいぶつ	脳室悪性新生物	ime	名詞
のうしつあくせいずいまくしゅ	脳室悪性髄膜腫	ime	名詞
のうしつえん	脳室炎	ime	名詞
のうしつかいめんじょうけっかんしゅ	脳室海綿状血管腫	ime	名詞
のうしつかくだい	脳室拡大	both	名詞
のうしつかんくう	脳室間腔	ime	名詞
のうしつかんくうのうほう	脳室間腔嚢胞	ime	名詞
のうしつしゅういきかん	脳室周囲器官	mac	名詞
のうしつしゅういはくしつなんかしょう	脳室周囲白質軟化症	mac	名詞
のうしつしんけいこうしゅ	脳室神経膠腫	ime	名詞
のうしつじょういがさいぼうしゅ	脳室上衣芽細胞腫	ime	名詞
のうしつじょういしゅ	脳室上衣腫	ime	名詞
のうしつじょうみゃくせいけっかんしゅ	脳室静脈性血管腫	ime	名詞
のうしつずいまくしゅ	脳室髄膜腫	ime	名詞
のうしつせんし	脳室穿刺	ime	名詞
のうしつないしゅっけつ	脳室内出血	both	名詞
のうしつないしゅよう	脳室内腫瘍	ime	名詞
のうしつないしゅよう	脳室腫瘍	ime	名詞
のうしはいいしょくご	脳死肺移植後	ime	名詞
のうしはんてい	脳死判定	mac	名詞
のうしゅ	嚢腫	both	名詞
のうしゅうじょう	脳症状	mac	名詞
のうしゅくたんじゅうしょうこうぐん	濃縮胆汁症候群	ime	名詞
のうしゅくにょう	濃縮尿	ime	名詞
のうしゅじゅつこういしょう	脳手術後遺症	ime	名詞
のうしゅせい	膿腫性	ime	名詞
のうしゅせんし	膿腫穿刺	ime	名詞
のうしゅちょう	脳腫脹	ime	名詞
のうしゅっけつ	脳出血	ime	名詞
のうしゅっけつこういしょう	脳出血後遺症	ime	名詞
のうしゅっけつこういせいせいしんしょうがい	脳出血後遺性精神障害	ime	名詞
のうしゅっけつご	脳出血後	ime	名詞
のうしゅよう	脳腫瘍	both	名詞
のうしゅようてきしゅつじゅつこういしょう	脳腫瘍摘出術後遺症	ime	名詞
のうしょう	脳症	both	名詞
のうしょうがい	脳障害	ime	名詞
のうしんけい	脳神経	both	名詞
のうしんけいあくせいしゅよう	脳神経悪性腫瘍	ime	名詞
のうしんけいあくせいしんせいぶつ	脳神経悪性新生物	ime	名詞
のうしんけいえん	脳神経炎	ime	名詞
のうしんけいかく	脳神経核	mac	名詞
のうしんけいしゅじゅつ	脳神経手術	ime	名詞
のうしんけいしゅよう	脳神経腫瘍	ime	名詞
のうしんけいしょうしゅ	脳神経鞘腫	ime	名詞
のうしんけいしょうじょう	脳神経症状	mac	名詞
のうしんけいそんしょう	脳神経損傷	ime	名詞
のうしんけいそんしょうこういしょう	脳神経損傷後遺症	ime	名詞
のうしんけいまひ	脳神経麻痺	ime	名詞
のうしんけいりょうせいしゅよう	脳神経良性腫瘍	ime	名詞
のうしんけいりょうせいしんせいぶつ	脳神経良性新生物	ime	名詞
のうしんせいけっかんぞうせいじゅつ	脳新生血管造成術	ime	名詞
のうしんとう	脳振盪	both	名詞
のうしんとうごしょうこうぐん	脳振盪後症候群	ime	名詞
のうしんぶしげきそうちようりーどせ	脳深部刺激装置用リードセット	ime	名詞
のうしんぶしげきほう	脳深部刺激法	mac	名詞
のうじっしつないしゅっけつ	脳実質内出血	mac	名詞
のうじゅう	膿汁	mac	名詞
のうじゅんかん	脳循環	both	名詞
のうじゅんかんしょうがい	脳循環障害	ime	名詞
のうじゅんかんふぜん	脳循環不全	ime	名詞
のうじょう	嚢状	mac	名詞
のうじょうきかんしかくちょうしょう	嚢状気管支拡張症	ime	名詞
のうじょうだいどうみゃくりゅう	嚢状大動脈瘤	mac	名詞
のうじょうどうみゃくりゅう	嚢状動脈瘤	mac	名詞
のうじょうのうどうみゃくりゅう	嚢状脳動脈瘤	ime	名詞
のうじょうみゃくきけい	脳静脈奇形	ime	名詞
のうじょうみゃくけっせん	脳静脈血栓	ime	名詞
のうじょうみゃくけっせんしょう	脳静脈血栓症	ime	名詞
のうじょうみゃくどうけっせんしょう	脳静脈洞血栓症	ime	名詞
のうじょうりゅう	嚢状瘤	mac	名詞
のうじょうりんぱかんしゅ	嚢状リンパ管腫	mac	名詞
のうじんしょう	膿腎症	both	名詞
のうすいしゅ	脳水腫	ime	名詞
のうずいまくしゅよう	脳髄膜腫瘍	ime	名詞
のうずいまくしょう	脳髄膜症	ime	名詞
のうずいまくりゅう	脳髄膜瘤	ime	名詞
のうせい	脳性	ime	名詞
のうせい	膿性	mac	名詞
のうせいおうと	脳性嘔吐	ime	名詞
のうせいがんし	膿性眼脂	mac	名詞
のうせいけいせいしょうにまひ	脳性痙性小児麻痺	ime	名詞
のうせいしはんびょう	脳性紫斑病	ime	名詞
のうせいしょうにまひ	脳性小児麻痺	ime	名詞
のうせいしょうにまひこういしょう	脳性小児麻痺後遺症	ime	名詞
のうせいじろう	膿性耳漏	mac	名詞
のうせいずいまくゆちゃく	脳性髄膜癒着	ime	名詞
のうせいたん	膿性痰	both	名詞
のうせいついまひ	脳性対麻痺	ime	名詞
のうせいなとりうむりにょうぺぷちど	脳性ナトリウム利尿ペプチド	mac	名詞
のうせいびへい	膿性鼻閉	ime	名詞
のうせいびろう	膿性鼻漏	mac	名詞
のうせいまひ	脳性麻痺	both	名詞
のうせいまひがっぺいにんしん	脳性麻痺合併妊娠	ime	名詞
のうせいまひこういしょう	脳性麻痺後遺症	ime	名詞
のうせいまひすいとうしょう	脳性麻痺水頭症	ime	名詞
のうせいまひていたいじゅうじ	脳性麻痺低体重児	ime	名詞
のうせいまらりあ	脳性マラリア	ime	名詞
のうせいりょうまひ	脳性両麻痺	ime	名詞
のうせき	脳石	ime	名詞
のうせきずいあつていか	脳脊髄圧低下	ime	名詞
のうせきずいえき	脳脊髄液	both	名詞
のうせきずいえきあつじょうしょう	脳脊髄液圧上昇	ime	名詞
のうせきずいえきこうそいじょう	脳脊髄液酵素異常	ime	名詞
のうせきずいえきじろう	脳脊髄液耳漏	ime	名詞
のうせきずいえきびろう	脳脊髄液鼻漏	ime	名詞
のうせきずいえきほるもんのいじょうち	脳脊髄液ホルモンの異常値	ime	名詞
のうせきずいえきろう	脳脊髄液漏	ime	名詞
のうせきずいえきろうしゅつしょう	脳脊髄液漏出症	ime	名詞
のうせきずいえん	脳脊髄炎	ime	名詞
のうせきずいくうちゅうしゃ	脳脊髄腔注射	ime	名詞
のうせきずいくうようかにゅーれ	脳・脊髄腔用カニューレ	ime	名詞
のうせきずいしんけいこんしょうがい	脳脊髄神経根障害	ime	名詞
のうせきずいしんけいしょうがい	脳脊髄神経障害	ime	名詞
のうせきずいそんしょう	脳脊髄損傷	ime	名詞
のうせきずいばいどく	脳脊髄梅毒	ime	名詞
のうせきずいまくえん	脳脊髄膜炎	ime	名詞
のうせきずいまくえんごししけいせいまひ	脳脊髄膜炎後四肢痙性麻痺	ime	名詞
のうせきずいまくけっかく	脳脊髄膜結核	ime	名詞
のうせっかいちんちゃく	脳石灰沈着	mac	名詞
のうせつじょじゅつ	脳切除術	ime	名詞
のうせつせつじゅつ	脳切截術	ime	名詞
のうせん	濃染	mac	名詞
のうせんてんいじょう	脳先天異常	ime	名詞
のうせんてんせいしっかん	脳先天性疾患	ime	名詞
のうそう	脳槽	ime	名詞
のうそうしんちぐらふぃ	脳槽シンチグラフィ	mac	名詞
のうそうしーてぃーさつえい	脳槽CT撮影	ime	名詞
のうそくせん	脳塞栓	ime	名詞
のうそくせんしょう	脳塞栓症	ime	名詞
のうそっちゅう	脳卒中	ime	名詞
のうそっちゅうこういしょう	脳卒中後遺症	ime	名詞
のうそっちゅうご	脳卒中後	ime	名詞
のうそっちゅうごせいしんしょうがい	脳卒中後精神障害	ime	名詞
のうそっちゅうごてんかん	脳卒中後てんかん	ime	名詞
のうそっちゅうごへんまひ	脳卒中後片麻痺	ime	名詞
のうそっちゅうへんまひこういしょう	脳卒中片麻痺後遺症	ime	名詞
のうそっちゅうほっさ	脳卒中発作	ime	名詞
のうそんしょう	脳損傷	ime	名詞
のうたいしゃ	脳代謝	mac	名詞
のうたいそくそんしょう	脳対側損傷	ime	名詞
のうたがい	の疑い	ime	名詞
のうたんそうきゅうない	脳淡蒼球内	ime	名詞
のうたんそうきゅうないおいるぷろかいん	脳淡蒼球内オイルプロカイン注入療法	ime	名詞
のうだつ	脳脱	ime	名詞
のうだぼく	脳打撲	ime	名詞
のうちゅうしょう	嚢虫症	ime	名詞
のうちゅうしょうせいがんないえん	嚢虫症性眼内炎	ime	名詞
のうちゅうしょうせいきんえん	嚢虫症性筋炎	ime	名詞
のうちょくげきそんしょう	脳直撃損傷	ime	名詞
のうちょりゅう	膿貯留	mac	名詞
のうていさんそしょう	脳低酸素症	ime	名詞
のうていどうみゃく	脳底動脈	both	名詞
のうていどうみゃくかいり	脳底動脈解離	ime	名詞
のうていどうみゃくからのくもまくかしゅっけつ	脳底動脈からのくも膜下出血	ime	名詞
のうていどうみゃくがたへんずつう	脳底動脈型片頭痛	mac	名詞
のうていどうみゃくきょうさく	脳底動脈狭窄	ime	名詞
のうていどうみゃくきょうさくしょう	脳底動脈狭窄症	ime	名詞
のうていどうみゃくきょうし	脳底動脈橋枝	mac	名詞
のうていどうみゃくけっせん	脳底動脈血栓	ime	名詞
のうていどうみゃくけっせんしょう	脳底動脈血栓症	ime	名詞
のうていどうみゃくじゅんかんふぜん	脳底動脈循環不全	ime	名詞
のうていどうみゃくせいへんずつう	脳底動脈性片頭痛	ime	名詞
のうていどうみゃくせんたんしょうこうぐん	脳底動脈先端症候群	ime	名詞
のうていどうみゃくせんたんそくせん	脳底動脈先端塞栓	ime	名詞
のうていどうみゃくせんたんそくせんしょう	脳底動脈先端塞栓症	ime	名詞
のうていどうみゃくそくせん	脳底動脈塞栓	ime	名詞
のうていどうみゃくそくせんしょう	脳底動脈塞栓症	ime	名詞
のうていどうみゃくへいそく	脳底動脈閉塞	ime	名詞
のうていどうみゃくへいそくしょう	脳底動脈閉塞症	ime	名詞
のうていどうみゃくりゅう	脳底動脈瘤	ime	名詞
のうていどうみゃくりゅうはれつによるくもまくかしゅっけ	脳底動脈瘤破裂によるくも膜下出血	ime	名詞
のうていぶ	脳底部	mac	名詞
のうていぶざしょう	脳底部挫傷	ime	名詞
のうてんい	脳転移	both	名詞
のうとうがい	脳頭蓋	mac	名詞
のうどいぞんせいやくぶつ	濃度依存性薬物	mac	名詞
のうどうじょうみゃくきけい	脳動静脈奇形	both	名詞
のうどうじょうみゃくきけいしゅじゅ	脳動静脈奇形手術用等クリップ	ime	名詞
のうどうじょうみゃくきけいじゅつせ	脳動静脈奇形術前塞栓材	ime	名詞
のうどうじょうみゃくきけいてきしゅつ	脳動静脈奇形摘出術	ime	名詞
のうどうじょうみゃくきけいはれつ	脳動静脈奇形破裂	ime	名詞
のうどうじょうみゃくきけいはれつによるくもまくかしゅっ	脳動静脈奇形破裂によるくも膜下出血	ime	名詞
のうどうじょうみゃくきけいはれつによるのうしゅっけつ	脳動静脈奇形破裂による脳出血	ime	名詞
のうどうじょうみゃくろう	脳動静脈瘻	ime	名詞
のうどうみゃくあてろーむこうかしょう	脳動脈アテローム硬化症	ime	名詞
のうどうみゃくえん	脳動脈炎	ime	名詞
のうどうみゃくかいりによるのうこうそく	脳動脈解離による脳梗塞	ime	名詞
のうどうみゃくきょうさくしょう	脳動脈狭窄症	ime	名詞
のうどうみゃくこうかしょう	脳動脈硬化症	ime	名詞
のうどうみゃくこうかせい	脳動脈硬化性	ime	名詞
のうどうみゃくこうかせいせいしんしょうがい	脳動脈硬化性精神障害	ime	名詞
のうどうみゃくこうかせいせいしんびょう	脳動脈硬化性精神病	ime	名詞
のうどうみゃくこうかせいちほう	脳動脈硬化性痴呆	ime	名詞
のうどうみゃくじゅんかんふぜん	脳動脈循環不全	ime	名詞
のうどうみゃくへいそくしょう	脳動脈閉塞症	ime	名詞
のうどうみゃくりゅう	脳動脈瘤	both	名詞
のうどうみゃくりゅうけいぶくりっぴ	脳動脈瘤頚部クリッピング	ime	名詞
のうどうみゃくりゅうしゅじゅつくりっ	脳動脈瘤手術クリップ	ime	名詞
のうどうみゃくりゅうはれつ	脳動脈瘤破裂	both	名詞
のうどうみゃくりゅうひほうじゅつ	脳動脈瘤被包術	ime	名詞
のうどうみゃくりゅうりゅうにゅうけっか	脳動脈瘤流入血管クリッピング	ime	名詞
のうどうみゃくれんしゅく	脳動脈攣縮	ime	名詞
のうどうめんえき	能動免疫	mac	名詞
のうどうゆそう	能動輸送	mac	名詞
のうどはんのうきょくせん	濃度-反応曲線	mac	名詞
のうない	脳内	ime	名詞
のうないいぶつてきしゅつじゅつ	脳内異物摘出術	ime	名詞
のうないけっしゅ	脳内血腫	mac	名詞
のうないしゅっけつ	脳内出血	both	名詞
のうなんかしょう	脳軟化症	ime	名詞
のうなんまく	脳軟膜	mac	名詞
のうなんまくのうほう	脳軟膜嚢胞	ime	名詞
のうにゅう	膿乳	ime	名詞
のうにょう	膿尿	both	名詞
のうにょうしょう	膿尿症	ime	名詞
のうのうずいまくりゅう	脳嚢髄膜瘤	ime	名詞
のうのうほう	脳嚢胞	ime	名詞
のうのうまくだつしゅじゅつ	脳・脳膜脱手術	ime	名詞
のうのうよう	脳膿瘍	both	名詞
のうのうようぜんてきじゅつ	脳膿瘍全摘術	ime	名詞
のうのうようはいのうじゅつ	脳膿瘍排膿術	ime	名詞
のうのうりゅう	脳嚢瘤	ime	名詞
のうはいさいぼうしゅよう	脳胚細胞腫瘍	ime	名詞
のうはけんさ	脳波検査	mac	名詞
のうはしょけん	脳波所見	mac	名詞
のうはそくていようずがいないでんき	脳波測定用頭蓋内電極	ime	名詞
のうはちょうりょくけんさ	脳波聴力検査	ime	名詞
のうはついくふぜん	脳発育不全	ime	名詞
のうばいどく	脳梅毒	ime	名詞
のうひしつかしゅっけつ	脳皮質下出血	ime	名詞
のうひしょう	膿皮症	ime	名詞
のうふしゅ	脳浮腫	both	名詞
のうふはい	農夫肺	both	名詞
のうぶしゅりゅう	脳部腫瘤	ime	名詞
のうぶだぼくしょう	脳部打撲傷	ime	名詞
のうへるにあ	脳ヘルニア	both	名詞
のうへんせい	脳変性	ime	名詞
のうへんせいしっかん	脳変性疾患	ime	名詞
のうほう	嚢胞	mac	名詞
のうほう	脳胞	mac	名詞
のうほう	膿疱	both	名詞
のうほうかん	嚢胞肝	ime	名詞
のうほうき	嚢胞期	mac	名詞
のうほうじょう	嚢胞状	mac	名詞
のうほうじょうがんきゅう	嚢胞状眼球	ime	名詞
のうほうじょうぞうしょくしょう	嚢胞状増殖症	mac	名詞
のうほうじょうもうまくはくり	嚢胞状網膜剥離	ime	名詞
のうほうじょうりんぱかんしゅ	嚢胞状リンパ管腫	mac	名詞
のうほうじん	嚢胞腎	both	名詞
のうほうせい	嚢胞性	mac	名詞
のうほうせい	膿疱性	ime	名詞
のうほうせいかんせん	膿疱性乾癬	ime	名詞
のうほうせいこうじょうせん	嚢胞性甲状腺	ime	名詞
のうほうせいこうじょうせんしゅ	嚢胞性甲状腺腫	ime	名詞
のうほうせいざそう	膿疱性ざ瘡	ime	名詞
のうほうせいじんしっかん	嚢胞性腎疾患	mac	名詞
のうほうせいすいしっかん	嚢胞性膵疾患	mac	名詞
のうほうせいずいまくしゅ	嚢胞性髄膜腫	ime	名詞
のうほうせいせんいしょう	嚢胞性線維症	both	名詞
のうほうせいせんぞうしょくしょう	嚢胞性腺増殖症	ime	名詞
のうほうせいにぶんせきつい	嚢胞性二分脊椎	mac	名詞
のうほうせいのうしゅよう	嚢胞性脳腫瘍	ime	名詞
のうほうせいはくないしょう	嚢胞性白内障	ime	名詞
のうほうせいらんそうしゅよう	嚢胞性卵巣腫瘍	ime	名詞
のうほうせいりんぱかんしゅ	嚢胞性リンパ管腫	ime	名詞
のうほうようおうはんふしゅ	嚢胞様黄斑浮腫	ime	名詞
のうまく	脳膜	ime	名詞
のうまくえん	脳膜炎	ime	名詞
のうまくえんこういしょう	脳膜炎後遺症	ime	名詞
のうまくしゅ	脳膜腫	ime	名詞
のうむさんそしょう	脳無酸素症	ime	名詞
のうもうさいけっかんかくちょうしょう	脳毛細血管拡張症	ime	名詞
のうもうまくへんせいしょう	脳網膜変性症	ime	名詞
のうやくちゅうどく	農薬中毒	ime	名詞
のうよう	膿瘍	both	名詞
のうようけいせい	膿瘍形成	ime	名詞
のうようせい	膿瘍性	ime	名詞
のうようせいSじょうけっちょうけいしつ	膿瘍性S状結腸憩室	ime	名詞
のうようせいえすじょうけっちょうけいしつ	膿瘍性S状結腸憩室	ime	名詞
のうようせいおうこうけっちょうけいしつ	膿瘍性横行結腸憩室	ime	名詞
のうようせいかこうけっちょうけいしつ	膿瘍性下行結腸憩室	ime	名詞
のうようせいけっちょうけいしつ	膿瘍性結腸憩室	ime	名詞
のうようせいじょうこうけっちょうけいしつ	膿瘍性上行結腸憩室	ime	名詞
のうようせいちょうけいしつ	膿瘍性腸憩室	ime	名詞
のうりぴどーしすのちほう	脳リピドーシスの痴呆	ime	名詞
のうりぴどーしすのにんちしょう	脳リピドーシスの認知症	ime	名詞
のうりゅう	脳瘤	ime	名詞
のうりょう	脳梁	mac	名詞
のうりょうかいはくしつ	脳梁灰白質	mac	名詞
のうりょうけいせいふぜん	脳梁形成不全	ime	名詞
のうりょうけっそんしょう	脳梁欠損症	ime	名詞
のうりょうしぼうしゅ	脳梁脂肪腫	ime	名詞
のうりょうしょうこうぐん	脳梁症候群	ime	名詞
のうりょうせいしゅよう	脳良性腫瘍	ime	名詞
のうりょうふん	脳梁吻	mac	名詞
のうりょうむけいせい	脳梁無形成	ime	名詞
のうりょうりだん	脳梁離断	ime	名詞
のうりょうりだんしょうこうぐん	脳梁離断症候群	ime	名詞
のうりょうりだんじゅつご	脳梁離断術後	ime	名詞
のうれっしょう	脳裂傷	ime	名詞
のうれんずかくへんせい	脳レンズ核変性	mac	名詞
のうろうがん	膿漏眼	ime	名詞
のかるじあ	ノカルジア	mac	名詞
のかるじあしょう	ノカルジア症	ime	名詞
のかるじあぞく	ノカルジア属	mac	名詞
のかるじあはいえん	ノカルジア肺炎	mac	名詞
のかんかいき	の緩解期	ime	名詞
のきさしんてんがんえき	ノキサシン点眼液	ime	名詞
のきゅうせいぞうあく	の急性増悪	ime	名詞
のぎてかん	ノギテカン	mac	名詞
のぎろんくりーむ	ノギロンクリーム	ime	名詞
のぎろんなんこう	ノギロン軟膏	ime	名詞
のぎん	ノギン	mac	名詞
のこういしょう	の後遺症	ime	名詞
のさいせっちゃくご	の再接着後	ime	名詞
のさいねん	の再燃	ime	名詞
のさいはつ	の再発	ime	名詞
のしょき	の初期	ime	名詞
のしょはつ	の初発	ime	名詞
のじゅつご	の術後	ime	名詞
のじゅつごしょうがい	の術後障害	ime	名詞
のじゅつぜん	の術前	ime	名詞
のすかぴん	ノスカピン	ime	名詞
のすらんてんがんえき	ノスラン点眼液	ime	名詞
のすらんてんびえき	ノスラン点鼻液	ime	名詞
のずれんさいりゅう	ノズレン細粒	ime	名詞
のせんえん	の遷延	ime	名詞
のぞうあく	の増悪	ime	名詞
のちりょうご	の治療後	ime	名詞
のっくあうと	ノックアウト	mac	名詞
のっくあうとまうす	ノックアウトマウス	mac	名詞
のっくびんげんまつ	ノックビン原末	ime	名詞
のにじかんせん	の二次感染	ime	名詞
のはれつ	の破裂	ime	名詞
のほっさ	の発作	ime	名詞
のぼせ	のぼせ	ime	名詞
のぼせぶん	ノボセブン	ime	名詞
のぼらぴっど	ノボラピッド	ime	名詞
のまっき	の末期	ime	名詞
のよぼう	の予防	ime	名詞
のりものよい	乗り物酔い	ime	名詞
のるうぇーかいせん	ノルウェー疥癬	ime	名詞
のるえぴねふりん	ノルエピネフリン	mac	名詞
のるこっとくりーむ	ノルコットクリーム	ime	名詞
のるすぱんてーぷ	ノルスパンテープ	ime	名詞
のるでぃとろぴん	ノルディトロピン	ime	名詞
のるばすく	ノルバスク	mac	名詞
のるふろきさ	ノルフロキサシン	ime	名詞
のるふろきさしん	ノルフロキサシン	ime	名詞
のるぺーす	ノルペース	ime	名詞
のるまる	ノルマル	mac	名詞
のるまるへきさん	ノルマルヘキサン	mac	名詞
のるめたねふりん	ノルメタネフリン	mac	名詞
のるめたねふりんせいみつ	ノルメタネフリン	ime	名詞
のろういるす	ノロウイルス	mac	名詞
のろういるすせいいちょうえん	ノロウイルス性胃腸炎	ime	名詞
のろういるすせいいちょうえんにともなうけいれん	ノロウイルス性胃腸炎に伴う痙攣	ime	名詞
のろういるすせいちょうえん	ノロウイルス性腸炎	ime	名詞
のんすとれすてすと	ノンストレステスト	ime	名詞
のんたす	ノンタス	ime	名詞
のんれぶりーじんぐばるぶますい	ノンレブリージングバルブ麻酔	ime	名詞
のーあっく	NOACs	mac	名詞
のーざんぶろっと	ノーザンブロット	mac	名詞
のーしん	ノーシン	mac	名詞
のーしんじょう	ノーシン錠	mac	名詞
のーだる	ノーダル	mac	名詞
のーとなーげるしょうこうぐん	ノートナーゲル症候群	ime	名詞
のーどまんとろーち	ノードマントローチ	ime	名詞
のーびありきっど	ノービア・リキッド	ime	名詞
のーま	ノーマ	ime	名詞
のーまらいぜーしょん	ノーマライゼーション	mac	名詞
