らい	らい	mac	名詞
らいいんじしんぱいていし	来院時心肺停止	win	名詞
らいえしょうこうぐん	ライエ症候群	win	名詞
らいえるがたやくしん	ライエル型薬疹	win	名詞
らいえるしょうこうぐん	ライエル症候群	win	名詞
らいえるしょうこうぐんがたやくしん	ライエル症候群型薬疹	win	名詞
らいおにぜーしょん	ライオニゼーション	mac	名詞
らいきん	らい菌	mac	名詞
らいげき	雷撃	win	名詞
らいげきし	雷撃死	mac	名詞
らいしょうこうぐん	ライ症候群	win	名詞
らいすねるまく	ライスネル膜	mac	名詞
らいすりょうほう	RICE療法	mac	名詞
らいせいけっせつせいこうはん	らい性結節性紅斑	win	名詞
らいたーしょうこうぐん	ライター症候群	win	名詞
らいだんしゃちゅうしんりょうほう	来談者中心療法	mac	名詞
らいでぃっひさいぼう	ライディッヒ細胞	mac	名詞
らいでぃっひさいぼうしゅ	ライディッヒ細胞腫	mac	名詞
らいとうっどおるぶらいとしょうこうぐん	ライトウッド・オルブライト症候群	win	名詞
らいとぎむざせんしょく	Wright-Giemsa染色	win	名詞
らいのういるす	ライノウイルス	mac	名詞
らいのういるすきかんしえん	ライノウイルス気管支炎	win	名詞
らいびょう	らい病	mac	名詞
らいふいべんと	ライフイベント	mac	名詞
らいふぇんしゅたいんしょうこうぐん	ライフェンシュタイン症候群	win	名詞
らいふすてーじ	ライフステージ	mac	名詞
らいへるとなんこつ	ライヘルト軟骨	mac	名詞
らいむびょう	ライム病	win	名詞
らいむびょうかんせつえん	ライム病関節炎	win	名詞
らいむびょうずいまくえん	ライム病髄膜炎	win	名詞
らいむびょうせいたはつにゅーろぱちー	ライム病性多発ニューロパチー	win	名詞
らいむびょうぼれりあ	ライム病ボレリア	mac	名詞
らいらてーぷ	ライラテープ	win	名詞
らいんけふしゅ	ラインケ浮腫	mac	名詞
らうおるふぃあちゅうどく	ラウオルフィア中毒	win	名詞
らうりるりゅうさんなとりうむ	ラウリル硫酸ナトリウム	win	名詞
らえんねっく	ラエンネック	win	名詞
らおん	ラ音	both	名詞
らくさん	酪酸	mac	名詞
らくさんぷろぴおんさんひどろこるちぞん	酪酸プロピオン酸ヒドロコルチゾン	win	名詞
らくせつ	落屑	mac	名詞
らくせつせい	落屑性	win	名詞
らくせつせいしっしん	落屑性湿疹	win	名詞
らくせつせいひしん	落屑性皮疹	win	名詞
らくせつせいひふえん	落屑性皮膚炎	win	名詞
らくたーぜ	ラクターゼ	mac	名詞
らくつろーす	ラクツロース	both	名詞
らくてぃおんぱっぷ	ラクティオンパップ	win	名詞
らくでーん	ラクデーン	win	名詞
らくとあるぶみん	ラクトアルブミン	mac	名詞
らくとふぇりん	ラクトフェリン	mac	名詞
らくとーす	ラクトース	mac	名詞
らくとーすふたいしょう	ラクトース不耐症	both	名詞
らくなこうそく	ラクナ梗塞	both	名詞
らくようげんしょう	洛陽現象	mac	名詞
らくようじょうてんぽうそう	落葉状天疱瘡	both	名詞
らくらいし	落雷死	mac	名詞
らくろすのうえん	ラクロス脳炎	win	名詞
らけっとじょうあんてん	ラケット状暗点	mac	名詞
らこーる	ラコール	win	名詞
らざろちょうこう	ラザロ徴候	mac	名詞
らしとう	ラ氏島	mac	名詞
らしとうこうたい	ラ氏島抗体	mac	名詞
らじおいむのあっせい	ラジオイムノアッセイ	mac	名詞
らじおは	ラジオ波	mac	名詞
らじかるふりんじ	ラジカルフリンジ	mac	名詞
らじれす	ラジレス	mac	名詞
らすてり	ラステリ	mac	名詞
らすぶりかーぜ	ラスブリカーゼ	mac	名詞
らすむっせんのうえん	ラスムッセン脳炎	win	名詞
らせみたい	ラセミ体	mac	名詞
らせんき	ラセン器	mac	名詞
らせんこっせつ	らせん骨折	win	名詞
らせんこっせつ	螺旋骨折	mac	名詞
らせんしんけいせつ	ラセン神経節	mac	名詞
らせんじょうこっせつ	らせん状骨折	win	名詞
らせんじょうしょくどう	螺旋状食道	win	名詞
らせんじんたい	ラセン靱帯	mac	名詞
らせんどうみゃく	ラセン動脈	mac	名詞
らせんばんえん	ラセン板縁	mac	名詞
らせーぐちょうこう	ラセーグ徴候	mac	名詞
らたのぷろすと	ラタノプロスト	win	名詞
らたのぷろすとてんがんえき	ラタノプロスト点眼液	win	名詞
らたもきせふ	ラタモキセフ	mac	名詞
らっかせい	落花生	win	名詞
らっかせいあれるぎー	落花生アレルギー	win	名詞
らっかせいゆ	ラッカセイ油	win	名詞
らっくびー	ラックビー	win	名詞
らっさねつ	ラッサ熱	both	名詞
らっせるしるばーしょうこうぐん	ラッセル・シルバー症候群	win	名詞
らてっくすあれるぎー	ラテックスアレルギー	win	名詞
らてんとがん	ラテント癌	mac	名詞
らとけのう	ラトケ嚢	mac	名詞
らとけのうしゅ	ラトケ嚢腫	both	名詞
らとけのうほう	ラトケ嚢胞	win	名詞
らなとしど	ラナトシド	mac	名詞
らにちじん	ラニチジン	mac	名詞
らにちじんえんさんえん	ラニチジン塩酸塩	win	名詞
らにむすちん	ラニムスチン	mac	名詞
らのこなぞーる	ラノコナゾール	win	名詞
らぱちにぶ	ラパチニブ	mac	名詞
らびんぐ	ラビング	mac	名詞
らふぉらしっかん	ラフォラ疾患	win	名詞
らふちじん	ラフチジン	win	名詞
らぶどういるす	ラブドウイルス	mac	名詞
らぷらすのほうそく	ラプラスの法則	mac	名詞
らべきゅあぱっく	ラベキュアパック	win	名詞
らべじょうみゃく	ラベ静脈	mac	名詞
らべたろーる	ラベタロール	mac	名詞
らべたろーるえんさんえん	ラベタロール塩酸塩	win	名詞
らべふぁいんぱっく	ラベファインパック	win	名詞
らべぷらぞーる	ラベプラゾール	win	名詞
らべぷらぞーるなとりうむ	ラベプラゾールナトリウム	win	名詞
らべんだーゆ	ラベンダー油	win	名詞
らぽてっくえき	ラポテック液	win	名詞
らぽーる	ラポール	mac	名詞
らみなりあ	ラミナリア	win	名詞
らみにん	ラミニン	mac	名詞
らみぶじん	ラミブジン	mac	名詞
らむぜいはんとしょうこうぐん	ラムゼイ・ハント症候群	mac	名詞
らむぜいはんとびょう	ラムゼイハント病	win	名詞
らむだ	ラムダ	mac	名詞
らむださ	λ鎖	mac	名詞
らむだほうごう	ラムダ縫合	mac	名詞
らめるておん	ラメルテオン	mac	名詞
らりんぐ	ラリング	win	名詞
らりんげるますく	ラリンゲルマスク	mac	名詞
らりんごまいくろさーじぇりー	ラリンゴマイクロサージェリー	mac	名詞
らりーこうへるにあ	ラリー孔ヘルニア	win	名詞
らるちとれきせど	ラルチトレキセド	mac	名詞
らろんがたこびとしょう	ラロン型小人症	win	名詞
らろんがたていしんちょうしょう	ラロン型低身長症	win	名詞
らんえんか	卵円窩	mac	名詞
らんえんけい	卵円形	mac	名詞
らんえんけいしぼうたい	卵円形脂肪体	mac	名詞
らんえんこう	卵円孔	mac	名詞
らんえんこうかいぞん	卵円孔開存	win	名詞
らんえんこうかいぞんしょう	卵円孔開存症	win	名詞
らんえんこうそうきへいさ	卵円孔早期閉鎖	mac	名詞
らんえんこうべん	卵円孔弁	mac	名詞
らんえんそう	卵円窓	mac	名詞
らんおう	卵黄	win	名詞
らんおうじょうおうはん	卵黄状黄斑	win	名詞
らんおうじょうおうはんじすとろふぃー	卵黄状黄斑ジストロフィー	win	名詞
らんおうちょうかん	卵黄腸管	mac	名詞
らんおうちょうかんのうほう	卵黄腸管嚢胞	mac	名詞
らんおうのう	卵黄嚢	mac	名詞
らんおうのうえ	卵黄嚢柄	mac	名詞
らんおうのうしゅよう	卵黄嚢腫瘍	win	名詞
らんおうのうじょうみゃく	卵黄嚢静脈	mac	名詞
らんおうのうどうみゃく	卵黄嚢動脈	mac	名詞
らんかくじょうせっかいか	卵殻状石灰化	mac	名詞
らんかん	卵管	both	名詞
らんかんあくせいしゅよう	卵管悪性腫瘍	win	名詞
らんかんいんし	卵管因子	mac	名詞
らんかんえん	卵管炎	win	名詞
らんかんかんしつぶにんしん	卵管間質部妊娠	win	名詞
らんかんがん	卵管癌	win	名詞
らんかんきのういじょう	卵管機能異常	win	名詞
らんかんきのうけつらくしょうじょう	卵管機能欠落症状	win	名詞
らんかんきょうからんかんけいせいじゅつ	卵管鏡下卵管形成術	win	名詞
らんかんきょうさくしょう	卵管狭窄症	win	名詞
らんかんきょうぶにんしん	卵管峡部妊娠	win	名詞
らんかんきんしゅ	卵管筋腫	win	名詞
らんかんけいせいしゅじゅつ	卵管形成手術	win	名詞
らんかんけいれん	卵管痙攣	win	名詞
らんかんけっさつ	卵管結紮	mac	名詞
らんかんけっさつじゅつ	卵管結紮術	win	名詞
らんかんけっそん	卵管欠損	win	名詞
らんかんけっそんしょう	卵管欠損症	win	名詞
らんかんけつじょ	卵管欠如	win	名詞
らんかんこうせっかいじゅつ	卵管口切開術	win	名詞
らんかんさい	卵管采	both	名詞
らんかんさいのうほう	卵管采膿疱	win	名詞
らんかんしきゅうないまくしょう	卵管子宮内膜症	win	名詞
らんかんしゅういえん	卵管周囲炎	win	名詞
らんかんしゅよう	卵管腫瘍	win	名詞
らんかんしゅりゅうぜんてきじょじゅ	卵管腫瘤全摘除術	win	名詞
らんかんせいふにん	卵管性不妊	mac	名詞
らんかんせいふにんしょう	卵管性不妊症	win	名詞
らんかんせんいしゅ	卵管線維腫	win	名詞
らんかんぜんてきじょじゅつ	卵管全摘除術	win	名詞
らんかんそんしょう	卵管損傷	win	名詞
らんかんつうかしょうがい	卵管通過障害	win	名詞
らんかんつうきつうすいつうしきそ	卵管通気・通水・通色素	win	名詞
らんかんないやくえきちゅうにゅうほう	卵管内薬液注入法	win	名詞
らんかんにんしん	卵管妊娠	win	名詞
らんかんにんしんはれつ	卵管妊娠破裂	win	名詞
らんかんねんてん	卵管捻転	win	名詞
らんかんのうしゅ	卵管膿腫	win	名詞
らんかんのうよう	卵管膿瘍	win	名詞
らんかんのしきゅうないまくしょう	卵管の子宮内膜症	win	名詞
らんかんはれつ	卵管破裂	win	名詞
らんかんへいさ	卵管閉鎖	win	名詞
らんかんへいそく	卵管閉塞	win	名詞
らんかんぼうだいぶ	卵管膨大部	mac	名詞
らんかんぼうだいぶにんしん	卵管膨大部妊娠	win	名詞
らんかんゆちゃく	卵管癒着	win	名詞
らんかんらんそうえん	卵管卵巣炎	win	名詞
らんかんらんそうしゅういゆちゃくしょう	卵管卵巣周囲癒着症	win	名詞
らんかんらんそうのうよう	卵管卵巣膿瘍	win	名詞
らんかんりゅうけつしゅ	卵管留血腫	win	名詞
らんかんりゅうざん	卵管流産	win	名詞
らんかんりゅうすいしゅ	卵管留水腫	win	名詞
らんかんりゅうすいしょう	卵管留水症	win	名詞
らんかんりゅうのうしゅ	卵管留膿腫	win	名詞
らんかんりゅうのうしょう	卵管留膿症	win	名詞
らんかんりょうせいしゅよう	卵管良性腫瘍	win	名詞
らんがーぎでおんしょうこうぐん	ランガー・ギデオン症候群	win	名詞
らんきゅう	卵丘	mac	名詞
らんぐどんだうんしょうこうぐん	ラングドンダウン症候群	win	名詞
らんぐはんすがたきょさいぼう	ラングハンス型巨細胞	mac	名詞
らんぐはんすきょさいぼう	ラングハンス巨細胞	mac	名詞
らんけい	卵形	win	名詞
らんけいのう	卵形嚢	mac	名詞
らんけいまらりあ	卵形マラリア	win	名詞
らんげにーるせんしょうこうぐん	ランゲニールセン症候群	win	名詞
らんげるはんすさいぼう	ランゲルハンス細胞	mac	名詞
らんげるはんすさいぼうそしききゅうしょう	ランゲルハンス細胞組織球症	win	名詞
らんげるはんすそしききゅうしょう	ランゲルハンス組織球症	mac	名詞
らんげるはんすとう	ランゲルハンス島	mac	名詞
らんげんさいぼう	卵原細胞	mac	名詞
らんさっぷ	ランサップ	win	名詞
らんし	乱視	win	名詞
らんし	卵子	mac	名詞
らんしけいせい	卵子形成	mac	名詞
らんしじく	乱視軸	mac	名詞
らんしせい	乱視性	win	名詞
らんしせいじゅくよくせいぶっしつ	卵子成熟抑制物質	mac	名詞
らんしど	乱視度	mac	名詞
らんせい	卵性	mac	名詞
らんせいしんだん	卵性診断	mac	名詞
らんせっときゅうちゅうしょう	ランセット吸虫症	win	名詞
らんそう	卵巣	both	名詞
らんそうあくせいしゅよう	卵巣悪性腫瘍	win	名詞
らんそういしゅく	卵巣萎縮	win	名詞
らんそうえん	卵巣炎	win	名詞
らんそうかじょうしげきしょうこうぐん	卵巣過剰刺激症候群	both	名詞
らんそうかりゅうさいぼうしゅ	卵巣顆粒細胞腫	win	名詞
らんそうかりゅうまくさいぼうしゅ	卵巣顆粒膜細胞腫	win	名詞
らんそうかるちのいど	卵巣カルチノイド	win	名詞
らんそうがん	卵巣癌	both	名詞
らんそうがんぜんしんてんい	卵巣癌全身転移	win	名詞
らんそうがんにくしゅ	卵巣癌肉腫	win	名詞
らんそうがんまっき	卵巣癌末期	win	名詞
らんそうきけいしゅ	卵巣奇形腫	win	名詞
らんそうきのういじょう	卵巣機能異常	win	名詞
らんそうきのうげんたい	卵巣機能減退	win	名詞
らんそうきのうこうしんしょう	卵巣機能亢進症	win	名詞
らんそうきのうしょうがい	卵巣機能障害	win	名詞
らんそうきのうふぜん	卵巣機能不全	win	名詞
らんそうきのうふぜんしょう	卵巣機能不全症	win	名詞
らんそうきょうまくさいぼうしゅ	卵巣莢膜細胞腫	win	名詞
らんそうけいねんてん	卵巣茎捻転	win	名詞
らんそうけっそん	卵巣欠損	win	名詞
らんそうけつらく	卵巣欠落	win	名詞
らんそうけつらくしょうこうぐん	卵巣欠落症候群	win	名詞
らんそうけつらくしょうじょう	卵巣欠落症状	win	名詞
らんそうこうじょうせんしゅ	卵巣甲状腺腫	win	名詞
らんそうこゆうじんたい	卵巣固有靱帯	mac	名詞
らんそうしきゅうないまくしょう	卵巣子宮内膜症	win	名詞
らんそうしきゅうないまくしょうせいのうほう	卵巣子宮内膜症性嚢胞	mac	名詞
らんそうしきゅうないまくしょうのうほう	卵巣子宮内膜症嚢胞	win	名詞
らんそうしゅういえん	卵巣周囲炎	win	名詞
らんそうしゅっけつ	卵巣出血	win	名詞
らんそうしゅよう	卵巣腫瘍	both	名詞
らんそうしゅようがっぺいにんしん	卵巣腫瘍合併妊娠	win	名詞
らんそうしゅようけいねんてん	卵巣腫瘍茎捻転	win	名詞
らんそうしゅようちゅうかんあくせいぐん	卵巣腫瘍中間悪性群	win	名詞
らんそうしゅようちゅうかんぐん	卵巣腫瘍中間群	win	名詞
らんそうしゅようはれつ	卵巣腫瘍破裂	win	名詞
らんそうしゅりゅう	卵巣腫瘤	win	名詞
らんそうじゅうじつせいきけいしゅ	卵巣充実性奇形腫	win	名詞
らんそうじゅうもうがん	卵巣絨毛癌	win	名詞
らんそうじょうたい	卵巣上体	both	名詞
らんそうじょうたいのうほう	卵巣上体嚢胞	win	名詞
らんそうじょうみゃくそんしょう	卵巣静脈損傷	win	名詞
らんそうずいしつ	卵巣髄質	mac	名詞
らんそうせいえすとろげん	卵巣性エストロゲン	mac	名詞
らんそうせいじょうひしゅ	卵巣精上皮腫	win	名詞
らんそうせいそう	卵巣精巣	win	名詞
らんそうせいふにんしょう	卵巣性不妊症	win	名詞
らんそうせいむげっけい	卵巣性無月経	win	名詞
らんそうせんいしゅ	卵巣線維腫	win	名詞
らんそうせんてんいじょう	卵巣先天異常	win	名詞
らんそうそんしょう	卵巣損傷	win	名詞
らんそうたいじせいがん	卵巣胎児性癌	win	名詞
らんそうちょりゅう	卵巣貯留	win	名詞
らんそうちょりゅうのうほう	卵巣貯留嚢胞	win	名詞
らんそうつう	卵巣痛	win	名詞
らんそうていさく	卵巣提索	mac	名詞
らんそうてきしゅつこういしょう	卵巣摘出後遺症	win	名詞
らんそうてきしゅつじゅつごこつそしょうしょう	卵巣摘出術後骨粗鬆症	win	名詞
らんそうどうみゃくそんしょう	卵巣動脈損傷	win	名詞
らんそうにくしゅ	卵巣肉腫	win	名詞
らんそうにんしん	卵巣妊娠	win	名詞
らんそうねんてん	卵巣捻転	win	名詞
らんそうのうしゅ	卵巣嚢腫	win	名詞
らんそうのうしゅけいねんてん	卵巣嚢腫茎捻転	win	名詞
らんそうのうしゅはれつ	卵巣嚢腫破裂	win	名詞
らんそうのうほう	卵巣嚢胞	win	名詞
らんそうのうほう	卵巣膿胞	win	名詞
らんそうのうよう	卵巣膿瘍	win	名詞
らんそうのしきゅうないまくしょう	卵巣の子宮内膜症	win	名詞
らんそうはいさいぼうしゅよう	卵巣胚細胞腫瘍	win	名詞
らんそうはついくふぜん	卵巣発育不全	win	名詞
らんそうはれつ	卵巣破裂	win	名詞
らんそうひようのうしゅ	卵巣皮様嚢腫	win	名詞
らんそうふくじんしゅ	卵巣副腎腫	win	名詞
らんそうぶぶんせつじょじゅつ	卵巣部分切除術	win	名詞
らんそうぶれんなーしゅよう	卵巣ブレンナー腫瘍	win	名詞
らんそうぶれんねるしゅよう	卵巣ブレンネル腫瘍	win	名詞
らんそうへるにあ	卵巣ヘルニア	win	名詞
らんそうぼうたい	卵巣傍体	mac	名詞
らんそうみぶんかはいさいぼうしゅ	卵巣未分化胚細胞腫	win	名詞
らんそうもん	卵巣門	win	名詞
らんそうもんさいぼうしゅ	卵巣門細胞腫	win	名詞
らんそうようかんしつ	卵巣様間質	win	名詞
らんそうらんおうのうしゅよう	卵巣卵黄嚢腫瘍	win	名詞
らんそうらんかんしゅういえん	卵巣卵管周囲炎	win	名詞
らんそうらんぽう	卵巣卵胞	win	名詞
らんそうらんぽうのうほう	卵巣卵胞嚢胞	win	名詞
らんそうりゅうのうしゅ	卵巣留膿腫	win	名詞
らんそうりゅうのうしょう	卵巣留膿症	win	名詞
らんそうりょうせいしゅよう	卵巣良性腫瘍	win	名詞
らんそうるいひ	卵巣類皮	win	名詞
らんそうるいひのうしゅ	卵巣類皮嚢腫	win	名詞
らんそうるいひのうほうがん	卵巣類皮嚢胞癌	win	名詞
らんそさいぼう	卵祖細胞	mac	名詞
らんそぷらぞーる	ランソプラゾール	win	名詞
らんたーんてすと	ランターンテスト	win	名詞
らんでーるちおんえす	ランデールチオン	win	名詞
らんどうくれふなーしょうこうぐん	ランドウ・クレフナー症候群	win	名詞
らんどりーまひ	ランドリー麻痺	win	名詞
らんどるとかん	Landolt環	win	名詞
らんどるとかん	ランドルト環	mac	名詞
らんばーといーとんきんむりょくしょうこうぐん	ランバート・イートン筋無力症候群	mac	名詞
らんばーといーとんしょうこうぐん	Lambert-Eaton症候群	win	名詞
らんびえこうりん	ランビエ絞輪	mac	名詞
らんぴおんぱっく	ランピオンパック	win	名詞
らんぶりあしょう	ランブリア症	win	名詞
らんぶる	ランブル	mac	名詞
らんぶるべんもうちゅう	ランブル鞭毛虫	mac	名詞
らんぶるべんもうちゅうしょう	ランブル鞭毛虫症	mac	名詞
らんぼさいぼう	卵母細胞	mac	名詞
らんぽう	卵胞	both	名詞
らんぽうえき	卵胞液	mac	名詞
らんぽうき	卵胞期	mac	名詞
らんぽうくう	卵胞腔	mac	名詞
らんぽうさいぼう	卵胞細胞	mac	名詞
らんぽうしげきほるもん	卵胞刺激ホルモン	mac	名詞
らんぽうしゅっけつ	卵胞出血	win	名詞
らんぽうはん	卵胞斑	mac	名詞
らんぽうほるもん	卵胞ホルモン	mac	名詞
らんぽうまく	卵胞膜	mac	名詞
らんぽうまくさいぼうしゅ	卵胞膜細胞腫	win	名詞
らんまく	卵膜	both	名詞
らんまくいじょう	卵膜異常	win	名詞
らんまくえん	卵膜炎	win	名詞
らんまくざんりゅう	卵膜残留	win	名詞
らんまくふちゃく	卵膜付着	mac	名詞
らーせんしょうこうぐん	ラーセン症候群	win	名詞
らーせんぶんるい	Larsen分類	win	名詞
りあくしゅ	離握手	win	名詞
りあのじん	リアノジン	mac	名詞
りあるたいむかいせきがたしんでんず	リアルタイム解析型心電図	win	名詞
りうまちけっせつ	リウマチ結節	mac	名詞
りうまちしん	リウマチ疹	win	名詞
りうまちせい	リウマチ性	win	名詞
りうまちせいかつえきほうえん	リウマチ性滑液包炎	win	名詞
りうまちせいかんしつせいはいえん	リウマチ性間質性肺炎	win	名詞
りうまちせいかんじょうこうはん	リウマチ性環状紅斑	both	名詞
りうまちせいかんじょうどうみゃくえん	リウマチ性冠状動脈炎	win	名詞
りうまちせいきょうまくえん	リウマチ性胸膜炎	win	名詞
りうまちせいきんえん	リウマチ性筋炎	win	名詞
りうまちせいきんつうしょう	リウマチ性筋痛症	win	名詞
りうまちせいけっかんえん	リウマチ性血管炎	win	名詞
りうまちせいこうさいえん	リウマチ性虹彩炎	win	名詞
りうまちせいこうはん	リウマチ性紅斑	win	名詞
りうまちせいさんせんべんきょうさくしょう	リウマチ性三尖弁狭窄症	win	名詞
りうまちせいさんせんべんしっかん	リウマチ性三尖弁疾患	win	名詞
りうまちせいさんせんべんへいさふぜんしょう	リウマチ性三尖弁閉鎖不全症	win	名詞
りうまちせいしはんびょう	リウマチ性紫斑病	win	名詞
りうまちせいしんえん	リウマチ性心炎	win	名詞
りうまちせいしんきんえん	リウマチ性心筋炎	win	名詞
りうまちせいしんしっかん	リウマチ性心疾患	win	名詞
りうまちせいしんぞうえん	リウマチ性心臓炎	win	名詞
りうまちせいしんぞうびょう	リウマチ性心臓病	win	名詞
りうまちせいしんぞうべんまくしょう	リウマチ性心臓弁膜症	win	名詞
りうまちせいしんふぜん	リウマチ性心不全	win	名詞
りうまちせいしんべんまくえん	リウマチ性心弁膜炎	win	名詞
りうまちせいしんまくえん	リウマチ性心膜炎	win	名詞
りうまちせいそうぼうべんしっかん	リウマチ性僧帽弁疾患	win	名詞
りうまちせいそうぼうべんへいさふぜんしょう	リウマチ性僧帽弁閉鎖不全症	win	名詞
りうまちせいたはつきんつう	リウマチ性多発筋痛	win	名詞
りうまちせいたはつきんつうしょう	リウマチ性多発筋痛症	mac	名詞
りうまちせいたはつきんつうしょうこうぐん	リウマチ性多発筋痛症候群	win	名詞
りうまちせいたはつせいきんつうしょう	リウマチ性多発性筋痛症	mac	名詞
りうまちせいだいどうみゃくきょうさくしょう	リウマチ性大動脈狭窄症	win	名詞
りうまちせいだいどうみゃくべんきょうさくけんへいさふぜ	リウマチ性大動脈弁狭窄兼閉鎖不全症	win	名詞
りうまちせいだいどうみゃくべんしっかん	リウマチ性大動脈弁疾患	win	名詞
りうまちせいだいどうみゃくべんへいさふぜんしょう	リウマチ性大動脈弁閉鎖不全症	win	名詞
りうまちせいはいしっかん	リウマチ性肺疾患	win	名詞
りうまちせいひかけっせつ	リウマチ性皮下結節	win	名詞
りうまちせいぶとうびょう	リウマチ性舞踏病	win	名詞
りうまちせいゆちゃくせいしんまくえん	リウマチ性癒着性心膜炎	win	名詞
りうまちねつ	リウマチ熱	both	名詞
りうまちねつごまんせいかんせつしょうがい	リウマチ熱後慢性関節障害	win	名詞
りうまちはんのうようせい	リウマチ反応陽性	win	名詞
りうまちよう	リウマチ様	win	名詞
りうまちようかんせつえん	リウマチ様関節炎	both	名詞
りうまちようきんにくつう	リウマチ様筋肉痛	win	名詞
りうまちようしはんびょう	リウマチ様紫斑病	win	名詞
りうまちようたはつせいきんつう	リウマチ様多発性筋痛	win	名詞
りうまといど	リウマトイド	mac	名詞
りうまといどいんし	リウマトイド因子	both	名詞
りうまといどしん	リウマトイド疹	both	名詞
りうまといどせきついえん	リウマトイド脊椎炎	win	名詞
りうまとれっくす	リウマトレックス	mac	名詞
りえぞん	リエゾン	mac	名詞
りえんとりーせいしんしつせいふせいみゃく	リエントリー性心室性不整脈	win	名詞
りえんとんてんがんえき	リエントン点眼液	win	名詞
りおらんどうみゃくきゅう	リオラン動脈弓	mac	名詞
りかい	離開	mac	名詞
りかいこっせつ	裂離骨折	mac	名詞
りかいこっせつ	離開骨折	win	名詞
りかん	罹患	mac	名詞
りかんそく	罹患側	mac	名詞
りかんりつ	罹患率	mac	名詞
りがくりょうほう	理学療法	mac	名詞
りがしゅあ	リガシュア	mac	名詞
りがふぇーでびょう	リガ・フェーデ病	win	名詞
りがんど	リガンド	mac	名詞
りがーぜ	リガーゼ	mac	名詞
りきか	力価	mac	名詞
りきゃっぷ	リキャップ	mac	名詞
りくるーとめんとげんしょう	リクルートメント現象	mac	名詞
りけっちあ	リケッチア	mac	名詞
りけっちあかんせんしょう	リケッチア感染症	win	名詞
りけっちあしっかん	リケッチア疾患	win	名詞
りけっちあしょう	リケッチア症	win	名詞
りこいる	リコイル	mac	名詞
りこもじゅりん	リコモジュリン	mac	名詞
りざべん	リザベン	mac	名詞
りしのぷりる	リシノプリル	win	名詞
りしのぷりるすいわぶつ	リシノプリル水和物	win	名詞
りじょうか	梨状窩	both	名詞
りじょうかろう	梨状窩瘻	both	名詞
りじょうかんおう	梨状陥凹	mac	名詞
りじょうかんおうがた	梨状陥凹型	mac	名詞
りじょうかんおうがん	梨状陥凹癌	win	名詞
りじょうきん	梨状筋	mac	名詞
りじょうきんしょうこうぐん	梨状筋症候群	win	名詞
りじょうこう	梨状口	mac	名詞
りじん	離人	both	名詞
りじんげんじつかんそうしつしょうこうぐん	離人・現実感喪失症候群	win	名詞
りじんざんき	リジン残基	mac	名詞
りじんしょう	離人症	both	名詞
りじんしんけいしょう	離人神経症	win	名詞
りじんにょうせいたんぱくふたいしょう	リジン尿性蛋白不耐症	win	名詞
りすくけいしゃけんこうこうどう	リスク傾斜健康行動	mac	名詞
りすたー	リスター	mac	名詞
りすたーかんし	リスター鉗子	mac	名詞
りすてりあ	リステリア	mac	名詞
りすてりあきんせいずいまくえん	リステリア菌性髄膜炎	win	名詞
りすてりあしょう	リステリア症	win	名詞
りすてりあせいしんないまくえん	リステリア性心内膜炎	win	名詞
りすてりあせいずいまくえん	リステリア性髄膜炎	win	名詞
りすてりあせいずいまくのうえん	リステリア性髄膜脳炎	win	名詞
りすてりあせいせきずいえん	リステリア性脊髄炎	win	名詞
りすてりあせいのうえん	リステリア性脳炎	win	名詞
りすてりあせいのうせきずいえん	リステリア性脳脊髄炎	win	名詞
りすてりあせいのうどうみゃくえん	リステリア性脳動脈炎	win	名詞
りすてりあせいはいけつしょう	リステリア性敗血症	win	名詞
りすとせちん	リストセチン	both	名詞
りすとせちんぎょうしゅうのう	リストセチン凝集能	win	名詞
りすふらんかんせつ	リスフラン関節	both	名詞
りすふらんかんせつえん	リスフラン関節炎	win	名詞
りすふらんかんせつかいほうせいだっきゅうこっせつ	リスフラン関節開放性脱臼骨折	win	名詞
りすふらんかんせつそんしょう	リスフラン関節損傷	win	名詞
りすふらんかんせつだっきゅうこっせつ	リスフラン関節脱臼骨折	win	名詞
りすふらんかんせつねんざ	リスフラン関節捻挫	win	名詞
りすふらんかんせつりだんじゅつご	リスフラン関節離断術後	win	名詞
りすぺりどん	リスペリドン	both	名詞
りすぼんせんげん	リスボン宣言	mac	名詞
りずむせい	リズム整	win	名詞
りせどろんさん	リセドロン酸	win	名詞
りせどろんさんなとりうむすいわぶつ	リセドロン酸ナトリウム水和物	win	名詞
りそう	リソウ	win	名詞
りそそーむ	リソソーム	mac	名詞
りそそーむちくせきしょう	リソソーム蓄積症	both	名詞
りそぞーむ	リソゾーム	mac	名詞
りそぞーむびょう	リソゾーム病	mac	名詞
りぞちーむ	リゾチーム	mac	名詞
りぞちーむえんさんえん	リゾチーム塩酸塩	win	名詞
りたあるみん	リタアルミン	win	名詞
りたせんど	リタセンド	win	名詞
りたりん	リタリン	win	名詞
りたろくすけんだくようはいごうかりゅ	リタロクス懸濁用配合顆粒	win	名詞
りたん	利胆	mac	名詞
りだくたーぜ	リダクターゼ	mac	名詞
りだん	離断	mac	名詞
りだんしょうこうぐん	離断症候群	win	名詞
りだんせい	離断性	mac	名詞
りだんせいこつなんかしょう	離断性骨軟化症	win	名詞
りだんせいこつなんこつえん	離断性骨軟骨炎	both	名詞
りちうむちゅうどく	リチウム中毒	win	名詞
りちゃーどそんしょうこうぐん	Richardson症候群	win	名詞
りちーむ	リチーム	win	名詞
りちーむかりゅう	リチーム顆粒	win	名詞
りっくるかりゅう	リックル顆粒	win	名詞
りっくんしとう	六君子湯	both	名詞
りっこうさん	立効散	win	名詞
りっさういるすぞく	リッサウイルス属	mac	名詞
りっそく	律束	mac	名詞
りっそく	律速	mac	名詞
りっそくいんし	律束因子	mac	名詞
りっそくこうそ	律速酵素	mac	名詞
りったいし	立体視	win	名詞
りったーがたちゅうどくせいひょうひえししょう	リッター型中毒性表皮え死症	win	名詞
りったーしんせいじはくだつじょうひふえん	リッター新生児剥脱状皮膚炎	win	名詞
りっとるびょう	リットル病	win	名詞
りっぽうこつ	立方骨	both	名詞
りっぽうじょうひ	立方上皮	mac	名詞
りつきしまぶ	リツキシマブ	mac	名詞
りつどうせいがんしん	律動性眼振	win	名詞
りつどうようしょうは	律動様小波	both	名詞
りつもうきん	立毛筋	mac	名詞
りとこーるさん	リトコール酸	mac	名詞
りとどりんえんさんえん	リトドリン塩酸塩	win	名詞
りとるぶい	リトル部位	mac	名詞
りとるりーぐひじ	リトルリーグ肘	mac	名詞
りとれーせんのうよう	リトレー腺膿瘍	win	名詞
りどかいん	リドカイン	both	名詞
りどかいんえんさんえんびすかす	リドカイン塩酸塩ビスカス	win	名詞
りどかいんぽんぷすぷれー	リドカインポンプスプレー	win	名詞
りどるしょうこうぐん	リドル症候群	mac	名詞
りにあっく	リニアック	mac	名詞
りにょうき	利尿期	mac	名詞
りねすてろんさん	リネステロン散	win	名詞
りねぞりど	リネゾリド	mac	名詞
りのういるすかんせんしょう	リノウイルス感染症	win	名詞
りのすぽりじうむしょう	リノスポリジウム症	win	名詞
りはびりてーしょんい	リハビリテーション医	mac	名詞
りはびりてーしょんせんもんびょういん	リハビリテーション専門病院	mac	名詞
りばおーるえき	リバオール液	win	名詞
りばすたっちぱっち	リバスタッチパッチ	win	名詞
りばすちぐみん	リバスチグミン	mac	名詞
りばびりん	リバビリン	both	名詞
りばろ	リバロ	win	名詞
りばーみーどこうどうきおくけんさ	リバーミード行動記憶検査	win	名詞
りぱーぜ	リパーゼ	win	名詞
りぱーぜちいじょう	リパーゼ値異常	win	名詞
りびどちゃくしょく	リビド着色	mac	名詞
りぴおどーる	リピオドール	mac	名詞
りぴおどーるうるとらふるいど	リピオドールウルトラフルイド	win	名詞
りぴっどらふと	リピッドラフト	mac	名詞
りぴとーる	リピトール	mac	名詞
りぴどーしす	リピドーシス	both	名詞
りぴどＡ	リピドA	mac	名詞
りふぁたっくてーぷ	リファタックテープ	win	名詞
りふぁんぴしん	リファンピシン	both	名詞
りふぁんぴん	リファンピン	mac	名詞
りふぃりんぐげんしょう	リフィリング現象	win	名詞
りふとばれーねつ	リフトバレー熱	win	名詞
りふれっくす	リフレックス	mac	名詞
りぶまんさっくすしんないまくえん	リブマン・サックス心内膜炎	win	名詞
りぷまんさっくすしんないまくえん	リプマン・サックス心内膜炎	win	名詞
りべろかるばろちょうこう	Rivero-Carvallo徴候	win	名詞
りぼざいむ	リボザイム	mac	名詞
りぼしる	リボシル	mac	名詞
りぼすちん	リボスチン	win	名詞
りぼそーむ	リボソーム	mac	名詞
りぼびっくす	リボビックス	win	名詞
りぼふらびん	リボフラビン	both	名詞
りぼふらびんけつぼうしょう	リボフラビン欠乏症	win	名詞
りぼふらびんらくさんえすてる	リボフラビン酪酸エステル	win	名詞
りぼーす	リボース	mac	名詞
りぼーるさいりゅう	リボール細粒	win	名詞
りぽいど	リポイド	mac	名詞
りぽいどかんえん	リポイド肝炎	win	名詞
りぽいどねふろーぜ	リポイドネフローゼ	win	名詞
りぽいどはいえん	リポイド肺炎	win	名詞
りぽいどひふかんせつえん	リポイド皮膚関節炎	win	名詞
りぽいどふくじんかけいせい	リポイド副腎過形成	mac	名詞
りぽいどるいえししょう	リポイド類壊死症	win	名詞
りぽおきしげなーぜ	リポオキシゲナーゼ	mac	名詞
りぽくりんさいりゅう	リポクリン細粒	win	名詞
りぽさん	リポ酸	mac	名詞
りぽじすとろふぃー	リポジストロフィー	win	名詞
りぽたとう	リポ多糖	mac	名詞
りぽたんぱく	リポ蛋白	both	名詞
りぽたんぱくけつぼうしょう	リポ蛋白欠乏症	win	名詞
りぽたんぱくしつ	リポ蛋白質	mac	名詞
りぽたんぱくぶんかく	リポ蛋白分画	win	名詞
りぽたんぱくりぱーぜ	リポ蛋白リパーゼ	win	名詞
りぽふすちん	リポフスチン	mac	名詞
りぽふすちんかりゅう	リポフスチン顆粒	mac	名詞
りぽぽりさっからいど	リポポリサッカライド	mac	名詞
りぽまとーしす	リポマトーシス	win	名詞
りぽめらにんせいさいもうしょう	リポメラニン性細網症	win	名詞
りぽーむ	リポーム	win	名詞
りまぷろすとあるふぁでくす	リマプロスト アルファデクス	win	名詞
りもでりんぐ	リモデリング	mac	名詞
りもでりんぐのう	リモデリング能	mac	名詞
りゅいたい	リュイ体	mac	名詞
りゅう	流	win	名詞
りゅう	粒	win	名詞
りゅうえん	流涎	mac	名詞
りゅうかこん	流下痕	mac	名詞
りゅうかすいそ	硫化水素	mac	名詞
りゅうかすいそちゅうどく	硫化水素中毒	win	名詞
りゅうかへもぐろびん	硫化ヘモグロビン	mac	名詞
りゅうがんにく	リュウガンニク	win	名詞
りゅうきかく	隆起核	mac	名詞
りゅうきがた	隆起型	mac	名詞
りゅうきこっせつ	隆起骨折	mac	名詞
りゅうきせいひふせんいにくしゅ	隆起性皮膚線維肉腫	both	名詞
りゅうきにゅうとうかく	隆起乳頭核	mac	名詞
りゅうきぶ	隆起部	mac	名詞
りゅうこうきょくせん	流行曲線	win	名詞
りゅうこうせい	流行性	win	名詞
りゅうこうせいいちょうえん	流行性胃腸炎	win	名詞
りゅうこうせいおうとしょう	流行性嘔吐症	win	名詞
りゅうこうせいかいはくずいえん	流行性灰白髄炎	win	名詞
りゅうこうせいかくけつまくえん	流行性角結膜炎	both	名詞
りゅうこうせいかんえん	流行性肝炎	win	名詞
りゅうこうせいきょうまくつう	流行性胸膜痛	win	名詞
りゅうこうせいけつまくえん	流行性結膜炎	win	名詞
りゅうこうせいこうはん	流行性紅斑	win	名詞
りゅうこうせいしゅっけつせいけつまくえん	流行性出血性結膜炎	win	名詞
りゅうこうせいしゅっけつねつ	流行性出血熱	win	名詞
りゅうこうせいじかせんえん	流行性耳下腺炎	both	名詞
りゅうこうせいずいまくえん	流行性髄膜炎	win	名詞
りゅうこうせいたはつかんせつえん	流行性多発関節炎	win	名詞
りゅうこうせいのうえん	流行性脳炎	win	名詞
りゅうこうせいのうせきずいまくえん	流行性脳脊髄膜炎	win	名詞
りゅうこうせいほっしん	流行性発疹	win	名詞
りゅうこうせいほっしんちふす	流行性発疹チフス	win	名詞
りゅうこうせいめまい	流行性めまい	win	名詞
りゅうこつ	リュウコツ	win	名詞
りゅうさん	硫酸	win	名詞
りゅうさんあえん	硫酸亜鉛	win	名詞
りゅうさんあえんすいわぶつ	硫酸亜鉛水和物	win	名詞
りゅうさんあとろぴん	硫酸アトロピン	win	名詞
りゅうさんあるみにうむかりうむ	硫酸アルミニウムカリウム	win	名詞
りゅうさんあるみにうむかりうむすいわぶつ	硫酸アルミニウムカリウム水和物	win	名詞
りゅうさんかりうむ	硫酸カリウム	win	名詞
りゅうさんきにじん	硫酸キニジン	win	名詞
りゅうさんきにーね	硫酸キニーネ	win	名詞
りゅうさんちゅうどく	硫酸中毒	win	名詞
りゅうさんばりうむ	硫酸バリウム	win	名詞
りゅうさんほうごう	硫酸抱合	mac	名詞
りゅうさんまぐねしうむ	硫酸マグネシウム	win	名詞
りゅうさんまぐねしうむすいわぶつ	硫酸マグネシウム水和物	win	名詞
りゅうざん	流産	win	名詞
りゅうざんご	流産後	win	名詞
りゅうざんご	流産後DIC	win	名詞
りゅうざんごDIC	流産後DIC	win	名詞
りゅうざんごしきゅうないまくえん	流産後子宮内膜炎	win	名詞
りゅうざんごしきゅうぼうけつごうそしきえん	流産後子宮傍結合組織炎	win	名詞
りゅうざんごにょうさいかんえし	流産後尿細管壊死	win	名詞
りゅうざんごにょうどくしょう	流産後尿毒症	win	名詞
りゅうざんごはいけつしょう	流産後敗血症	win	名詞
りゅうざんごはいけつしょうせいしょっく	流産後敗血症性ショック	win	名詞
りゅうざんごぼうにょう	流産後乏尿	win	名詞
りゅうざんごむ	流産後無	win	名詞
りゅうざんごむにょう	流産後無尿	win	名詞
りゅうざんごむふぃぶりのげんしょう	流産後無フィブリノゲン症	win	名詞
りゅうざんごらんかんえん	流産後卵管炎	win	名詞
りゅうざんごらんかんらんそうえん	流産後卵管卵巣炎	win	名詞
りゅうざんごらんそうえん	流産後卵巣炎	win	名詞
りゅうざんねつ	流産熱	win	名詞
りゅうしざん	流死産	mac	名詞
りゅうしほうしゃせん	粒子放射線	mac	名詞
りゅうしゅつろ	流出路	mac	名詞
りゅうじょう	瘤状	mac	名詞
りゅうじょういんえい	粒状陰影	mac	名詞
りゅうじょうえい	粒状影	both	名詞
りゅうじょうせっかいかぞう	粒状石灰化像	win	名詞
りゅうぜんしょう	流涎症	win	名詞
りゅうそうざん	流早産	mac	名詞
りゅうたん	リュウタン	win	名詞
りゅうたんしやかんとう	竜胆瀉肝湯	win	名詞
りゅうち	留置	win	名詞
りゅうちかてーてるせっち	留置カテーテル設置	win	名詞
りゅうちちゅう	留置中	win	名詞
りゅうちゅうしゅよう	流注腫瘍	win	名詞
りゅうちょうせいしつご	流暢性失語	win	名詞
りゅうつい	隆椎	mac	名詞
りゅうどう	流動	win	名詞
りゅうどうけつ	流動血	mac	名詞
りゅうどうぱらふぃん	流動パラフィン	win	名詞
りゅうにゅうき	流入期	mac	名詞
りゅうるい	流涙	both	名詞
りゅうろうこつしょう	流蝋骨症	win	名詞
りゅーいたい	リューイ体	mac	名詞
りゅーぷろれりん	リュープロレリン	mac	名詞
りゆうまちせいたはつせいきんつう	リウマチ性多発性筋痛	win	名詞
りょうあく	良悪	mac	名詞
りょうあくせい	良悪性	mac	名詞
りょういきせいがんか	領域性癌化	mac	名詞
りょうえいきょうかんけい	量-影響関係	mac	名詞
りょうかせい	両価性	both	名詞
りょうかぶかいほうこっせつ	両果部開放骨折	win	名詞
りょうかぶこっせつ	両果部骨折	win	名詞
りょうかや	梁下野	mac	名詞
りょうがんかくり	両眼隔離	win	名詞
りょうがんし	両眼視	mac	名詞
りょうがんしきのう	両眼視機能	mac	名詞
りょうがんしきのうせいみつ	両眼視機能精密	win	名詞
りょうがんしりょくていか	両眼視力低下	win	名詞
りょうがんせい	両眼性	mac	名詞
りょうきょう	リョウキョウ	win	名詞
りょうきょうじゅつかんとう	苓姜朮甘湯	win	名詞
りょうけいか	菱形窩	mac	名詞
りょうけいきん	菱形筋	mac	名詞
りょうけいきんそんしょう	菱形筋損傷	win	名詞
りょうけいこつ	菱形骨	win	名詞
りょうけいじゅつかんとう	苓桂朮甘湯	win	名詞
りょうけいじんたいねんざ	菱形靱帯捻挫	win	名詞
りょうしつ	両室	both	名詞
りょうしつひだい	両室肥大	both	名詞
りょうしつぺーしんぐきのうつきうえこ	両室ペーシング機能付き植込み型除細動器	win	名詞
りょうしんしつ	両心室	win	名詞
りょうしんしつぺーすめーかーいしょくし	両心室ペースメーカー移植術	win	名詞
りょうしんしつぺーすめーかーこうかんし	両心室ペースメーカー交換術	win	名詞
りょうしんふぜん	両心不全	win	名詞
りょうじ	両耳	mac	名詞
りょうじかじゅうげんしょう	両耳加重現象	mac	名詞
りょうじごうせいのう	両耳合成能	mac	名詞
りょうじそく	両耳側	win	名詞
りょうじそくはんもう	両耳側半盲	mac	名詞
りょうじちょう	両耳聴	mac	名詞
りょうじちょうげんしょう	両耳聴現象	mac	名詞
りょうじぶんり	両耳分離	mac	名詞
りょうじぶんりげんしょう	両耳分離現象	mac	名詞
りょうじべんべつげんしょう	両耳弁別現象	mac	名詞
りょうじゆうごうげんしょう	両耳融合現象	mac	名詞
りょうじん	両腎	mac	名詞
りょうせい	良性	win	名詞
りょうせいいどうせいぜつえん	良性移動性舌炎	win	名詞
りょうせいかこうけっちょうきょうさく	良性下行結腸狭窄	win	名詞
りょうせいかぞくせいけつにょう	良性家族性血尿	win	名詞
りょうせいかぞくせいしんせいじけいれん	良性家族性新生児けいれん	mac	名詞
りょうせいかぞくせいせいけつにょう	良性家族性性血尿	win	名詞
りょうせいかぞくせいてんぽうそう	良性家族性天疱瘡	win	名詞
りょうせいかとうにょうしょう	良性果糖尿症	win	名詞
りょうせいがいじしゅよう	良性外耳腫瘍	win	名詞
りょうせいきょうせんしゅ	良性胸腺腫	win	名詞
りょうせいきょうまくちゅうひしゅ	良性胸膜中皮腫	win	名詞
りょうせいきんつうせいのうせきずいえん	良性筋痛性脳脊髄炎	win	名詞
りょうせいくもまくかくうのうせき	良性くも膜下腔脳石	win	名詞
りょうせいけつにょう	良性血尿	win	名詞
りょうせいこう	良性高	win	名詞
りょうせいこうぐろぶりんけっしょうせいしはんびょう	良性高グロブリン血症性紫斑病	win	名詞
りょうせいこうじょうせんしゅよう	良性甲状腺腫瘍	mac	名詞
りょうせいこくしょくひょうひしゅ	良性黒色表皮腫	win	名詞
りょうせいこつがさいぼうしゅ	良性骨芽細胞腫	win	名詞
りょうせいこつしゅよう	良性骨腫瘍	win	名詞
りょうせいしゅよう	良性腫瘍	both	名詞
りょうせいしんけいこうしゅ	良性神経膠腫	win	名詞
りょうせいしんせいじけいれん	良性新生児痙攣	win	名詞
りょうせいしんまくちゅうひしゅ	良性心膜中皮腫	win	名詞
りょうせいじゅうかくきけいしゅ	良性縦隔奇形腫	win	名詞
りょうせいじゅうかくしゅよう	良性縦隔腫瘍	win	名詞
りょうせいじゅうにしちょうしゅよう	良性十二指腸腫瘍	win	名詞
りょうせいじょうひせいしゅよう	良性上皮性腫瘍	mac	名詞
りょうせいじんこうかしょう	良性腎硬化症	both	名詞
りょうせいじんしゅよう	良性腎腫瘍	win	名詞
りょうせいすいないぶんぴしゅよう	良性膵内分泌腫瘍	win	名詞
りょうせいせきずいしゅよう	良性脊髄腫瘍	win	名詞
りょうせいせきめんきょうすい	良性石綿胸水	win	名詞
りょうせいせっけっきゅうぞうかしょう	良性赤血球増加症	win	名詞
りょうせいせつ	両性石	win	名詞
りょうせいせつけんえき	両性石ケン液	win	名詞
りょうせいせんてんせいみおぱしー	良性先天性ミオパシー	win	名詞
りょうせいぜんりつせんひだいしょう	良性前立腺肥大症	win	名詞
りょうせいたいしょうせいしぼうしゅしょう	良性対称性脂肪腫症	win	名詞
りょうせいたんぱくにょうしょう	良性蛋白尿症	win	名詞
りょうせいちゅうひしゅ	良性中皮腫	win	名詞
りょうせいとうがいいんとうしゅ	良性頭蓋咽頭腫	win	名詞
りょうせいとうがいないあつこうしん	良性頭蓋内圧亢進	win	名詞
りょうせいとうがいないあつこうしんしょう	良性頭蓋内圧亢進症	win	名詞
りょうせいなんぶそしきしゅよう	良性軟部組織腫瘍	win	名詞
りょうせいにゅうじ	良性乳児	win	名詞
りょうせいにゅうじみおくろーぬすてんかん	良性乳児ミオクローヌスてんかん	win	名詞
りょうせいにゅうぼういけいせいしょう	良性乳房異形成症	win	名詞
りょうせいねんまくるいてんぽうそう	良性粘膜類天疱瘡	win	名詞
りょうせいのうあつこうしん	良性脳圧亢進	win	名詞
りょうせいのうあつこうしんしょう	良性脳圧亢進症	win	名詞
りょうせいはんぷくせいけつにょう	良性反復性血尿	win	名詞
りょうせいひふしゅよう	良性皮膚腫瘍	win	名詞
りょうせいひぼはんせいこくしょくじょういしゅ	良性非母斑性黒色上皮腫	win	名詞
りょうせいふくじんひしつしゅよう	良性副腎皮質腫瘍	win	名詞
りょうせいふくまくちゅうひしゅ	良性腹膜中皮腫	win	名詞
りょうせいほっさせい	良性発作性	win	名詞
りょうせいほっさせいげんうんしょう	良性発作性眩暈症	win	名詞
りょうせいほっさせいとうい	良性発作性頭位	win	名詞
りょうせいほっさせいとういげんうんしょう	良性発作性頭位眩暈症	win	名詞
りょうせいほっさせいとういめまい	良性発作性頭位眩暈	mac	名詞
りょうせいほっさせいとういめまいしょう	良性発作性頭位めまい症	both	名詞
りょうせいほっさせいめまい	良性発作性めまい	win	名詞
りょうせいまんせいかのうせいちゅうじえん	良性慢性化膿性中耳炎	win	名詞
りょうせいやくわりふくそうとうさくしょう	両性役割服装倒錯症	win	名詞
りょうせいようじょうしゅよう	良性葉状腫瘍	win	名詞
りょうそく	両側	both	名詞
りょうそくかしたはつかいほうこっせつ	両側下肢多発開放骨折	win	名詞
りょうそくかしたはつこっせつ	両側下肢多発骨折	win	名詞
りょうそくがんめんしんけいまひ	両側顔面神経麻痺	win	名詞
りょうそくじょうしたはつかいほうこっせつ	両側上肢多発開放骨折	win	名詞
りょうそくじょうしたはつこっせつ	両側上肢多発骨折	win	名詞
りょうそくすいじんしょう	両側水腎症	win	名詞
りょうそくすいじんすいにょうかんしょう	両側水腎水尿管症	win	名詞
りょうそくせい	両側性	win	名詞
りょうそくせいあてとーしす	両側性アテトーシス	win	名詞
りょうそくせいかんおんなんちょう	両側性感音難聴	win	名詞
りょうそくせいかんぜんしんれつ	両側性完全唇裂	win	名詞
りょうそくせいがいしょうごこかんせつしょう	両側性外傷後股関節症	win	名詞
りょうそくせいがいしょうごしつかんせつしょう	両側性外傷後膝関節症	win	名詞
りょうそくせいがいしょうせいぼし	両側性外傷性母指	win	名詞
りょうそくせいがいしょうせいぼしCMかんせつしょう	両側性外傷性母指CM関節症	win	名詞
りょうそくせいがいしょうせいぼししーえむかんせつしょう	両側性外傷性母指CM関節症	win	名詞
りょうそくせいけいせいふぜんせいこかんせつしょう	両側性形成不全性股関節症	win	名詞
りょうそくせいげんぱつせいこかんせつしょう	両側性原発性股関節症	win	名詞
りょうそくせいげんぱつせいしつかんせつしょう	両側性原発性膝関節症	win	名詞
りょうそくせいげんぱつせいぼし	両側性原発性母指	win	名詞
りょうそくせいげんぱつせいぼしCMかんせつしょう	両側性原発性母指CM関節症	win	名詞
りょうそくせいげんぱつせいぼししーえむかんせつしょう	両側性原発性母指CM関節症	win	名詞
りょうそくせいこうおんしょうがいきゅうついがたかんおん	両側性高音障害急墜型感音難聴	win	名詞
りょうそくせいこうおんしょうがいぜんけいがたかんおんな	両側性高音障害漸傾型感音難聴	win	名詞
りょうそくせいこうこうがいれつ	両側性硬口蓋裂	win	名詞
りょうそくせいこんごうせいなんちょう	両側性混合性難聴	win	名詞
りょうそくせいしはん	両側性死斑	mac	名詞
りょうそくせいしん	両側性唇	win	名詞
りょうそくせいしんがく	両側性唇顎	win	名詞
りょうそくせいしんがくこうがいれつ	両側性唇顎口蓋裂	win	名詞
りょうそくせいしんがくこうこうがいれつ	両側性唇顎硬口蓋裂	win	名詞
りょうそくせいしんがくこうなんこうがいれつ	両側性唇顎硬軟口蓋裂	win	名詞
りょうそくせいしんがくてんねんまくかこうがいれつ	両側性唇顎・粘膜下口蓋裂	win	名詞
りょうそくせいしんがくなんこうがいれつ	両側性唇顎軟口蓋裂	win	名詞
りょうそくせいしんがくれつ	両側性唇顎裂	win	名詞
りょうそくせいしんこうがいすいれつ	両側性唇口蓋垂裂	win	名詞
りょうそくせいしんこうがいれつ	両側性唇口蓋裂	win	名詞
りょうそくせいしんこうこうがいれつ	両側性唇硬口蓋裂	win	名詞
りょうそくせいしんこうなんこうがいれつ	両側性唇硬軟口蓋裂	win	名詞
りょうそくせいしんてんねんまくかこうがいれつ	両側性唇・粘膜下口蓋裂	win	名詞
りょうそくせいしんなんこうがいれつ	両側性唇軟口蓋裂	win	名詞
りょうそくせいしんれつ	両側性唇裂	win	名詞
りょうそくせいじんむはっせい	両側性腎無発生	win	名詞
りょうそくせいせんてんせいこかんせつあだっきゅう	両側性先天性股関節亜脱臼	win	名詞
りょうそくせいせんてんせいこかんせつだっきゅう	両側性先天性股関節脱臼	win	名詞
りょうそくせいそけい	両側性鼡径	win	名詞
りょうそくせいそけいへるにあ	両側性鼡径ヘルニア	win	名詞
りょうそくせいぞくはつせいこかんせつしょう	両側性続発性股関節症	win	名詞
りょうそくせいぞくはつせいしつかんせつしょう	両側性続発性膝関節症	win	名詞
りょうそくせいぞくはつせいぼし	両側性続発性母指	win	名詞
りょうそくせいぞくはつせいぼしCMかんせつしょう	両側性続発性母指CM関節症	win	名詞
りょうそくせいぞくはつせいぼししーえむかんせつしょう	両側性続発性母指CM関節症	win	名詞
りょうそくせいだいたい	両側性大腿	win	名詞
りょうそくせいだいたいへるにあ	両側性大腿ヘルニア	win	名詞
りょうそくせいていりゅうせいそう	両側性停留精巣	win	名詞
りょうそくせいでんおんなんちょう	両側性伝音難聴	win	名詞
りょうそくせいなんこうがいれつ	両側性軟口蓋裂	win	名詞
りょうそくせいはんかいしんけいまひ	両側性反回神経麻痺	win	名詞
りょうそくせいふかんぜんしんれつ	両側性不完全唇裂	win	名詞
りょうそくせいわいしょうじん	両側性矮小腎	win	名詞
りょうそくそくふくじんたいそんしょう	両側側副靱帯損傷	win	名詞
りょうそくちょくりつけんさ	両足直立検査	mac	名詞
りょうそくのうんどうまひ	両側の運動麻痺	mac	名詞
りょうそくはいもん	両側肺門	win	名詞
りょうそくはいもんりんぱせつしゅちょう	両側肺門リンパ節腫脹	both	名詞
りょうたい	量体	mac	名詞
りょうだいけっかんうしつきししょう	両大血管右室起始症	both	名詞
りょうだいけっかんうしつきししょうしゅ	両大血管右室起始症手術	win	名詞
りょうだいけっかんさしつきししょう	両大血管左室起始症	win	名詞
りょうちゅうなんこつ	梁柱軟骨	mac	名詞
りょうつい	陵椎	mac	名詞
りょうのう	菱脳	mac	名詞
りょうのうきょう	菱脳峡	mac	名詞
りょうのうしん	菱脳唇	mac	名詞
りょうのうぶんせつ	菱脳分節	mac	名詞
りょうびそく	両鼻側	win	名詞
りょくしきもう	緑色盲	win	名詞
りょくしょくしきもう	緑色色盲	win	名詞
りょくしょくしゅ	緑色腫	win	名詞
りょくしょくべん	緑色便	win	名詞
りょくしょくれんさきゅうきん	緑色連鎖球菌	mac	名詞
りょくないしょう	緑内障	win	名詞
りょくないしょうしゅじゅつ	緑内障手術	win	名詞
りょくないしょうじゅつご	緑内障術後	win	名詞
りょくないしょうせいにゅうとうかんおう	緑内障性乳頭陥凹	win	名詞
りょくないしょうせいはんもん	緑内障性斑紋	win	名詞
りょくないしょうはん	緑内障斑	win	名詞
りょくないしょうほっさ	緑内障発作	mac	名詞
りょくのうきん	緑膿菌	mac	名詞
りょくのうきんかんせん	緑膿菌感染	win	名詞
りょくのうきんかんせんしょう	緑膿菌感染症	both	名詞
りょくのうきんずいまくえん	緑膿菌髄膜炎	win	名詞
りょくのうきんせいがいじえん	緑膿菌性外耳炎	win	名詞
りょくのうきんせいせんてんせいはいえん	緑膿菌性先天性肺炎	win	名詞
りょくのうきんせいちょうえん	緑膿菌性腸炎	win	名詞
りょくのうきんはいえん	緑膿菌肺炎	win	名詞
りょくれんきん	緑連菌	win	名詞
りらぐるちど	リラグルチド	mac	名詞
りりか	リリカ	mac	名詞
りるぞーる	リルゾール	win	名詞
りるまざふぉん	リルマザフォン	mac	名詞
りるまざほんえんさんえんすいわぶつ	リルマザホン塩酸塩水和物	win	名詞
りれんざ	リレンザ	win	名詞
りんきん	輪筋	mac	名詞
りんきんかくさんどうていけんさ	淋菌核酸同定検査	win	名詞
りんきんかんせん	淋菌感染	win	名詞
りんきんかんせんしょう	淋菌感染症	mac	名詞
りんきんせい	淋菌性	win	名詞
りんきんせいいんとうえん	淋菌性咽頭炎	win	名詞
りんきんせいかつまくえん	淋菌性滑膜炎	win	名詞
りんきんせいかんせつえん	淋菌性関節炎	win	名詞
りんきんせいがいいんえん	淋菌性外陰炎	win	名詞
りんきんせいがいいんちつえん	淋菌性外陰腟炎	win	名詞
りんきんせいがいいんちつえん	淋菌性外陰膣炎	win	名詞
りんきんせいきとうえん	淋菌性亀頭炎	win	名詞
りんきんせいけつまくえん	淋菌性結膜炎	win	名詞
りんきんせいけんかつまくえん	淋菌性腱滑膜炎	win	名詞
りんきんせいこうがんえん	淋菌性睾丸炎	win	名詞
りんきんせいこうさいもうようたいえん	淋菌性虹彩毛様体炎	win	名詞
りんきんせいこうないえん	淋菌性口内炎	win	名詞
りんきんせいこつずいえん	淋菌性骨髄炎	win	名詞
りんきんせいしきゅうけいかんえん	淋菌性子宮頚管炎	win	名詞
りんきんせいしんきんえん	淋菌性心筋炎	win	名詞
りんきんせいしんないまくえん	淋菌性心内膜炎	win	名詞
りんきんせいしんまくえん	淋菌性心膜炎	win	名詞
りんきんせいじょせいこつばんえん	淋菌性女性骨盤炎	win	名詞
りんきんせいずいまくえん	淋菌性髄膜炎	win	名詞
りんきんせいせいそうえん	淋菌性精巣炎	win	名詞
りんきんせいせいそうじょうたいえん	淋菌性精巣上体炎	win	名詞
りんきんせいぜんりつせんえん	淋菌性前立腺炎	win	名詞
りんきんせいちつえん	淋菌性腟炎	win	名詞
りんきんせいちつえん	淋菌性膣炎	win	名詞
りんきんせいにょうどうえん	淋菌性尿道炎	both	名詞
りんきんせいにょうどうきょうさく	淋菌性尿道狭窄	win	名詞
りんきんせいのうのうよう	淋菌性脳膿瘍	win	名詞
りんきんせいのうろうがん	淋菌性膿漏眼	win	名詞
りんきんせいはいえん	淋菌性肺炎	win	名詞
りんきんせいはいけつしょう	淋菌性敗血症	win	名詞
りんきんせいばるとりんせんのうよう	淋菌性バルトリン腺膿瘍	win	名詞
りんきんせいふくまくえん	淋菌性腹膜炎	win	名詞
りんきんせいぼうこうえん	淋菌性膀胱炎	win	名詞
りんきんせいらんかんえん	淋菌性卵管炎	win	名詞
りんきんどうてい	淋菌同定	win	名詞
りんぐ18しょうこうぐん	リング18症候群	win	名詞
りんげりーずさいりゅう	リンゲリーズ細粒	win	名詞
りんげるえき	リンゲル液	both	名詞
りんこまいしんえんさんえん	リンコマイシン塩酸塩	win	名詞
りんこまいしんけいやく	リンコマイシン系薬	mac	名詞
りんごびょう	リンゴ病	win	名詞
りんさんかるしうむ	リン酸カルシウム	mac	名詞
りんさんこでいん	リン酸コデイン	both	名詞
りんさんじそぴらみど	リン酸ジソピラミド	win	名詞
りんさんじひどろこでいん	リン酸ジヒドロコデイン	both	名詞
りんさんすいそかるしうむ	リン酸水素カルシウム	win	名詞
りんさんすいそかるしうむすいわぶつ	リン酸水素カルシウム水和物	win	名詞
りんさんそうしつせいにょうさいかんしょうがい	リン酸喪失性尿細管障害	win	名詞
りんししつ	リン脂質	win	名詞
りんしつ	淋疾	win	名詞
りんしつせい	淋疾性	win	名詞
りんしつせいかんせつえん	りん疾性関節炎	win	名詞
りんしつにょうどうえん	淋疾尿道炎	win	名詞
りんしょうい	臨床医	mac	名詞
りんしょうがん	臨床癌	mac	名詞
りんしょうこうか	臨床効果	mac	名詞
りんしょうしかん	臨床歯冠	mac	名詞
りんしょうしこん	臨床歯根	mac	名詞
りんしょうしょうじょう	臨床症状	mac	名詞
りんしょうしんこうど	臨床進行度	win	名詞
りんしょうぞう	臨床像	mac	名詞
りんしょうてきこうか	臨床的効果	mac	名詞
りんしょうひょうてきたいせき	臨床標的体積	mac	名詞
りんしょうぶつりし	臨床物理士	mac	名詞
りんじょう	輪状	mac	名詞
りんじょうあんてん	輪状暗点	both	名詞
りんじょういんとうきんきのうふぜん	輪状咽頭筋機能不全	win	名詞
りんじょうかいよう	輪状潰瘍	mac	名詞
りんじょうかくまく	輪状角膜	win	名詞
りんじょうかくまくじすとろふぃー	輪状角膜ジストロフィー	win	名詞
りんじょうきかんしじんたい	輪状気管支靱帯	mac	名詞
りんじょうきょうふ	臨場恐怖	win	名詞
りんじょうきん	輪状筋	mac	名詞
りんじょうこうじょう	輪状甲状	mac	名詞
りんじょうこうじょうかんせつ	輪状甲状関節	mac	名詞
りんじょうこうじょうかんせつねんざ	輪状甲状関節捻挫	win	名詞
りんじょうこうじょうかんせつほう	輪状甲状関節包	mac	名詞
りんじょうこうじょうかんまく	輪状甲状間膜	mac	名詞
りんじょうこうじょうきん	輪状甲状筋	mac	名詞
りんじょうこうじょうじんたい	輪状甲状靭帯	mac	名詞
りんじょうこうじょうまく	輪状甲状膜	mac	名詞
りんじょうこうとうきん	輪状喉頭筋	mac	名詞
りんじょうこうはん	輪状紅斑	win	名詞
りんじょうこうぶがん	輪状後部癌	win	名詞
りんじょうしっしん	鱗状湿疹	win	名詞
りんじょうしょじょまくせつじょじ	輪状処女膜切除術	win	名詞
りんじょうじんたい	輪状靱帯	mac	名詞
りんじょうすい	輪状膵	both	名詞
りんじょうすいえん	輪状膵炎	win	名詞
りんじょうせいたいまく	輪状声帯膜	mac	名詞
りんじょうなんこつ	輪状軟骨	mac	名詞
りんじょうなんこつけっそん	輪状軟骨欠損	win	名詞
りんじょうなんこつこうぶがた	輪状軟骨後部型	mac	名詞
りんじょうなんこつこうぶれつ	輪状軟骨後部裂	win	名詞
りんじょうなんこつへいさ	輪状軟骨閉鎖	win	名詞
りんじょうひだ	輪状ヒダ	mac	名詞
りんじょうひれつかんせつ	輪状披裂関節	mac	名詞
りんじょうひれつかんせつねんざ	輪状披裂関節捻挫	win	名詞
りんじょうもうまくしょう	輪状網膜症	win	名詞
りんせつ	鱗屑	both	名詞
りんせついでんししょうこうぐん	隣接遺伝子症候群	win	名詞
りんせつめんこうもう	隣接面咬耗	win	名詞
りんそう	輪走	both	名詞
りんたいしゃ	リン代謝	mac	名詞
りんたいしゃしょうがい	リン代謝障害	win	名詞
りんちしょうこうぐん	リンチ症候群	mac	名詞
りんちゅうどく	リン中毒	win	名詞
りんてんようざつおん	輪転様雑音	mac	名詞
りんとんさいりゅう	リントン細粒	win	名詞
りんどうびょう	リンドウ病	win	名詞
りんぱえき	リンパ液	mac	名詞
りんぱかん	リンパ管	both	名詞
りんぱかんえん	リンパ管炎	win	名詞
りんぱかんえんせい	リンパ管炎性	mac	名詞
りんぱかんかくちょうしょう	リンパ管拡張症	win	名詞
りんぱかんけい	リンパ管系	mac	名詞
りんぱかんしゅ	リンパ管腫	win	名詞
りんぱかんしゅきょくしょちゅうにゅう	リンパ管腫局所注入	win	名詞
りんぱかんしゅしょう	リンパ管腫症	win	名詞
りんぱかんそう	リンパ管叢	mac	名詞
りんぱかんにくしゅ	リンパ管肉腫	win	名詞
りんぱかんひふがたすぽろとりこーしす	リンパ管皮膚型スポロトリコーシス	win	名詞
りんぱかんふんごうじゅつ	リンパ管吻合術	win	名詞
りんぱかんへいかつきんしゅしょう	リンパ管平滑筋腫症	win	名詞
りんぱがきゅう	リンパ芽球	mac	名詞
りんぱがきゅうせい	リンパ芽球性	mac	名詞
りんぱがきゅうせいりんぱしゅ	リンパ芽球性リンパ腫	win	名詞
りんぱきかん	リンパ器官	mac	名詞
りんぱきゅう	リンパ球	mac	名詞
りんぱきゅういじょう	リンパ球異常	win	名詞
りんぱきゅうげんしょうがたこてんてきほじきんりんぱしゅ	リンパ球減少型古典的ホジキンリンパ腫	win	名詞
りんぱきゅうげんしょうがたほじきんびょう	リンパ球減少型ホジキン病	win	名詞
りんぱきゅうげんしょうしょう	リンパ球減少症	win	名詞
りんぱきゅうしげきしけん	リンパ球刺激試験	win	名詞
りんぱきゅうせい	リンパ球性	win	名詞
りんぱきゅうせいかすいたいえん	リンパ球性下垂体炎	win	名詞
りんぱきゅうせいかすいたいぜんようえん	リンパ球性下垂体前葉炎	mac	名詞
りんぱきゅうせいかんしつせいはいえん	リンパ球性間質性肺炎	win	名詞
りんぱきゅうせいみゃくらくずいまくえん	リンパ球性脈絡髄膜炎	win	名詞
りんぱきゅうせいるいはっけつびょうはんのう	リンパ球性類白血病反応	win	名詞
りんぱきゅうぞうかしょう	リンパ球増加症	win	名詞
りんぱきゅうほうふがたこてんてきほじきんりんぱしゅ	リンパ球豊富型古典的ホジキンリンパ腫	win	名詞
りんぱきゅうゆうせいがたほじきんびょう	リンパ球優勢型ホジキン病	win	名詞
りんぱきゅうようじゃくか	リンパ球幼若化	win	名詞
りんぱきゅうようじゃくかしけん	リンパ球幼若化試験	mac	名詞
りんぱけいしつさいぼうせいりんぱしゅ	リンパ形質細胞性リンパ腫	win	名詞
りんぱこうせい	リンパ行性	mac	名詞
りんぱこうせいてんい	リンパ行性転移	mac	名詞
りんぱしゅ	リンパ腫	win	名詞
りんぱしゅかんれんけっきゅうどんしょくしょうこうぐん	リンパ腫関連血球貪食症候群	win	名詞
りんぱしゅようきゅうしんしょう	リンパ腫様丘疹症	win	名詞
りんぱしゅようにくげしゅしょう	リンパ腫様肉芽腫症	win	名詞
りんぱしょうせつ	リンパ小節	mac	名詞
りんぱじょうひせいのうほう	リンパ上皮性嚢胞	win	名詞
りんぱせいかすいたいえん	リンパ性下垂体炎	mac	名詞
りんぱせいしゃけい	リンパ性斜頚	win	名詞
りんぱせいはっけつびょう	リンパ性白血病	win	名詞
りんぱせいはっけつびょうこつずいしんじゅん	リンパ性白血病骨髄浸潤	win	名詞
りんぱせいふしゅ	リンパ性浮腫	win	名詞
りんぱせつ	リンパ節	win	名詞
りんぱせつえん	リンパ節炎	both	名詞
りんぱせつかくせい	リンパ節廓清	mac	名詞
りんぱせつがい	リンパ節外	mac	名詞
りんぱせつぐんかくせいじゅつ	リンパ節群郭清術	win	名詞
りんぱせつけっかく	リンパ節結核	win	名詞
りんぱせつさるこいどーしす	リンパ節サルコイドーシス	win	名詞
りんぱせつしゅ	リンパ節腫	win	名詞
りんぱせつしゅだい	リンパ節腫大	win	名詞
りんぱせつしゅちょう	リンパ節腫脹	both	名詞
りんぱせつしゅよう	リンパ節腫瘍	win	名詞
りんぱせつしょう	リンパ節症	win	名詞
りんぱせつてんい	リンパ節転移	both	名詞
りんぱせつとうせんし	リンパ節等穿刺	win	名詞
りんぱせつのうようせっかいじゅつ	リンパ節膿瘍切開術	win	名詞
りんぱせつのりょうせいしゅよう	リンパ節の良性腫瘍	win	名詞
りんぱせつひだい	リンパ節肥大	win	名詞
りんぱせつふれぐもーね	リンパ節フレグモーネ	win	名詞
りんぱせつりょうせいしゅよう	リンパ節良性腫瘍	win	名詞
りんぱせん	リンパ腺	win	名詞
りんぱせんけっかく	リンパ腺結核	win	名詞
りんぱせんこんごうしゅよう	リンパ腺混合腫瘍	win	名詞
りんぱせんしゅちょう	リンパ腺腫脹	win	名詞
りんぱせんてんい	リンパ腺転移	win	名詞
りんぱせんひだい	リンパ腺肥大	win	名詞
りんぱそしききゅうぞうたしょう	リンパ組織球増多症	win	名詞
りんぱぞうしょくせいしっかん	リンパ増殖性疾患	win	名詞
りんぱふしゅ	リンパ浮腫	both	名詞
りんぱほんかん	リンパ本幹	mac	名詞
りんぱみゃっかんきんしゅしょう	リンパ脈管筋腫症	win	名詞
りんぱりゅう	リンパ瘤	win	名詞
りんぱりゅうどう	リンパ流動	mac	名詞
りんぱろほう	リンパ濾胞	mac	名詞
りんびょう	淋病	win	名詞
りんふぉかいん	リンフォカイン	mac	名詞
りんふぉときしん	リンフォトキシン	mac	名詞
りんぶけつまく	輪部結膜	mac	名詞
りんぶしょうがい	輪部傷害	mac	名詞
りんもんじょうかくまくえん	輪紋状角膜炎	win	名詞
りーがーがたちゅうしんせいもうまくえん	リーガー型中心性網膜炎	win	名詞
りーがーしょうこうぐん	リーガー症候群	win	名詞
りーしゅまにあ	リーシュマニア	mac	名詞
りーしゅまにあしょう	リーシュマニア症	win	名詞
りーしょうこうぐん	リー症候群	win	名詞
りーでるかんよう	リーデル肝葉	win	名詞
りーでるよう	リーデル葉	win	名詞
りーどれすぺーすめーかー	リードレスペースメーカー	win	名詞
りーのうしょう	Leigh脳症	win	名詞
りーべるきゅーんのいんか	リーベルキューンの陰窩	mac	名詞
りーるこくひしょう	リール黒皮症	win	名詞
りーるじょしがんめんこくひしょう	リール女子顔面黒皮症	win	名詞
るい	類	mac	名詞
るいえきちゅうそう	涙液中総	win	名詞
るいえきちゅうそうあいじーいーていせい	涙液中総IgE定性	win	名詞
るいえきぶんぴかた	涙液分泌過多	win	名詞
るいえきぶんぴつきのう	涙液分泌機能	win	名詞
るいえきぶんぴていかしょう	涙液分泌低下症	win	名詞
るいえきぶんぴふぜん	涙液分泌不全	win	名詞
るいえきるいどうしりこんちゅーぶ	涙液・涙道シリコンチューブ	win	名詞
るいえんけい	類円形	mac	名詞
るいかん	涙管	win	名詞
るいかんがんしょう	類宦官症	both	名詞
るいかんしゅ	涙管腫	win	名詞
るいかんせん	類乾癬	win	名詞
るいかんそんしょう	涙管損傷	win	名詞
るいかんだんれつ	涙管断裂	win	名詞
るいかんちゅーぶそうにゅうじゅつ	涙管チューブ挿入術	win	名詞
るいかんつうすいつうしきそ	涙管通水・通色素	win	名詞
るいかんねんえき	涙管粘液	win	名詞
るいかんねんえきのうほうしゅ	涙管粘液嚢胞腫	win	名詞
るいき	涙器	both	名詞
るいきせんてんいじょう	涙器先天異常	win	名詞
るいきねんえき	涙器粘液	win	名詞
るいきねんえきのうほうしゅ	涙器粘液嚢胞腫	win	名詞
るいけいしんだん	類型診断	mac	名詞
るいけっせきしょう	涙結石症	win	名詞
るいこつ	涙骨	both	名詞
るいこつ	類骨	mac	名詞
るいこつこつしゅ	類骨骨種	mac	名詞
るいこつこつしゅ	類骨骨腫	win	名詞
るいこつにくしゅ	類骨肉腫	mac	名詞
るいしょうかん	涙小管	both	名詞
るいしょうかんえん	涙小管炎	win	名詞
るいしょうかんきょうさく	涙小管狭窄	win	名詞
るいしょうかんけいせいしゅじゅつ	涙小管形成手術	win	名詞
るいしょうかんけいせいじゅつ	涙小管形成術	win	名詞
るいしょうかんけっせきしょう	涙小管結石症	win	名詞
るいしょうかんのうほう	涙小管嚢胞	win	名詞
るいしょうかんへいそく	涙小管閉塞	win	名詞
るいしょうかんへいそくしょう	涙小管閉塞症	win	名詞
るいしょうかんろう	涙小管瘻	win	名詞
るいしよう	類使用	win	名詞
るいじしょう	類似症	win	名詞
るいじょうひ	類上皮	mac	名詞
るいじょうひけっかんきんしぼうしゅ	類上皮血管筋脂肪腫	win	名詞
るいじょうひさいぼう	類上皮細胞	mac	名詞
るいじょうひさいぼうにくげしゅ	類上皮細胞肉芽腫	win	名詞
るいじょうひにくげしゅ	類上皮肉芽腫	mac	名詞
るいじょうひにくしゅ	類上皮肉腫	both	名詞
るいじんえんがたこつばん	類人猿型骨盤	both	名詞
るいせん	涙腺	win	名詞
るいせんいしゅく	涙腺萎縮	win	名詞
るいせんいそえし	類線維素壊死	mac	名詞
るいせんえん	涙腺炎	both	名詞
るいせんしゅよう	涙腺腫瘍	win	名詞
るいせんしんけい	涙腺神経	mac	名詞
るいせんねんえき	涙腺粘液	win	名詞
るいせんねんえきのうほう	涙腺粘液嚢胞	win	名詞
るいせんねんえきのうほうしゅ	涙腺粘液嚢胞腫	win	名詞
るいせんのうしゅ	涙腺嚢腫	win	名詞
るいせんのうほう	涙腺嚢胞	win	名詞
るいせんひだい	涙腺肥大	win	名詞
るいそう	るいそう	win	名詞
るいたいしょうこうぐん	ルイ体症候群	win	名詞
るいたいせん	類苔癬	win	名詞
るいたんどく	類丹毒	win	名詞
るいたんどくせいはいけつしょう	類丹毒性敗血症	win	名詞
るいてきせっけっきゅう	涙滴赤血球	mac	名詞
るいてん	涙点	win	名詞
るいてんがいはん	涙点外反	win	名詞
るいてんけいせいじゅつ	涙点形成術	win	名詞
るいてんけっそんしょう	涙点欠損症	win	名詞
るいてんないいぶつ	涙点内異物	win	名詞
るいてんぷらぐ	涙点プラグ	win	名詞
るいてんぷらぐそうにゅうじゅつ	涙点プラグ挿入術	win	名詞
るいてんへいそく	涙点閉塞	win	名詞
るいてんへいそくしょう	涙点閉塞症	win	名詞
るいてんぽうそう	類天疱瘡	win	名詞
るいどう	類洞	mac	名詞
るいどうきょうさく	涙道狭窄	win	名詞
るいどうご	類洞後	mac	名詞
るいどうしゅういくう	類洞周囲腔	mac	名詞
るいどうぜん	類洞前	mac	名詞
るいどうそんしょう	涙道損傷	win	名詞
るいどうへいさしょう	涙道閉鎖症	win	名詞
るいどうへいそく	涙道閉塞	mac	名詞
るいどうへいそくしょう	涙道閉塞症	win	名詞
るいどうよう	類洞様	mac	名詞
るいどうろう	涙道瘻	win	名詞
るいないまくがん	類内膜癌	mac	名詞
るいないまくがんびょうへん	類内膜癌病変	mac	名詞
るいないまくせんがん	類内膜腺癌	mac	名詞
るいにくしゅしょう	類肉腫症	win	名詞
るいのう	涙嚢	both	名詞
るいのうえん	涙嚢炎	win	名詞
るいのうか	涙嚢窩	mac	名詞
るいのうしゅういえん	涙嚢周囲炎	win	名詞
るいのうしゅういのうよう	涙嚢周囲膿瘍	win	名詞
るいのうせっかいじゅつ	涙嚢切開術	win	名詞
るいのうてきしゅつじゅつ	涙嚢摘出術	win	名詞
るいのうないやくえきちゅうにゅう	涙嚢内薬液注入	win	名詞
るいのうびくうふんごうじゅつ	涙嚢鼻腔吻合術	win	名詞
るいのうぶけっかんしゅ	涙嚢部血管腫	win	名詞
るいのうぶしゅよう	涙嚢部腫瘍	win	名詞
るいのうぶじーほう	涙嚢ブジー法	win	名詞
るいのうろう	涙嚢瘻	win	名詞
るいのうろうかんへいさじゅつ	涙嚢瘻管閉鎖術	win	名詞
るいはっけつびょうはんのう	類白血病反応	both	名詞
るいひ	類皮	win	名詞
るいひしゅ	類皮腫	win	名詞
るいひのうほう	類皮嚢胞	both	名詞
るいひょうひしゅ	類表皮腫	both	名詞
るいひょうひのうほう	類表皮嚢胞	both	名詞
るいびそ	類鼻疽	win	名詞
るいびそはいえん	類鼻疽肺炎	win	名詞
るいびそはいけつしょう	類鼻疽敗血症	win	名詞
るいれき	るいれき	win	名詞
るごーるえき	ルゴール液	mac	名詞
るごーるせんしょく	ルゴール染色	mac	名詞
るごーるせんしょくほう	ルゴール染色法	mac	名詞
るしゅかこう	ルシュカ孔	both	名詞
るすとろんぼぱぐ	ルストロンボパグ	win	名詞
るちゅうのうよう	流注膿瘍	mac	名詞
るなこーるでぃーえす	ルナコール	win	名詞
るびういるすぞく	ルビウイルス属	mac	名詞
るびんしゅたいんていびしょうこうぐん	ルビンシュタイン・テイビ症候群	win	名詞
るびんすたいんたいびー	ルビンスタイン・タイビー症候群	win	名詞
るびんすたいんてぃびしょうこうぐん	ルビンスタイン・ティビ症候群	win	名詞
るびんてすと	ルビンテスト	win	名詞
るふぉー1がたかいほうこっせつ	ルフォー1型開放骨折	win	名詞
るふぉー1がたこっせつ	ルフォー1型骨折	win	名詞
るふぉー2がたかいほうこっせつ	ルフォー2型開放骨折	win	名詞
るふぉー2がたこっせつ	ルフォー2型骨折	win	名詞
るふぉー3がたかいほうこっせつ	ルフォー3型開放骨折	win	名詞
るふぉー3がたこっせつ	ルフォー3型骨折	win	名詞
るふぉーいちがたかいほうこっせつ	ルフォー1型開放骨折	win	名詞
るふぉーいちがたこっせつ	ルフォー1型骨折	win	名詞
るふぉーがたこっせつ	LeFort型骨折	mac	名詞
るふぉーさんがたかいほうこっせつ	ルフォー3型開放骨折	win	名詞
るふぉーさんがたこっせつ	ルフォー3型骨折	win	名詞
るふぉーにがたかいほうこっせつ	ルフォー2型開放骨折	win	名詞
るふぉーにがたこっせつ	ルフォー2型骨折	win	名詞
るふぉーる	ル・フォール	mac	名詞
るふぉー１がたこっせつ	LeFortⅠ型骨折	mac	名詞
るふぉー２がたこっせつ	LeFortⅡ型骨折	mac	名詞
るふぉー３がたこっせつ	LeFortⅢ型骨折	mac	名詞
るべおーしす	ルベオーシス	win	名詞
るぽいどかんえん	ルポイド肝炎	win	名詞
るみすてろん	ルミステロン	win	名詞
るみすてろんでぃすぽ	ルミステロンディスポ	win	名詞
るみのーるはんのう	ルミノール反応	mac	名詞
るめんたーる	ルメンタール	win	名詞
るりっしゅしょうこうぐん	Leriche症候群	win	名詞
るりっしゅしょうこうぐん	ルリッシュ症候群	win	名詞
るーしーれゔぃーしょうこうぐん	ルーシー・レヴィー症候群	win	名詞
るーぷすあんちこあぐらんと	ループスアンチコアグラント	both	名詞
るーぷすきょうまくえん	ループス胸膜炎	win	名詞
るーぷすけっしょうばんげんしょうしょう	ループス血小板減少症	win	名詞
るーぷすじんえん	ループス腎炎	both	名詞
るーぷすちょうえん	ループス腸炎	win	名詞
るーぷすてんかん	ループスてんかん	win	名詞
るーぷすはいえん	ループス肺炎	mac	名詞
るーぷすはいぞうえん	ループス肺臓炎	win	名詞
るーぷすばんど	ループスバンド	mac	名詞
るーぷすばんどしけん	ループスバンド試験	mac	名詞
るーぷすばんどてすと	ループスバンドテスト	win	名詞
るーぷすぼうこうえん	ループス膀胱炎	win	名詞
るーぷりにょうやく	ループ利尿薬	mac	名詞
るーわいほう	ルーワイ法	mac	名詞
れあぎん	レアギン	mac	名詞
れいかんしょう	冷感症	win	名詞
れいきゃくじしょち	冷却痔処置	win	名詞
れいしきこうたい	冷式抗体	mac	名詞
れいしょう	冷症	win	名詞
れいすいしょっく	冷水ショック	mac	名詞
れいだーしょうこうぐん	レイダー症候群	win	名詞
れいのうよう	冷膿瘍	win	名詞
れいのるずすう	レイノルズ数	mac	名詞
れいのーげんしょう	レイノー現象	both	名詞
れいのーしょうこうぐん	レイノー症候群	both	名詞
れいのーびょう	レイノー病	win	名詞
れいはいようほっさ	礼拝様発作	win	名詞
れおぽるどしょくしんほう	Leopold触診法	win	名詞
れおぽるどしんさつほう	Leopold診察法	win	名詞
れおぽるどしんさつほう	レオポルド診察法	mac	名詞
れきかそう	轢過創	both	名詞
れきそう	轢創	mac	名詞
れぎゅにーる	レギュニール	win	名詞
れぎゅらとりー	レギュラトリー	mac	名詞
れぎゅらとりーＴさいぼう	レギュラトリーT細胞	mac	名詞
れくしっどのそうくぶん	レクシッドの層区分	mac	名詞
れくちんけいろ	レクチン経路	mac	名詞
れくとす	レクトス	win	名詞
れしちんこれすてろーるあしるとらんすふぇらーぜ	レシチン-コレステロールアシルトランスフェラーゼ	mac	名詞
れしちんこれすてろーるあしるとらんすふぇらーぜけっそんしょう	レシチンコレステロールアシルトランスフェラーゼ欠損症	win	名詞
れじおねら	レジオネラ	mac	名詞
れじおねらしょう	レジオネラ症	win	名詞
れじおねらぞく	レジオネラ属	mac	名詞
れじおねらはいえん	レジオネラ肺炎	mac	名詞
れじぱすびる	レジパスビル	win	名詞
れじめん	レジメン	mac	名詞
れすあつ	LES圧	mac	名詞
れすとはそん	レスト破損	win	名詞
れすぴらとーるりょうほう	レスピラトール療法	win	名詞
れすらーじ	レスラー耳	mac	名詞
れせぷたーへんしゅう	レセプター編集	mac	名詞
れせるぴん	レセルピン	mac	名詞
れぜくとすこーぷ	レゼクトスコープ	win	名詞
れちくろ	レチクロ	win	名詞
れちのいど	レチノイド	mac	名詞
れちのいんさん	レチノイン酸	mac	名詞
れちのいんさんじゅようたい	レチノイン酸受容体	mac	名詞
れちのぶらすとーま	レチノブラストーマ	win	名詞
れっくりんぐはうぜんびょう	レックリングハウゼン病	win	名詞
れっくりんぐはうぜんびょうぎしんけいしゅせつじょじゅつ	レックリングハウゼン病偽神経腫切除術	win	名詞
れっこう	裂孔	mac	名詞
れっこう	裂肛	win	名詞
れっこうき	裂孔期	mac	名詞
れっこうげんせい	裂孔原性	win	名詞
れっこうげんせいもうまくはくり	裂孔原性網膜剥離	both	名詞
れっこうこんちしゅじゅつ	裂肛根治手術	win	名詞
れっこうじんたい	裂孔靭帯	mac	名詞
れっこうせいはな	裂溝性鼻	win	名詞
れっこうとうがい	裂孔頭蓋	win	名詞
れっしゅ	裂手	mac	名詞
れっしゅしゅじゅつ	裂手手術	win	名詞
れっしゅないはんしょうこうぐん	Lesch-Nyhan症候群	win	名詞
れっしゅないはんしょうこうぐん	レッシュ・ナイハン症候群	win	名詞
れっしょう	裂傷	win	名詞
れっせいいでんせい	劣性遺伝性	win	名詞
れっせいいでんせいかんかくせい	劣性遺伝性感覚性	win	名詞
れっせいいでんせいかんかくせいにゅーろぱちー	劣性遺伝性感覚性ニューロパチー	win	名詞
れっせいえいようしょうがいがたせんてんせいひょうひすい	劣性栄養障害型先天性表皮水疱症	win	名詞
れっそう	裂創	both	名詞
れっそく	裂足	both	名詞
れっそくしゅじゅつ	裂足手術	win	名詞
れってらーじーべびょう	レッテラー・ジーベ病	win	名詞
れっとうじょうちゅう	裂頭条虫	mac	名詞
れっとうじょうちゅうしょう	裂頭条虫症	mac	名詞
れっとしょうこうぐん	レット症候群	both	名詞
れつげき	裂隙	mac	名詞
れつしゅ	裂手	win	名詞
れつじ	裂痔	win	名詞
れつじょせいいぼじょうぼはん	列序性いぼ状母斑	win	名詞
れつじょせいぼはん	列序性母斑	win	名詞
れつじょせいゆうぜいじょうぼはん	列序性疣贅状母斑	win	名詞
れつのうしょう	裂脳症	both	名詞
れつり	裂離	both	名詞
れつりこっせつ	裂離骨折	win	名詞
れとろういるす	レトロウイルス	mac	名詞
れとろういるすかんせんしょう	レトロウイルス感染症	win	名詞
れなぴりん	レナピリン	win	名詞
れにゅないあんしょうこうぐん	レシュ・ナイアン症候群	mac	名詞
れにん	レニン	mac	名詞
れにんあんじおてんしんあるどすてろんけい	レニン-アンジオテンシン-アルドステロン系	mac	名詞
れにんかっせい	レニン活性	win	名詞
れにんかりゅう	レニン顆粒	mac	名詞
れにんさんせい	レニン産生	mac	名詞
れにんていりょう	レニン定量	win	名詞
れのぐらむ	レノグラム	both	名詞
れのっくすがすとーしょうこうぐん	Lennox-Gastaut症候群	win	名詞
れのっくすがすとーしょうこうぐん	レノックス・ガストー症候群	win	名詞
れのっくすしょうこうぐん	レノックス症候群	win	名詞
ればいでん	レバイデン	win	名詞
ればみぴど	レバミピド	win	名詞
ればみぴどかりゅう	レバミピド顆粒	win	名詞
れびーしょうたい	レビー小体	mac	名詞
れびーしょうたいがたにんちしょう	Lewy小体型認知症	win	名詞
れびーしょうたいがたにんちしょう	レビー小体型認知症	win	名詞
れふぇとふしょうこうぐん	レフェトフ症候群	win	名詞
れふさむしょうこうぐん	レフサム症候群	win	名詞
れふてぃ	レフティ	mac	名詞
れふとーぜしろっぷ	レフトーゼシロップ	win	名詞
れふらーしょうこうぐん	レフラー症候群	win	名詞
れふれるしょうこうぐん	レフレル症候群	both	名詞
れふれるしんきんえん	レフレル心筋炎	win	名詞
れふれるしんないまくえん	レフレル心内膜炎	win	名詞
れぷちん	レプチン	mac	名詞
れぷとすぴら	レプトスピラ	mac	名詞
れぷとすぴらしょう	レプトスピラ症	win	名詞
れぷとすぴらせいずいまくえん	レプトスピラ性髄膜炎	win	名詞
れぷとすぴらぞく	レプトスピラ属	mac	名詞
れぷりーぜ	レプリーゼ	mac	名詞
れぼかばすちんえんさんえん	レボカバスチン塩酸塩	win	名詞
れぼかばすちんえんさんえんてんがん	レボカバスチン塩酸塩点眼液	win	名詞
れぼさいろきしん	レボサイロキシン	mac	名詞
れぼどぱ	レボドパ	mac	名詞
れぼどぱかるびどぱすいわぶつ	レボドパ・カルビドパ水和物	win	名詞
れぼふろきさしん	レボフロキサシン	both	名詞
れぼふろきさしんすいわぶつ	レボフロキサシン水和物	win	名詞
れぼぶのろーるえんさんえん	レボブノロール塩酸塩	win	名詞
れぼほりなーと	レボホリナート	mac	名詞
れぼめぷろまじん	レボメプロマジン	mac	名詞
れぼめぷろまじんまれいんさんえん	レボメプロマジンマレイン酸塩	win	名詞
れみげんえむ	レミゲン	win	名詞
れみふぇんたにる	レミフェンタニル	mac	名詞
れむすいみんこうどうしょうがい	レム睡眠行動障害	win	名詞
れむなんと	レムナント	mac	名詞
れめろん	レメロン	mac	名詞
れもなみんさいりゅう	レモナミン細粒	win	名詞
れりーわいるしょうこうぐん	レリー・ワイル症候群	win	名詞
れるべあ	レルベア	win	名詞
れるみっとちょうこう	レルミット徴候	win	名詞
れるもわいえしょうこうぐん	レルモワイエ症候群	win	名詞
れんあいもうそう	恋愛妄想	mac	名詞
れんぎょう	レンギョウ	win	名詞
れんけつたい	連結帯	mac	名詞
れんごう	連合	mac	名詞
れんごうしかん	連合弛緩	mac	名詞
れんごうせいへんずつう	連合性片頭痛	win	名詞
れんごうせんい	連合繊維	mac	名詞
れんごうにゅーろん	連合ニューロン	mac	名詞
れんごうべんまくしょう	連合弁膜症	both	名詞
れんさかんきん	連鎖桿菌	win	名詞
れんさきゅうきん	連鎖球菌	mac	名詞
れんさきゅうきんかんせんしょう	連鎖球菌感染症	win	名詞
れんさきゅうきんきかんえん	連鎖球菌気管炎	win	名詞
れんさきゅうきんきかんしえん	連鎖球菌気管支炎	win	名詞
れんさきゅうきんしょうこうぐん	連鎖球菌症候群	win	名詞
れんさきゅうきんしょくちゅうどく	連鎖球菌食中毒	win	名詞
れんさきゅうきんせい	連鎖球菌性	win	名詞
れんさきゅうきんせいあんぎな	連鎖球菌性アンギナ	win	名詞
れんさきゅうきんせいいんとうえん	連鎖球菌性咽頭炎	win	名詞
れんさきゅうきんせいかんせつえん	連鎖球菌性関節炎	win	名詞
れんさきゅうきんせいきょうまくえん	連鎖球菌性胸膜炎	win	名詞
れんさきゅうきんせいこうとうえん	連鎖球菌性喉頭炎	win	名詞
れんさきゅうきんせいこうとうきかんえん	連鎖球菌性喉頭気管炎	win	名詞
れんさきゅうきんせいしんないまくえん	連鎖球菌性心内膜炎	win	名詞
れんさきゅうきんせいしんまくえん	連鎖球菌性心膜炎	win	名詞
れんさきゅうきんせいじょうきどうかんせん	連鎖球菌性上気道感染	win	名詞
れんさきゅうきんせいずいまくえん	連鎖球菌性髄膜炎	win	名詞
れんさきゅうきんせいのうようしん	連鎖球菌性膿瘍疹	win	名詞
れんさきゅうきんせいはいえん	連鎖球菌性肺炎	mac	名詞
れんさきゅうきんせいはいけつしょう	連鎖球菌性敗血症	win	名詞
れんさきゅうきんせいへんとうえん	連鎖球菌性扁桃炎	win	名詞
れんさきゅうきんはいえん	連鎖球菌肺炎	win	名詞
れんさじょうきゅうきんせいのうかしん	連鎖状球菌性膿痂疹	win	名詞
れんしゅうようかりぎしゅ	練習用仮義手	win	名詞
れんしゅく	攣縮	mac	名詞
れんしょうさいぼう	レンショウ細胞	mac	名詞
れんじゅもう	連珠毛	win	名詞
れんずかく	レンズ核	mac	名詞
れんずかくせんじょうたいどうみゃく	レンズ核線条体動脈	mac	名詞
れんずかくそく	レンズ核束	mac	名詞
れんずかくはかいじゅつ	レンズ核破壊術	win	名詞
れんずかくへんせい	レンズ核変性	win	名詞
れんずかくわな	レンズ核ワナ	mac	名詞
れんずこうか	レンズ効果	mac	名詞
れんせん	連銭	mac	名詞
れんせんけいせい	連銭形成	mac	名詞
れんぞくけいこうしきふくまくかんりゅう	連続携行式腹膜灌流	win	名詞
れんぞくけっさつ	連続結紮	mac	名詞
れんぞくしんぱくしゅつりょうそくてい	連続心拍出量測定用カテーテル	win	名詞
れんぞくせいざつおん	連続性雑音	both	名詞
れんぞくへんい	連続変異	mac	名詞
れんとげんかいよう	レントゲン潰瘍	win	名詞
れんとげんひふえん	レントゲン皮膚炎	win	名詞
れんにく	レンニク	win	名詞
れんねるとりんぱしゅ	レンネルトリンパ腫	win	名詞
れんのくっすがすとーしょうこうぐん	レンノックス-ガストー症候群	mac	名詞
れんめるしょうこうぐん	レンメル症候群	win	名詞
れヴぃしょうたいがたにんちしょう	レヴィ小体型認知症	mac	名詞
れヴぃしょうたいびょう	レヴィ小体病	mac	名詞
れーざーこうさいせっかい	レーザー虹彩切開	mac	名詞
れーざーじょうさん	レーザー蒸散	mac	名詞
れーざーぜんぼうたんぱくさいぼ	レーザー前房蛋白細胞数	win	名詞
れーざーとるらしょうこうぐん	レーザー・トルラ症候群	win	名詞
れーざーとれらちょうこう	Leser-Trélat徴候	win	名詞
れーざーはっしんげん	レーザー発振源	mac	名詞
れーすじょうこうはん	レース状紅斑	win	名詞
れーすじょうひしん	レース状皮疹	mac	名詞
れーばーいでんせいししんけいいしゅくしょう	レーバー遺伝性視神経萎縮症	win	名詞
れーべるいでんせいししんけいしょう	レーベル遺伝性視神経症	win	名詞
れーヴぃしょうたい	レーヴィ小体	mac	名詞
ろあしじょうちゅうしょう	ロア糸状虫症	win	名詞
ろいこしじん	ロイコシジン	mac	名詞
ろいことりえん	ロイコトリエン	mac	名詞
ろいしんかびんせいていけっとうしょう	ロイシン過敏性低血糖症	win	名詞
ろう	瘻	both	名詞
ろう	聾	win	名詞
ろうあ	聾唖	win	名詞
ろうあんえいほう	労安衛法	mac	名詞
ろうか	老化	win	名詞
ろうがん	老眼	win	名詞
ろうくつしょう	蝋屈症	mac	名詞
ろうけい	聾型	mac	名詞
ろうこう	瘻孔	both	名詞
ろうこうけいせい	瘻孔形成	both	名詞
ろうこうしょうじょう	瘻孔症状	mac	名詞
ろうさ	労作	mac	名詞
ろうさいにゅういんちゅう	労災入院中	win	名詞
ろうさけんあんせいきょうしんしょう	労作兼安静狭心症	win	名詞
ろうさじけんあんせいじきょうしんしょう	労作時兼安静時狭心症	win	名詞
ろうさじこきゅうこんなん	労作時呼吸困難	win	名詞
ろうさせい	労作性	both	名詞
ろうさせいきょうしんしょう	労作性狭心症	both	名詞
ろうさせいしっしん	労作性失神	win	名詞
ろうし	老視	both	名詞
ろうしゅつせいきょうすい	漏出性胸水	win	名詞
ろうしょうこうぐん	ロウ症候群	win	名詞
ろうしょうこうぐんりょくないしょう	ロウ症候群緑内障	win	名詞
ろうしんへき	弄唇癖	win	名詞
ろうじんかん	老人環	win	名詞
ろうじんけんしん	老人検診	win	名詞
ろうじんせい	老人性	win	名詞
ろうじんせいTTRあみろいどーしす	老人性TTRアミロイドーシス	win	名詞
ろうじんせいあみろいどーしす	老人性アミロイドーシス	win	名詞
ろうじんせいいしゅく	老人性萎縮	win	名詞
ろうじんせいいぼ	老人性いぼ	win	名詞
ろうじんせいうつびょう	老人性うつ病	win	名詞
ろうじんせいえんげせいはいえん	老人性嚥下性肺炎	win	名詞
ろうじんせいえんばんじょうおうはんぶへんせいしょう	老人性円板状黄斑部変性症	win	名詞
ろうじんせいえんぱい	老人性円背	win	名詞
ろうじんせいかくかしゅ	老人性角化腫	win	名詞
ろうじんせいかくかしょう	老人性角化症	win	名詞
ろうじんせいかんじだちつえん	老人性カンジダ膣炎	win	名詞
ろうじんせいかんせつえん	老人性関節炎	win	名詞
ろうじんせいかんぴしょう	老人性乾皮症	win	名詞
ろうじんせいがいいんいしゅく	老人性外陰萎縮	win	名詞
ろうじんせいがいいんえん	老人性外陰炎	win	名詞
ろうじんせいがんけんがいはんしょう	老人性眼瞼外反症	win	名詞
ろうじんせいがんけんないはんしょう	老人性眼瞼内反症	win	名詞
ろうじんせいきかんしえん	老人性気管支炎	win	名詞
ろうじんせいきはい	老人性亀背	win	名詞
ろうじんせいけっかんしゅ	老人性血管腫	win	名詞
ろうじんせいけつまくいしゅく	老人性結膜萎縮	win	名詞
ろうじんせいこうがんいしゅく	老人性睾丸萎縮	mac	名詞
ろうじんせいこうひほう	老人性紅皮疱	win	名詞
ろうじんせいこかんせつしょう	老人性股関節症	win	名詞
ろうじんせいこくひしょう	老人性黒皮症	win	名詞
ろうじんせいこついしゅくしょう	老人性骨萎縮症	win	名詞
ろうじんせいこつそしょうしょう	老人性骨粗鬆症	win	名詞
ろうじんせいこつたこうしょう	老人性骨多孔症	win	名詞
ろうじんせいこつなんかしょう	老人性骨軟化症	win	名詞
ろうじんせいしかんせいひふ	老人性弛緩性皮膚	win	名詞
ろうじんせいしきそちんちゃく	老人性色素沈着	win	名詞
ろうじんせいしきそはん	老人性色素斑	win	名詞
ろうじんせいしきゅういしゅく	老人性子宮萎縮	win	名詞
ろうじんせいしきゅうないまくえん	老人性子宮内膜炎	win	名詞
ろうじんせいしせんぞうしょくしょう	老人性脂腺増殖症	win	名詞
ろうじんせいしせんぞうせいしょう	老人性脂腺増生症	win	名詞
ろうじんせいしはん	老人性紫斑	both	名詞
ろうじんせいしはんびょう	老人性紫斑病	win	名詞
ろうじんせいしゅっけつ	老人性出血	win	名詞
ろうじんせいしょはつはくないしょう	老人性初発白内障	win	名詞
ろうじんせいしんけいしょう	老人性神経症	win	名詞
ろうじんせいしんせん	老人性振戦	win	名詞
ろうじんせいじゃくしつ	老人性弱質	win	名詞
ろうじんせいせいしんしょうがい	老人性精神障害	win	名詞
ろうじんせいせいしんびょう	老人性精神病	win	名詞
ろうじんせいせいじゅくはくないしょう	老人性成熟白内障	win	名詞
ろうじんせいそうようしょう	老人性掻痒症	win	名詞
ろうじんせいだつもうしょう	老人性脱毛症	win	名詞
ろうじんせいだんりょくせんいしょう	老人性弾力線維症	win	名詞
ろうじんせいちついしゅく	老人性膣萎縮	win	名詞
ろうじんせいちつえん	老人性膣炎	win	名詞
ろうじんせいどうみゃくこうかしょう	老人性動脈硬化症	win	名詞
ろうじんせいなんちょう	老人性難聴	both	名詞
ろうじんせいのういしゅく	老人性脳委縮	mac	名詞
ろうじんせいのういしゅく	老人性脳萎縮	win	名詞
ろうじんせいのうへんせい	老人性脳変性	win	名詞
ろうじんせいはいえん	老人性肺炎	win	名詞
ろうじんせいはいきしゅ	老人性肺気腫	win	名詞
ろうじんせいはくないしょう	老人性白内障	win	名詞
ろうじんせいはくはん	老人性白斑	win	名詞
ろうじんせいひふいしゅくしょう	老人性皮膚萎縮症	win	名詞
ろうじんせいひふかんそうしょう	老人性皮膚乾燥症	win	名詞
ろうじんせいひふそうようしょう	老人性皮膚掻痒症	win	名詞
ろうじんせいひんけつ	老人性貧血	win	名詞
ろうじんせいぶとうびょう	老人性舞踏病	win	名詞
ろうじんせいへんぺいゆうぜい	老人性扁平疣贅	win	名詞
ろうじんせいほくろ	老人性ほくろ	win	名詞
ろうじんせいむりょくしょう	老人性無力症	win	名詞
ろうじんせいもうそうびょう	老人性妄想病	win	名詞
ろうじんせいやかん	老人性夜間	win	名詞
ろうじんせいやかんせんもう	老人性夜間せん妄	win	名詞
ろうじんせいゆうぜい	老人性疣贅	both	名詞
ろうじんはん	老人斑	both	名詞
ろうすい	老衰	win	名詞
ろうぜつへき	弄舌癖	win	名詞
ろうそう	狼瘡	both	名詞
ろうそうこうはん	狼瘡紅斑	win	名詞
ろうと	漏斗	both	名詞
ろうとかく	漏斗核	mac	名詞
ろうとかんおう	漏斗陥凹	mac	名詞
ろうときょう	漏斗胸	both	名詞
ろうときょうきけい	漏斗胸奇形	win	名詞
ろうときょうしゅじゅつ	漏斗胸手術	win	名詞
ろうねんき	老年期	win	名詞
ろうねんきうつびょう	老年期うつ病	win	名詞
ろうねんきせいしんしょうがい	老年期精神障害	win	名詞
ろうねんきせいしんびょう	老年期精神病	win	名詞
ろうねんきちほう	老年期痴呆	win	名詞
ろうねんきちほうもうそうがた	老年期痴呆妄想型	win	名詞
ろうねんきちほうよくうつがた	老年期痴呆抑うつ型	win	名詞
ろうねんきてきおうしょうがい	老年期適応障害	win	名詞
ろうねんきにんちしょう	老年期認知症	win	名詞
ろうねんきにんちしょうもうそうがた	老年期認知症妄想型	win	名詞
ろうねんきにんちしょうよくうつがた	老年期認知症抑うつ型	win	名詞
ろうねんきもうそうじょうたい	老年期妄想状態	win	名詞
ろうねんせい	老年性	win	名詞
ろうねんせいこかんせつしょう	老年性股関節症	win	名詞
ろうねんせいこくひしょう	老年性黒皮症	win	名詞
ろうねんせいこつそしょうしょう	老年性骨粗鬆症	win	名詞
ろうねんせいしはんびょう	老年性紫斑病	win	名詞
ろうねんせいしゅっけつ	老年性出血	win	名詞
ろうねんせいしんせん	老年性振戦	win	名詞
ろうねんせいしんびょう	老年精神病	win	名詞
ろうねんせいせいしんしょうがい	老年性精神障害	win	名詞
ろうねんせいせいしんびょう	老年性精神病	win	名詞
ろうねんせいそうようしょう	老年性そう痒症	win	名詞
ろうねんせいなんちょう	老年性難聴	win	名詞
ろうねんせいはくないしょう	老年性白内障	win	名詞
ろうねんせいほくろ	老年性ほくろ	win	名詞
ろうねんせいほくろ	老年性黒子	win	名詞
ろうねんちほう	老年痴呆	win	名詞
ろうもう	老耄	win	名詞
ろうようこうたく	蝋様光沢	mac	名詞
ろうれい	老令	win	名詞
ろきさちじんさくさんえすてるえんさんえん	ロキサチジン酢酸エステル塩酸塩	win	名詞
ろきしすろまいしん	ロキシスロマイシン	win	名詞
ろきそにん	ロキソニン	mac	名詞
ろきそぷろふぇん	ロキソプロフェン	win	名詞
ろきそぷろふぇんなとりうむ	ロキソプロフェンナトリウム	both	名詞
ろきそぷろふぇんなとりうむすいわぶつ	ロキソプロフェンナトリウム水和物	win	名詞
ろきそぷろふぇんなとりうむてーぷ	ロキソプロフェン	win	名詞
ろきたんすきーあしょふどう	ロキタンスキー-アショフ洞	mac	名詞
ろきたんすきーけいしつ	ロキタンスキー憩室	win	名詞
ろきたんすきーしょうこうぐん	Rokitansky症候群	win	名詞
ろくうこう	肋烏口	mac	名詞
ろくえー	Ⅵa	mac	名詞
ろくおうとつかんせつ	肋横突関節	mac	名詞
ろくおうとつじんたい	肋横突靱帯	mac	名詞
ろくかんげき	肋間隙	mac	名詞
ろくこうこつ	肋硬骨	mac	名詞
ろくたんとう	六炭糖	mac	名詞
ろくついかんせつ	肋椎関節	mac	名詞
ろくつぎり	六ツ切	win	名詞
ろくなんこつ	肋軟骨	both	名詞
ろくなんこつえん	肋軟骨炎	win	名詞
ろくなんこつかいほうこっせつ	肋軟骨開放骨折	win	名詞
ろくなんこつかんきん	肋軟骨間筋	mac	名詞
ろくなんこつきょうかいりだん	肋軟骨境界離断	win	名詞
ろくなんこつこっせつ	肋軟骨骨折	win	名詞
ろくなんこつしゅよう	肋軟骨腫瘍	win	名詞
ろくなんこつせっかいかしょう	肋軟骨石灰化症	win	名詞
ろくなんこつそんしょう	肋軟骨損傷	win	名詞
ろくなんこつぶざしょう	肋軟骨部挫傷	win	名詞
ろくなんこつぶだぼく	肋軟骨部打撲	win	名詞
ろくなんこつぶだぼくざしょう	肋軟骨部打撲挫傷	win	名詞
ろくなんこつぶつう	肋軟骨部痛	win	名詞
ろくなんこつりだん	肋軟骨離断	win	名詞
ろくなんこつろっこついこうぶつう	肋軟骨肋骨移行部痛	win	名詞
ろくみがん	六味丸	win	名詞
ろくろにうむ	ロクロニウム	mac	名詞
ろさるたんかりうむ	ロサルタンカリウム	win	名詞
ろしあしゅっけつねつ	ロシア出血熱	win	名詞
ろしあしゅんかのうえん	ロシア春夏脳炎	win	名詞
ろしおういるすびょう	ロシオウイルス病	win	名詞
ろしでぃすくほう	濾紙ディスク法	mac	名詞
ろしゅつしずい	露出歯髄	win	名詞
ろしゅつしょう	露出症	both	名詞
ろしゅつせいふくすい	濾出性腹水	win	名詞
ろしゅつりんぱきゅうしょうこうぐん	露出リンパ球症候群	win	名詞
ろじぇーびょう	ロジェー病	win	名詞
ろすく	ROSC	mac	名詞
ろすしゅじゅつ	ロス手術	win	名詞
ろすむんどとむそんしょうこうぐん	ロスムンド・トムソン症候群	win	名詞
ろずい	露髄	win	名詞
ろずぷれんかりゅう	ロズプレン顆粒	win	名詞
ろぜおーるさいりゅう	ロゼオール細粒	win	名詞
ろぜれむ	ロゼレム	mac	名詞
ろたういるす	ロタウイルス	mac	名詞
ろたういるすかんせんしょう	ロタウイルス感染症	both	名詞
ろたういるすこうげん	ロタウイルス抗原	win	名詞
ろたういるすせいいちょうえん	ロタウイルス性胃腸炎	win	名詞
ろたういるすせいちょうえん	ロタウイルス性腸炎	win	名詞
ろっかきん	肋下筋	mac	名詞
ろっかしんけい	肋下神経	mac	名詞
ろっかじょうみゃく	肋下静脈	mac	名詞
ろっかん	肋間	win	名詞
ろっかんきん	肋間筋	mac	名詞
ろっかんきんざしょう	肋間筋挫傷	win	名詞
ろっかんきんそんしょう	肋間筋損傷	win	名詞
ろっかんきんだんれつ	肋間筋断裂	win	名詞
ろっかんきんにくつう	肋間筋肉痛	win	名詞
ろっかんきんふぜんだんれつ	肋間筋不全断裂	win	名詞
ろっかんけっかんそんしょう	肋間血管損傷	win	名詞
ろっかんげき	肋間隙	mac	名詞
ろっかんしんけい	肋間神経	both	名詞
ろっかんしんけいえん	肋間神経炎	win	名詞
ろっかんしんけいこんえん	肋間神経根炎	win	名詞
ろっかんしんけいしょうがい	肋間神経障害	win	名詞
ろっかんしんけいつう	肋間神経痛	win	名詞
ろっかんしんけいぶろっく	肋間神経ブロック	win	名詞
ろっかんしんけいまひ	肋間神経麻痺	win	名詞
ろっかんじょうみゃく	肋間静脈	mac	名詞
ろっかんじょうみゃくそんしょう	肋間静脈損傷	win	名詞
ろっかんつう	肋間痛	win	名詞
ろっかんどうじょうみゃくそんしょう	肋間動静脈損傷	win	名詞
ろっかんどうみゃく	肋間動脈	mac	名詞
ろっかんどうみゃくそんしょう	肋間動脈損傷	win	名詞
ろっかんどうみゃくりゅう	肋間動脈瘤	win	名詞
ろっかんりんぱかん	肋間リンパ管	mac	名詞
ろっきーさんこうはんねつ	ロッキー山紅斑熱	win	名詞
ろっくといんしょうこうぐん	ロックトイン症候群	win	名詞
ろっこつ	肋骨	both	名詞
ろっこついじょうをともなうせんてんせいそくわんしょう	肋骨異常を伴う先天性側弯症	win	名詞
ろっこつおうかくまくかく	肋骨横隔膜角	win	名詞
ろっこつか	肋骨窩	mac	名詞
ろっこつかいほうこっせつ	肋骨開放骨折	win	名詞
ろっこつかえん	肋骨下縁	mac	名詞
ろっこつかく	肋骨角	mac	名詞
ろっこつかりえす	肋骨カリエス	win	名詞
ろっこつがいしょう	肋骨外傷	win	名詞
ろっこつきけい	肋骨奇形	win	名詞
ろっこつきゅう	肋骨弓	mac	名詞
ろっこつきゅうぶざしょう	肋骨弓部挫傷	win	名詞
ろっこつきゅうぶだぼく	肋骨弓部打撲	win	名詞
ろっこつきゅうぶだぼくざしょう	肋骨弓部打撲挫傷	win	名詞
ろっこつきゅうへんけい	肋骨弓変形	win	名詞
ろっこつきょうこつかりえすしゅじゅつ	肋骨・胸骨カリエス手術	win	名詞
ろっこつきょうまく	肋骨胸膜	mac	名詞
ろっこつきょきん	肋骨挙筋	mac	名詞
ろっこつきれつこっせつ	肋骨亀裂骨折	win	名詞
ろっこつけい	肋骨頚	mac	名詞
ろっこつけっせつ	肋骨結節	mac	名詞
ろっこつこう	肋骨溝	mac	名詞
ろっこつこっせつ	肋骨骨折	both	名詞
ろっこつこっせつかんけつてきしゅじゅつ	肋骨骨折観血的手術	win	名詞
ろっこつこっせつこていじゅつ	肋骨骨折固定術	win	名詞
ろっこつこつずいえん	肋骨骨髄炎	win	名詞
ろっこつこつずいえんしゅじゅつ	肋骨骨髄炎手術	win	名詞
ろっこつこつにくしゅ	肋骨骨肉腫	win	名詞
ろっこつざしょう	肋骨挫傷	win	名詞
ろっこつしゅういえん	肋骨周囲炎	win	名詞
ろっこつしゅういのうよう	肋骨周囲膿瘍	win	名詞
ろっこつしゅよう	肋骨腫瘍	win	名詞
ろっこつしんしょくぞう	肋骨侵食像	win	名詞
ろっこつじょうえん	肋骨上縁	mac	名詞
ろっこつすとれいん	肋骨ストレイン	win	名詞
ろっこつせきちゅうかく	肋骨脊柱角	mac	名詞
ろっこつせつじょじゅつ	肋骨切除術	win	名詞
ろっこつせんいせいこついけいせいしょう	肋骨線維性骨異形成症	win	名詞
ろっこつそんしょう	肋骨損傷	win	名詞
ろっこつたい	肋骨体	mac	名詞
ろっこつたはつかいほうこっせつ	肋骨多発開放骨折	win	名詞
ろっこつたはつこっせつ	肋骨多発骨折	win	名詞
ろっこつつう	肋骨痛	win	名詞
ろっこつてんい	肋骨転移	win	名詞
ろっこつとう	肋骨頭	mac	名詞
ろっこつとうかんせつ	肋骨頭関節	mac	名詞
ろっこつとっき	肋骨突起	both	名詞
ろっこつとっきこっせつ	肋骨突起骨折	win	名詞
ろっこつねんざ	肋骨捻挫	win	名詞
ろっこつひろうこっせつ	肋骨疲労骨折	win	名詞
ろっこつふぜんこっせつ	肋骨不全骨折	win	名詞
ろっこつふぜんそんしょう	肋骨不全損傷	win	名詞
ろっこつぶざしょう	肋骨部挫傷	win	名詞
ろっこつぶだぼく	肋骨部打撲	win	名詞
ろっこつぶだぼくざしょう	肋骨部打撲挫傷	win	名詞
ろっこつへいさこっせつ	肋骨閉鎖骨折	win	名詞
ろっこつへんけい	肋骨変形	win	名詞
ろっこつめん	肋骨面	mac	名詞
ろっこつゆうごう	肋骨融合	win	名詞
ろっこつゆーいんぐにくしゅ	肋骨ユーイング肉腫	win	名詞
ろっこつりだん	肋骨離断	win	名詞
ろっこつりょうせいしゅよう	肋骨良性腫瘍	win	名詞
ろっそりーもはんしゃ	Rossolimo反射	win	名詞
ろっそりーもはんしゃ	ロッソリーモ反射	win	名詞
ろとむんどとむそんしょうこうぐん	ロトムンド・トムソン症候群	win	名詞
ろどぷしん	ロドプシン	mac	名詞
ろばーとそんてんざ	Robertson転座	win	名詞
ろひぷのーる	ロヒプノール	mac	名詞
ろびのうしるばーまん	ロビノウ・シルバーマン・スミス症候群	win	名詞
ろふらぜぷさんえちる	ロフラゼプ酸エチル	both	名詞
ろぶしんぐちょうこう	ロブシング兆候	win	名詞
ろぺらまいど	ロペラマイド	mac	名詞
ろぺらみど	ロペラミド	mac	名詞
ろほうがん	濾胞癌	mac	名詞
ろほうけいせい	濾胞形成	mac	名詞
ろほうさいぼう	濾胞細胞	mac	名詞
ろほうじゅじょうさいぼう	濾胞樹状細胞	mac	名詞
ろほうじゅじょうさいぼうしゅよう	濾胞樹状細胞腫瘍	win	名詞
ろほうせい	濾胞性	win	名詞
ろほうせいいんとうえん	濾胞性咽頭炎	win	名詞
ろほうせいかんせん	濾胞性乾癬	win	名詞
ろほうせいこうじょうせんせんしゅ	濾胞性甲状腺腺腫	win	名詞
ろほうせいしのうほう	濾胞性歯嚢胞	mac	名詞
ろほうせいへんとうえん	濾胞性扁桃炎	win	名詞
ろほうせいりんぱしゅ	濾胞性リンパ腫	both	名詞
ろほうりんぱしゅ	濾胞リンパ腫	mac	名詞
ろぼとみーしょうこうぐん	ロボトミー症候群	win	名詞
ろぼみこーしす	ロボミコーシス	win	名詞
ろまのわーどしょうこうぐん	ロマノワード症候群	win	名詞
ろまのわーるしょうこうぐん	ロマノワール症候群	win	名詞
ろむすちん	ロムスチン	mac	名詞
ろめっとさいりゅうしょうによう	ロメット細粒小児用	win	名詞
ろめふろんてんがんえき	ロメフロン点眼液	win	名詞
ろめふろんみにむすがんかじかようえき	ロメフロンミニムス眼科耳科用液	win	名詞
ろらぜぱむ	ロラゼパム	both	名詞
ろらたじん	ロラタジン	win	名詞
ろらたじんどらいしろっぷ	ロラタジンドライシロップ	win	名詞
ろりくりん	ロリクリン	mac	名詞
ろるふぇなみんさいりゅう	ロルフェナミン細粒	win	名詞
ろるめたぜぱむ	ロルメタゼパム	mac	名詞
ろれなっく	ロレナック	win	名詞
ろれるこさいりゅう	ロレルコ細粒	win	名詞
ろんぐふらいとしょうこうぐん	ロングフライト症候群	mac	名詞
ろーずがんべるしけん	ローズガンベル試験	mac	名詞
ろーずべんがるしけん	Rose-Bengal試験	win	名詞
ろーずゆ	ローズ油	win	名詞
ろーぜんしゅたいんちょうこう	ローゼンシュタイン兆候	win	名詞
ろーぜんたーるびょう	ローゼンタール病	win	名詞
ろーぜんみゅらーか	ローゼンミュラー窩	mac	名詞
ろーぜんみゅらーかんおう	ローゼンミュラー陥凹	mac	名詞
ろーたーしょうこうぐん	ローター症候群	win	名詞
ろーてる	ローテル	win	名詞
ろーてるりーふ	ローテルリーフ	win	名詞
ろーてるりーふぱっぷ	ローテルリーフパップ	win	名詞
ろーてーたーかふ	ローテーターカフ	mac	名詞
ろーでしあとりぱのそーましょう	ローデシアトリパノソーマ症	win	名詞
ろーときょう	ロート胸	win	名詞
ろーとこん	ロートコン	win	名詞
ろーのあべんそーどせんしぼうしゅしょう	ローノア・ベンソード腺脂肪腫症	win	名詞
ろーへぱとうせきよう	ローヘパ透析用	win	名詞
ろーらんしょうこうぐん	ローラン症候群	win	名詞
ろーらんどこう	ローランド溝	mac	名詞
ろーるしゃっはてすと	ロールシャッハテスト	mac	名詞
ろーれんすむーんしょうこうぐん	ローレンス・ムーン症候群	win	名詞
